record_id,source_dataset,media_type,attack_type,deepfake_ground_truth,known_device,known_network,unusual_location,unusual_time,behavior_anomaly,requested_action,I_identity_risk,D_device_risk,C_context_anomaly,A_action_criticality,U_identity_uncertainty,overall_risk_score,risk_level,identity_attack_label
DIA-00001,ASVspoof2021-LA,audio,Voice Conversion,1,0,1,0,0,1,Approve Payment,77.7,69.53,44.77,80,84.68,71.63,Medium,1
DIA-00002,Celeb-DF++,video,Face Swap,1,1,0,0,0,1,Reset Password,40.23,47.38,45.78,55,64.99,49.58,Low,1
DIA-00003,ASVspoof2021-LA,audio,Replay,0,1,1,0,0,1,Transfer Funds,32.63,10.69,50.91,100,22.14,41,Low,0
DIA-00004,ASVspoof2021-DF,audio,Replay,0,0,1,0,1,1,Download Sensitive Data,20.71,64.3,76.14,75,3.45,43.03,Low,0
DIA-00005,DFDC,video,Face Reenactment,1,1,1,0,0,0,Create Privileged Account,53.44,11.55,7.44,95,76.33,48.77,Low,1
DIA-00006,ASVspoof2021-PA,audio,Audio Manipulation,1,1,1,1,1,1,Reset Password,71.95,18.76,100,55,90.99,70.85,Medium,1
DIA-00007,ASVspoof2021-LA,audio,Replay,1,0,1,0,0,1,Approve Payment,62.85,69.45,41.86,80,84.23,66.49,Medium,1
DIA-00008,ASVspoof2021-LA,audio,TTS,1,1,1,1,1,0,Approve Payment,57.52,3.39,82.11,80,82.76,62.74,Medium,1
DIA-00009,DFDC,video,Video Manipulation,1,0,0,0,0,0,Download Sensitive Data,44.68,84.97,1.36,75,70.39,51.75,Medium,1
DIA-00010,Celeb-DF++,video,Face Swap,1,1,1,1,0,0,Download Sensitive Data,79.04,16.09,47.85,75,96.2,66.19,Medium,1
DIA-00011,Celeb-DF,video,Talking Face,1,1,0,0,1,1,Approve Payment,64.85,41.36,71.56,80,75.24,67.02,Medium,1
DIA-00012,ASVspoof2021-PA,audio,Voice Conversion,1,1,1,1,0,1,Transfer Funds,71.69,15.22,87.53,100,91.28,74.55,Medium,1
DIA-00013,ASVspoof2021-DF,audio,Replay,0,1,1,0,1,0,Create Privileged Account,27.29,11.23,29.09,95,30.51,36.04,Low,0
DIA-00014,ASVspoof2021-LA,audio,Audio Manipulation,1,0,1,1,0,1,Reset Password,76.61,76.3,73.46,55,72.38,71.85,Medium,1
DIA-00015,Celeb-DF++,video,Talking Face,1,1,1,0,0,0,Transfer Funds,48.85,17.95,13.22,100,75.55,50.1,Medium,1
DIA-00016,DFDC,video,Talking Face,1,0,1,0,0,0,Reset Password,73.4,72.68,8.55,55,80.86,59.05,Medium,1
DIA-00017,ASVspoof2021-DF,audio,Audio Manipulation,1,1,1,0,0,1,Access Internal Portal,87.32,17.96,42.26,35,91.29,60.85,Medium,1
DIA-00018,DFDC,video,Talking Face,1,1,1,0,0,1,Access Internal Portal,76.53,27.78,56.58,35,77.64,59.22,Medium,1
DIA-00019,ASVspoof2021-LA,audio,Audio Manipulation,0,1,1,0,1,0,Approve Payment,8.48,6.81,32.95,80,3.63,22.88,Low,0
DIA-00020,ASVspoof2021-DF,audio,Voice Conversion,0,1,0,0,1,1,Change MFA,6.8,36.63,66.38,70,13.22,33.95,Low,0
DIA-00021,ASVspoof2021-LA,audio,TTS,0,1,1,0,0,1,Create Privileged Account,13.08,12.31,32.4,95,10.22,28.54,Low,0
DIA-00022,Celeb-DF,video,Face Swap,0,1,1,1,0,1,Create Privileged Account,29.13,25.06,77.42,95,17.97,45.83,Low,0
DIA-00023,ASVspoof2021-PA,audio,Replay,0,0,1,0,0,1,Download Sensitive Data,38.69,67.01,51.13,75,29.71,49.08,Low,0
DIA-00024,ASVspoof2021-PA,audio,Replay,0,1,1,0,0,0,Access Internal Portal,9.65,8.66,4.92,35,0,10.43,Low,0
DIA-00025,ASVspoof2021-LA,audio,TTS,0,1,0,1,1,0,Read Information,15.86,39.15,79.4,20,14.94,32.5,Low,0
DIA-00026,DFDC,video,Face Swap,0,1,1,0,0,0,Transfer Funds,29.24,15.84,0.95,100,13.99,29.14,Low,0
DIA-00027,Celeb-DF++,video,Video Manipulation,1,0,0,0,0,0,Reset Password,61.23,100,3.92,55,82.52,58.91,Medium,1
DIA-00028,DFDC,video,Talking Face,1,1,0,0,1,0,Read Information,84.85,36.96,28.74,20,82.93,56.33,Medium,1
DIA-00029,DFDC,video,Video Manipulation,0,1,1,0,0,0,Change MFA,16.37,9.5,13.34,70,5.47,20.6,Low,0
DIA-00030,ASVspoof2021-DF,audio,TTS,0,1,1,0,1,0,Create Privileged Account,30.85,7.72,33.52,95,23.25,36.02,Low,0
DIA-00031,ASVspoof2021-LA,audio,TTS,0,1,1,1,0,0,Read Information,27.21,12.25,42.23,20,43.75,30.2,Low,0
DIA-00032,ASVspoof2021-PA,audio,Voice Conversion,0,1,0,1,0,0,Approve Payment,30.78,60.51,55,80,18.79,45.07,Low,0
DIA-00033,Celeb-DF,video,Video Manipulation,0,1,1,1,0,0,Change MFA,21.05,18.06,53.46,70,10.73,32.36,Low,0
DIA-00034,Celeb-DF,video,Talking Face,0,1,1,0,0,0,Transfer Funds,16.77,19.79,12.38,100,9.63,27.4,Low,0
DIA-00035,Celeb-DF++,video,Video Manipulation,0,1,1,1,0,0,Change MFA,27.61,15,52.07,70,27.31,36.91,Low,0
DIA-00036,DFDC,video,Face Reenactment,1,0,0,0,0,0,Download Sensitive Data,74.78,96.1,4.02,75,77.8,64.46,Medium,1
DIA-00037,DFDC,video,Face Reenactment,1,1,1,0,0,1,Change MFA,76.79,21.29,53.81,70,97.89,67.07,Medium,1
DIA-00038,Celeb-DF++,video,Talking Face,1,1,1,0,0,0,Approve Payment,46.56,19.5,9.29,80,63.91,43.53,Low,1
DIA-00039,DFDC,video,Video Manipulation,0,0,1,1,0,0,Read Information,25.83,72.79,51.88,20,20.19,36.08,Low,0
DIA-00040,ASVspoof2021-DF,audio,Voice Conversion,0,1,0,1,0,1,Read Information,20.78,40.13,87.68,20,23.16,37.42,Low,0
DIA-00041,Celeb-DF++,video,Talking Face,1,1,0,0,1,0,Download Sensitive Data,60,37.18,28.39,75,88.86,58.28,Medium,1
DIA-00042,ASVspoof2021-LA,audio,Audio Manipulation,0,1,1,1,0,0,Change MFA,28.03,18.39,63.27,70,25.24,39.37,Low,0
DIA-00043,ASVspoof2021-DF,audio,Voice Conversion,1,1,1,0,0,0,Access Internal Portal,84.68,15.67,9.81,35,90.56,53.08,Medium,1
DIA-00044,Celeb-DF,video,Video Manipulation,1,1,1,0,0,0,Create Privileged Account,63.45,32.06,10.23,95,93.24,58.79,Medium,1
DIA-00045,ASVspoof2021-LA,audio,Replay,1,1,1,0,0,0,Approve Payment,87.7,23.4,7.11,80,80.01,59.24,Medium,1
DIA-00046,ASVspoof2021-LA,audio,Audio Manipulation,0,0,1,0,1,1,Read Information,10.93,64.61,78.05,20,8.94,33.37,Low,0
DIA-00047,Celeb-DF,video,Face Reenactment,1,0,1,0,0,0,Access Internal Portal,79.55,60.64,18.35,35,83.26,58.53,Medium,1
DIA-00048,Celeb-DF,video,Talking Face,0,1,0,0,0,1,Create Privileged Account,27.74,36.81,46.11,95,32.29,43.77,Low,0
DIA-00049,ASVspoof2021-DF,audio,Voice Conversion,0,1,1,1,0,0,Change MFA,25.29,6.33,39.74,70,22.52,31.49,Low,0
DIA-00050,DFDC,video,Talking Face,0,1,1,0,0,1,Reset Password,38.21,11.33,43.85,55,27.69,35.72,Low,0
DIA-00051,DFDC,video,Face Reenactment,1,1,1,1,0,0,Download Sensitive Data,64,7.24,49.55,75,81.39,57.72,Medium,1
DIA-00052,DFDC,video,Talking Face,1,1,1,0,0,0,Reset Password,80.05,12.38,6.84,55,94.36,54.36,Medium,1
DIA-00053,ASVspoof2021-LA,audio,Audio Manipulation,0,1,1,0,0,0,Read Information,15.71,12.48,3.12,20,1.96,10.6,Low,0
DIA-00054,ASVspoof2021-DF,audio,Voice Conversion,0,1,1,1,0,0,Approve Payment,15.94,16.18,39.12,80,12.3,29.49,Low,0
DIA-00055,ASVspoof2021-DF,audio,Voice Conversion,1,0,1,0,0,0,Approve Payment,51.41,68.34,20.3,80,77.9,57.31,Medium,1
DIA-00056,ASVspoof2021-LA,audio,Voice Conversion,1,1,1,0,0,1,Read Information,88.44,7.78,50.19,20,84.84,57.7,Medium,1
DIA-00057,Celeb-DF++,video,Talking Face,0,1,0,0,0,0,Access Internal Portal,30.55,49.72,10.24,35,16.75,27.27,Low,0
DIA-00058,ASVspoof2021-DF,audio,Replay,0,1,0,1,0,0,Download Sensitive Data,17.74,43.22,45.45,75,21.36,36.42,Low,0
DIA-00059,DFDC,video,Talking Face,1,1,1,0,0,0,Create Privileged Account,72,10.64,12.52,95,87.15,57.38,Medium,1
DIA-00060,DFDC,video,Face Swap,1,1,1,1,0,0,Transfer Funds,72.39,7.91,51.43,100,95.84,67.36,Medium,1
DIA-00061,ASVspoof2021-DF,audio,TTS,1,1,1,1,0,0,Download Sensitive Data,67.12,3.26,47.19,75,65,54.31,Medium,1
DIA-00062,Celeb-DF++,video,Face Swap,0,1,0,0,0,0,Read Information,28.61,27.68,12.73,20,32.55,24.79,Low,0
DIA-00063,ASVspoof2021-DF,audio,Audio Manipulation,0,0,0,0,0,1,Reset Password,16.12,100,48.59,55,10.18,39.84,Low,0
DIA-00064,ASVspoof2021-LA,audio,Audio Manipulation,0,0,1,0,0,0,Reset Password,0,77.53,14.81,55,23.84,27.61,Low,0
DIA-00065,ASVspoof2021-DF,audio,TTS,0,1,1,0,0,1,Transfer Funds,25.86,10.33,38.78,100,14.71,35.01,Low,0
DIA-00066,ASVspoof2021-DF,audio,TTS,1,1,1,0,0,0,Read Information,66.73,25.93,13.02,20,87.01,46.91,Low,1
DIA-00067,ASVspoof2021-DF,audio,Audio Manipulation,0,1,1,0,0,0,Change MFA,11.47,19.93,18.24,70,5.18,21.61,Low,0
DIA-00068,Celeb-DF,video,Talking Face,1,1,1,0,0,0,Download Sensitive Data,56.18,16.63,12.07,75,70.1,47.03,Low,1
DIA-00069,DFDC,video,Face Reenactment,1,0,1,1,0,0,Reset Password,53.85,76.9,65.46,55,85.69,66.17,Medium,1
DIA-00070,Celeb-DF++,video,Talking Face,1,1,1,0,0,0,Approve Payment,62.01,19.95,8.74,80,58.53,47.05,Low,1
DIA-00071,DFDC,video,Face Swap,1,1,1,0,1,0,Access Internal Portal,56.37,16.23,22.98,35,70.16,43.22,Low,1
DIA-00072,Celeb-DF++,video,Face Swap,1,0,1,0,0,0,Transfer Funds,76.61,68.08,4.06,100,93.05,67.62,Medium,1
DIA-00073,ASVspoof2021-LA,audio,Voice Conversion,0,1,1,0,0,1,Change MFA,28.68,14.14,40.31,70,15.44,32.38,Low,0
DIA-00074,DFDC,video,Video Manipulation,0,1,0,0,0,1,Reset Password,17.67,27.14,48.91,55,8.48,29.1,Low,0
DIA-00075,DFDC,video,Video Manipulation,0,1,1,1,0,0,Transfer Funds,28.75,8.59,55.82,100,32.89,42.66,Low,0
DIA-00076,Celeb-DF,video,Face Swap,1,1,1,0,1,0,Access Internal Portal,64.82,29.4,35.95,35,100,56.3,Medium,1
DIA-00077,Celeb-DF,video,Talking Face,1,1,0,0,0,0,Change MFA,63.04,33.38,12.05,70,82.76,53.38,Medium,1
DIA-00078,ASVspoof2021-DF,audio,Audio Manipulation,0,0,1,1,0,0,Read Information,22.4,55.19,63.41,20,29.06,36.49,Low,0
DIA-00079,ASVspoof2021-DF,audio,Audio Manipulation,0,1,1,0,0,0,Download Sensitive Data,37.48,22.23,4.18,75,35.02,33.67,Low,0
DIA-00080,ASVspoof2021-LA,audio,Audio Manipulation,0,1,1,1,0,0,Reset Password,30.08,16.99,49.49,55,19.37,33.59,Low,0
DIA-00081,ASVspoof2021-DF,audio,TTS,0,1,1,0,1,0,Approve Payment,14.72,17.44,31.83,80,11.07,27.61,Low,0
DIA-00082,Celeb-DF++,video,Face Swap,1,1,0,1,0,0,Download Sensitive Data,80.83,38.74,41.78,75,88.01,67.27,Medium,1
DIA-00083,ASVspoof2021-LA,audio,TTS,0,1,1,1,0,1,Approve Payment,37.44,22.29,70.83,80,8.27,42.4,Low,0
DIA-00084,DFDC,video,Face Swap,1,0,1,1,0,1,Transfer Funds,78.86,82.24,94.08,100,91.83,88.18,High,1
DIA-00085,DFDC,video,Face Swap,1,1,1,0,1,0,Transfer Funds,62.39,10.83,29.65,100,79.63,57.2,Medium,1
DIA-00086,DFDC,video,Face Reenactment,0,1,0,0,0,0,Access Internal Portal,13.66,45.06,8.25,35,15.92,20.94,Low,0
DIA-00087,ASVspoof2021-DF,audio,Replay,0,1,0,1,0,0,Download Sensitive Data,11.17,48.95,53.01,75,15.17,35.58,Low,0
DIA-00088,Celeb-DF++,video,Face Reenactment,1,1,1,0,0,0,Create Privileged Account,67.99,10.38,1.67,95,76.37,51.81,Medium,1
DIA-00089,DFDC,video,Face Reenactment,1,1,1,0,0,0,Access Internal Portal,59.29,27.08,4.16,35,81.5,44.23,Low,1
DIA-00090,Celeb-DF++,video,Face Swap,0,0,1,0,0,0,Change MFA,13.2,78.92,9.85,70,3.06,28.88,Low,0
DIA-00091,DFDC,video,Face Swap,0,1,1,0,0,0,Download Sensitive Data,24.86,5.06,6.93,75,13.87,23.63,Low,0
DIA-00092,ASVspoof2021-DF,audio,Audio Manipulation,1,0,1,0,0,0,Create Privileged Account,84.56,82.76,1.07,95,78.12,67.87,Medium,1
DIA-00093,Celeb-DF++,video,Talking Face,1,0,1,0,0,0,Read Information,70.12,60.48,14.25,20,76.64,51.29,Medium,1
DIA-00094,Celeb-DF,video,Face Swap,1,1,1,0,1,1,Create Privileged Account,69.84,9.5,66.75,95,64.14,62.81,Medium,1
DIA-00095,Celeb-DF,video,Video Manipulation,1,1,0,0,1,1,Access Internal Portal,70.79,45.47,70.96,35,80.84,63.67,Medium,1
DIA-00096,ASVspoof2021-DF,audio,Audio Manipulation,1,0,1,0,0,1,Create Privileged Account,83.52,78.33,45.4,95,92.25,78.59,High,1
DIA-00097,Celeb-DF,video,Video Manipulation,0,0,1,0,0,0,Approve Payment,22.26,70.79,16.79,80,19.17,36.49,Low,0
DIA-00098,DFDC,video,Face Swap,1,1,0,1,1,0,Change MFA,73.13,34.96,77.47,70,95.04,72.18,Medium,1
DIA-00099,DFDC,video,Talking Face,0,1,1,0,0,0,Access Internal Portal,20.91,12.92,3.96,35,8.65,15.98,Low,0
DIA-00100,ASVspoof2021-PA,audio,Audio Manipulation,1,1,1,0,1,1,Reset Password,55.29,11.97,78.14,55,76.51,57.56,Medium,1
DIA-00101,ASVspoof2021-PA,audio,Audio Manipulation,1,0,1,1,0,0,Approve Payment,75.3,76.73,46.69,80,94.08,74.25,Medium,1
DIA-00102,ASVspoof2021-DF,audio,TTS,1,0,1,0,0,0,Access Internal Portal,56.37,66.75,4.3,35,80.31,49.1,Low,1
DIA-00103,Celeb-DF,video,Video Manipulation,1,0,1,0,0,0,Approve Payment,70.34,64.79,3.27,80,86.25,60.72,Medium,1
DIA-00104,ASVspoof2021-PA,audio,Voice Conversion,1,1,1,0,0,0,Access Internal Portal,57.91,3.18,0,35,100,43.1,Low,1
DIA-00105,ASVspoof2021-LA,audio,Voice Conversion,1,1,1,0,0,1,Read Information,77.5,10.25,40.74,20,84.09,52.75,Medium,1
DIA-00106,ASVspoof2021-DF,audio,Replay,1,0,1,0,0,0,Download Sensitive Data,64.32,69.05,12.78,75,78.72,59.2,Medium,1
DIA-00107,Celeb-DF++,video,Video Manipulation,1,1,0,0,0,0,Create Privileged Account,53.4,30.96,0.47,95,71.41,49.29,Low,1
DIA-00108,Celeb-DF,video,Face Swap,0,0,1,1,0,1,Transfer Funds,24.8,56.04,96.96,100,15.6,53.36,Medium,0
DIA-00109,DFDC,video,Talking Face,0,1,1,0,0,0,Download Sensitive Data,42.26,22.84,0,75,31.76,33.71,Low,0
DIA-00110,ASVspoof2021-PA,audio,Audio Manipulation,1,0,1,0,0,0,Download Sensitive Data,41,62,4.52,75,82.41,50.24,Medium,1
DIA-00111,Celeb-DF++,video,Talking Face,1,1,1,0,0,0,Approve Payment,67.83,4.53,0,80,96.85,52.4,Medium,1
DIA-00112,DFDC,video,Face Reenactment,1,1,1,0,0,0,Change MFA,54.88,27.56,16.43,70,83.97,51.18,Medium,1
DIA-00113,Celeb-DF,video,Face Swap,1,1,1,0,0,0,Read Information,81.15,21.79,14.57,20,67.12,46.95,Low,1
DIA-00114,ASVspoof2021-DF,audio,Replay,0,0,1,1,0,0,Access Internal Portal,31.98,78.2,48.14,35,25.66,41.33,Low,0
DIA-00115,DFDC,video,Talking Face,0,1,1,1,1,0,Change MFA,25.05,19.04,65.05,70,19.2,37.72,Low,0
DIA-00116,ASVspoof2021-LA,audio,Replay,1,0,1,0,0,0,Approve Payment,76.09,80.49,1.61,80,86.04,64.43,Medium,1
DIA-00117,ASVspoof2021-LA,audio,Audio Manipulation,0,1,0,0,0,0,Reset Password,20.69,47.07,11.75,55,28.14,29.5,Low,0
DIA-00118,ASVspoof2021-DF,audio,Replay,1,1,1,0,0,0,Access Internal Portal,66.07,12.24,5.27,35,81.05,44.17,Low,1
DIA-00119,Celeb-DF++,video,Talking Face,1,1,0,0,0,0,Transfer Funds,59.41,31.48,6.07,100,87.07,56.17,Medium,1
DIA-00120,ASVspoof2021-DF,audio,TTS,1,0,1,0,0,0,Read Information,62.03,59.73,9.48,20,72.82,47.03,Low,1
DIA-00121,ASVspoof2021-DF,audio,Replay,0,0,1,0,0,0,Create Privileged Account,12.9,68.88,7.11,95,1.56,30.19,Low,0
DIA-00122,ASVspoof2021-DF,audio,TTS,1,0,1,0,0,0,Read Information,66.11,61.2,0,20,78.14,47.64,Low,1
DIA-00123,DFDC,video,Talking Face,0,0,0,0,0,0,Reset Password,0,88.62,0.68,55,9.18,23.52,Low,0
DIA-00124,Celeb-DF++,video,Face Swap,0,1,1,0,0,0,Create Privileged Account,29.33,13.78,0.85,95,24.26,30.14,Low,0
DIA-00125,DFDC,video,Video Manipulation,0,0,0,0,0,1,Create Privileged Account,44.42,100,39.91,95,13.23,53.2,Medium,0
DIA-00126,Celeb-DF++,video,Face Reenactment,0,1,1,0,1,0,Change MFA,13.25,2.92,35.63,70,28.87,27.81,Low,0
DIA-00127,Celeb-DF,video,Face Reenactment,1,1,1,0,0,1,Read Information,83.92,15.24,45.34,20,79.29,55.39,Medium,1
DIA-00128,DFDC,video,Face Swap,1,1,0,0,1,0,Transfer Funds,64.52,29.99,43.31,100,82.34,63.98,Medium,1
DIA-00129,DFDC,video,Face Swap,0,1,0,0,0,1,Transfer Funds,16.37,35.55,35.15,100,16.2,35.51,Low,0
DIA-00130,ASVspoof2021-DF,audio,Audio Manipulation,1,0,0,0,0,1,Change MFA,66.8,100,47.14,70,86.39,72.25,Medium,1
DIA-00131,DFDC,video,Face Reenactment,1,1,1,0,0,1,Read Information,71.94,8.21,39.49,20,89.04,51.52,Medium,1
DIA-00132,ASVspoof2021-PA,audio,Replay,1,0,0,1,0,0,Approve Payment,63.07,92.89,63.83,80,100,77.62,High,1
DIA-00133,ASVspoof2021-DF,audio,Audio Manipulation,1,0,1,0,0,0,Create Privileged Account,72.67,71.13,9.26,95,79.74,64.52,Medium,1
DIA-00134,Celeb-DF,video,Talking Face,1,1,0,0,1,0,Create Privileged Account,60.29,45.61,31.07,95,84.89,62.37,Medium,1
DIA-00135,ASVspoof2021-DF,audio,TTS,0,1,0,0,0,0,Approve Payment,6.19,35.62,11.92,80,12.8,24.14,Low,0
DIA-00136,DFDC,video,Face Reenactment,0,1,1,0,1,0,Create Privileged Account,17.78,25.09,36.38,95,25.29,35.68,Low,0
DIA-00137,ASVspoof2021-PA,audio,Voice Conversion,0,1,1,0,0,1,Download Sensitive Data,15.37,11.44,42.34,75,19.88,30.02,Low,0
DIA-00138,Celeb-DF++,video,Face Reenactment,1,0,1,0,0,0,Access Internal Portal,62.4,73.87,14.16,35,84.58,54.8,Medium,1
DIA-00139,ASVspoof2021-LA,audio,TTS,1,1,0,0,0,0,Approve Payment,65.4,38.48,20.57,80,69.91,55.49,Medium,1
DIA-00140,DFDC,video,Talking Face,0,1,0,1,1,1,Access Internal Portal,13.26,45.93,100,35,11.24,38.37,Low,0
DIA-00141,Celeb-DF++,video,Face Reenactment,0,1,0,1,0,0,Approve Payment,39.05,56.22,48.96,80,12.97,44.53,Low,0
DIA-00142,Celeb-DF++,video,Face Reenactment,1,1,0,0,1,1,Access Internal Portal,79.94,37.78,82.44,35,82.96,67.98,Medium,1
DIA-00143,ASVspoof2021-PA,audio,Voice Conversion,0,1,1,0,0,1,Read Information,16.07,14.87,48.37,20,8.58,21.44,Low,0
DIA-00144,ASVspoof2021-DF,audio,Voice Conversion,1,1,0,1,1,0,Change MFA,70.79,36.54,67.32,70,80.03,66.69,Medium,1
DIA-00145,Celeb-DF++,video,Face Swap,1,1,1,0,1,0,Download Sensitive Data,72.99,10.31,35.38,75,81.55,58.08,Medium,1
DIA-00146,Celeb-DF,video,Face Reenactment,0,0,1,1,0,1,Access Internal Portal,30.3,64.41,83.48,35,16.03,43.9,Low,0
DIA-00147,Celeb-DF,video,Video Manipulation,0,1,1,1,0,0,Create Privileged Account,43.68,14.85,46.21,95,20.27,42.88,Low,0
DIA-00148,Celeb-DF++,video,Talking Face,0,1,1,0,0,1,Approve Payment,20.37,8.78,47.2,80,8.74,30.62,Low,0
DIA-00149,Celeb-DF++,video,Talking Face,0,1,1,0,1,0,Create Privileged Account,31.08,9.03,21.85,95,20.1,33.32,Low,0
DIA-00150,DFDC,video,Video Manipulation,1,1,0,0,0,0,Reset Password,51.32,14.68,21.22,55,71.71,44.43,Low,1
DIA-00151,ASVspoof2021-LA,audio,Replay,1,1,1,1,0,0,Approve Payment,58.01,26.08,54.28,80,76.11,59.39,Medium,1
DIA-00152,ASVspoof2021-PA,audio,TTS,0,0,0,0,1,0,Transfer Funds,36.53,100,22.11,100,20.68,49.52,Low,0
DIA-00153,DFDC,video,Face Reenactment,1,1,1,0,0,0,Access Internal Portal,61.25,20.19,14.2,35,59.08,41.31,Low,1
DIA-00154,ASVspoof2021-DF,audio,Voice Conversion,0,1,0,0,0,0,Create Privileged Account,5.16,33.01,13.1,95,35.71,30.51,Low,0
DIA-00155,DFDC,video,Face Reenactment,0,1,1,1,0,0,Approve Payment,22.48,4.89,60.26,80,22.34,36,Low,0
DIA-00156,ASVspoof2021-DF,audio,TTS,1,1,0,1,0,0,Approve Payment,84.9,27.48,62.07,80,91.1,72.23,Medium,1
DIA-00157,Celeb-DF,video,Face Swap,1,1,1,0,0,1,Approve Payment,62.6,20.11,58.25,80,77.95,61.04,Medium,1
DIA-00158,ASVspoof2021-DF,audio,Voice Conversion,1,0,1,0,0,0,Approve Payment,65.54,80.12,8.06,80,84.23,62.14,Medium,1
DIA-00159,ASVspoof2021-DF,audio,Audio Manipulation,0,0,1,0,1,0,Create Privileged Account,0,71.33,38.79,95,1.11,32.93,Low,0
DIA-00160,ASVspoof2021-LA,audio,Replay,1,1,1,1,0,0,Read Information,65.84,21.86,46.64,20,87.87,52.93,Medium,1
DIA-00161,DFDC,video,Video Manipulation,0,0,1,0,1,0,Read Information,28.97,73.56,41.85,20,4.09,31.91,Low,0
DIA-00162,ASVspoof2021-PA,audio,TTS,1,1,1,0,0,0,Read Information,57.37,8.83,0,20,69.92,35.52,Low,1
DIA-00163,DFDC,video,Face Reenactment,1,1,1,1,1,1,Transfer Funds,62.01,23.08,100,100,76.11,72.29,Medium,1
DIA-00164,DFDC,video,Talking Face,1,0,0,0,0,0,Change MFA,57.46,100,6.96,70,94.95,63.12,Medium,1
DIA-00165,ASVspoof2021-DF,audio,Voice Conversion,0,1,1,0,0,1,Transfer Funds,16.29,7.08,44.58,100,6.16,31.1,Low,0
DIA-00166,Celeb-DF,video,Face Reenactment,0,1,1,1,1,1,Transfer Funds,36.41,21.46,100,100,24.11,53.96,Medium,0
DIA-00167,ASVspoof2021-LA,audio,Voice Conversion,1,1,1,0,0,0,Reset Password,70.18,13.82,18.92,55,65.98,48.36,Low,1
DIA-00168,ASVspoof2021-LA,audio,TTS,0,1,1,1,1,0,Read Information,29.3,12.91,70.45,20,19.55,31.73,Low,0
DIA-00169,Celeb-DF,video,Video Manipulation,1,1,1,0,0,0,Create Privileged Account,66.31,18.12,0.95,95,99.19,56.89,Medium,1
DIA-00170,ASVspoof2021-PA,audio,Audio Manipulation,1,0,1,0,0,0,Change MFA,59.18,72.88,7.29,70,86.3,57.9,Medium,1
DIA-00171,Celeb-DF,video,Face Swap,1,1,1,0,0,0,Reset Password,57.46,22.11,5.76,55,62.71,42.5,Low,1
DIA-00172,Celeb-DF++,video,Face Reenactment,0,0,1,0,1,0,Create Privileged Account,22.76,63.21,38.87,95,18.08,41.95,Low,0
DIA-00173,Celeb-DF,video,Talking Face,1,1,1,0,0,0,Change MFA,83.48,19.52,20.68,70,83.69,59.35,Medium,1
DIA-00174,ASVspoof2021-PA,audio,Audio Manipulation,0,1,1,0,0,0,Reset Password,7.65,5.72,20.05,55,24.95,20.4,Low,0
DIA-00175,DFDC,video,Video Manipulation,0,1,1,0,0,0,Change MFA,6.8,13.57,17.63,70,12.8,20.66,Low,0
DIA-00176,DFDC,video,Face Reenactment,1,1,1,0,0,0,Transfer Funds,53.51,14.1,6.01,100,67.42,47.85,Low,1
DIA-00177,Celeb-DF++,video,Talking Face,0,1,0,0,1,0,Reset Password,27.15,47.76,33.87,55,17.56,33.84,Low,0
DIA-00178,ASVspoof2021-PA,audio,Audio Manipulation,1,1,1,0,1,0,Transfer Funds,65.54,15.07,37.97,100,77.12,59.94,Medium,1
DIA-00179,ASVspoof2021-PA,audio,Audio Manipulation,1,1,1,0,0,0,Download Sensitive Data,72.11,12.91,4.61,75,65.59,48.86,Low,1
DIA-00180,ASVspoof2021-LA,audio,Voice Conversion,1,1,1,0,0,0,Read Information,60.41,26.41,5.26,20,80.53,42.24,Low,1
DIA-00181,ASVspoof2021-PA,audio,Audio Manipulation,1,0,0,0,0,0,Read Information,72.8,91.57,12.62,20,85.24,58.15,Medium,1
DIA-00182,ASVspoof2021-PA,audio,Voice Conversion,1,1,1,0,0,1,Download Sensitive Data,67.84,11.23,35.45,75,87.39,57.85,Medium,1
DIA-00183,Celeb-DF++,video,Face Swap,0,1,1,0,1,0,Access Internal Portal,1.01,0,42.65,35,21.41,18.37,Low,0
DIA-00184,Celeb-DF,video,Video Manipulation,1,1,0,0,0,0,Access Internal Portal,76.15,38.27,7.19,35,83.51,51.98,Medium,1
DIA-00185,ASVspoof2021-LA,audio,Audio Manipulation,0,1,1,0,0,0,Change MFA,17.6,7.48,13.78,70,2.89,20.24,Low,0
DIA-00186,ASVspoof2021-DF,audio,Voice Conversion,1,1,1,1,1,0,Change MFA,67.59,12.99,76.45,70,76.37,63.29,Medium,1
DIA-00187,Celeb-DF,video,Face Reenactment,0,0,1,0,1,0,Transfer Funds,21.09,71.92,43.78,100,17.11,44.29,Low,0
DIA-00188,DFDC,video,Face Reenactment,1,1,1,1,0,1,Transfer Funds,60.11,6.32,70.1,100,92.97,66.6,Medium,1
DIA-00189,ASVspoof2021-LA,audio,TTS,0,1,0,0,1,0,Transfer Funds,22.74,33.42,43.82,100,17.72,39.14,Low,0
DIA-00190,Celeb-DF,video,Video Manipulation,0,1,1,0,0,0,Read Information,11.45,2.2,18.67,20,13.67,13.23,Low,0
DIA-00191,ASVspoof2021-PA,audio,TTS,0,1,1,0,0,0,Create Privileged Account,16.28,10.92,11.97,95,13.94,25.95,Low,0
DIA-00192,Celeb-DF,video,Talking Face,0,1,1,0,1,1,Transfer Funds,35.53,7.44,73.65,100,20.81,45.67,Low,0
DIA-00193,DFDC,video,Face Swap,0,0,0,0,0,0,Download Sensitive Data,25.06,100,14.17,75,35.46,43.69,Low,0
DIA-00194,ASVspoof2021-LA,audio,Replay,0,1,1,0,1,0,Transfer Funds,16.06,27.03,28.69,100,15.26,32.66,Low,0
DIA-00195,DFDC,video,Video Manipulation,0,1,1,0,0,1,Create Privileged Account,21.89,25.73,45.38,95,15.1,36.77,Low,0
DIA-00196,DFDC,video,Talking Face,1,0,0,0,1,0,Approve Payment,37.83,84.64,41.23,80,76.8,59.65,Medium,1
DIA-00197,ASVspoof2021-DF,audio,Replay,0,1,1,0,0,1,Change MFA,13.96,13.58,32.49,70,9.4,25.1,Low,0
DIA-00198,ASVspoof2021-LA,audio,Audio Manipulation,1,0,0,0,0,0,Reset Password,67.84,85.37,13.3,55,69.91,58.05,Medium,1
DIA-00199,DFDC,video,Video Manipulation,0,0,0,0,1,1,Change MFA,14.59,100,70.61,70,0,44,Low,0
DIA-00200,Celeb-DF,video,Video Manipulation,1,1,1,1,1,0,Reset Password,56.41,21.65,79.39,55,74.56,59.21,Medium,1
DIA-00201,ASVspoof2021-LA,audio,TTS,0,1,0,0,1,0,Download Sensitive Data,23.28,31.58,26.1,75,28.45,33.88,Low,0
DIA-00202,ASVspoof2021-PA,audio,Replay,1,0,0,0,0,0,Change MFA,80.37,97.96,4.79,70,97.6,69.78,Medium,1
DIA-00203,Celeb-DF++,video,Video Manipulation,1,1,1,0,0,0,Reset Password,58.06,3.14,0.23,55,71.47,40.48,Low,1
DIA-00204,DFDC,video,Face Reenactment,1,1,1,0,0,0,Access Internal Portal,75.63,13.91,0.15,35,84.48,46.95,Low,1
DIA-00205,DFDC,video,Talking Face,0,1,0,0,0,0,Download Sensitive Data,25.97,38.6,15.82,75,19.68,31.93,Low,0
DIA-00206,DFDC,video,Face Swap,1,0,1,1,0,0,Read Information,60.26,75.92,45.88,20,75.54,56.75,Medium,1
DIA-00207,DFDC,video,Video Manipulation,0,1,1,0,0,0,Reset Password,10,22.9,5.36,55,26.28,21.01,Low,0
DIA-00208,ASVspoof2021-DF,audio,Replay,0,1,1,0,0,0,Read Information,37.83,15.16,17.63,20,28.32,25.81,Low,0
DIA-00209,DFDC,video,Talking Face,0,1,0,0,0,1,Reset Password,10.71,38.21,42.6,55,17.93,29.3,Low,0
DIA-00210,Celeb-DF++,video,Video Manipulation,1,1,0,0,1,0,Approve Payment,59.3,14.12,41.75,80,82.44,56.75,Medium,1
DIA-00211,ASVspoof2021-DF,audio,TTS,0,1,0,0,1,0,Approve Payment,39.62,52.5,27.65,80,7.84,38.86,Low,0
DIA-00212,ASVspoof2021-DF,audio,Voice Conversion,1,1,1,1,0,0,Read Information,64.74,9.74,47.58,20,95.4,52.48,Medium,1
DIA-00213,DFDC,video,Video Manipulation,0,1,0,0,1,0,Approve Payment,32.88,40.82,28.66,80,25.45,38.81,Low,0
DIA-00214,ASVspoof2021-LA,audio,TTS,0,1,1,0,1,0,Reset Password,6.76,33.07,38.84,55,17.37,26.48,Low,0
DIA-00215,ASVspoof2021-DF,audio,Audio Manipulation,0,1,1,0,0,0,Change MFA,19.52,5.45,8.55,70,10.24,20.93,Low,0
DIA-00216,ASVspoof2021-DF,audio,Voice Conversion,0,1,1,0,0,0,Approve Payment,29.95,15.17,15.12,80,13.63,29.01,Low,0
DIA-00217,DFDC,video,Talking Face,1,1,1,0,1,1,Read Information,65.86,18.97,71.07,20,87.92,57.4,Medium,1
DIA-00218,DFDC,video,Talking Face,1,0,1,0,0,1,Access Internal Portal,72.1,78.74,31.38,35,94.94,63.96,Medium,1
DIA-00219,ASVspoof2021-PA,audio,Replay,1,1,1,0,0,0,Access Internal Portal,74.19,15.01,8.15,35,100,51.39,Medium,1
DIA-00220,Celeb-DF,video,Video Manipulation,0,1,1,0,0,1,Reset Password,13.08,24.4,34.25,55,8.65,24.41,Low,0
DIA-00221,Celeb-DF,video,Face Reenactment,0,1,1,0,1,0,Read Information,42.64,11.67,37.43,20,21.23,29.27,Low,0
DIA-00222,Celeb-DF++,video,Face Swap,1,1,1,0,0,0,Read Information,77.41,19.35,13.89,20,67.5,45.4,Low,1
DIA-00223,ASVspoof2021-DF,audio,Voice Conversion,0,1,1,0,0,0,Download Sensitive Data,14.07,18.31,14.61,75,0,21.14,Low,0
DIA-00224,ASVspoof2021-PA,audio,Replay,0,0,1,0,0,0,Read Information,15.42,69.27,9.14,20,20.57,23.96,Low,0
DIA-00225,Celeb-DF,video,Video Manipulation,1,1,1,1,1,0,Change MFA,92.03,17.59,63.58,70,82.33,69.93,Medium,1
DIA-00226,ASVspoof2021-PA,audio,Audio Manipulation,0,1,1,0,0,0,Access Internal Portal,14.1,8,11.47,35,0,12.97,Low,0
DIA-00227,DFDC,video,Face Reenactment,0,0,1,0,1,0,Transfer Funds,12.81,67.61,37.85,100,4.73,37.5,Low,0
DIA-00228,ASVspoof2021-DF,audio,Audio Manipulation,0,1,0,1,0,0,Access Internal Portal,35.61,29.7,48.72,35,23.99,34.93,Low,0
DIA-00229,ASVspoof2021-DF,audio,TTS,1,1,0,0,1,0,Change MFA,50.59,36.47,35.6,70,83.1,54.89,Medium,1
DIA-00230,DFDC,video,Face Swap,0,1,1,1,0,1,Change MFA,27.14,24.11,71.78,70,4.05,37.42,Low,0
DIA-00231,DFDC,video,Face Swap,1,0,1,0,1,1,Approve Payment,71.93,73.36,70.46,80,96.11,77.9,High,1
DIA-00232,Celeb-DF++,video,Video Manipulation,0,1,1,1,1,0,Access Internal Portal,15.26,17.46,74.24,35,9.55,29.2,Low,0
DIA-00233,ASVspoof2021-PA,audio,TTS,0,1,0,0,0,0,Transfer Funds,0.78,27.21,1.51,100,14.67,22.55,Low,0
DIA-00234,ASVspoof2021-DF,audio,Replay,0,0,1,0,0,0,Reset Password,18.76,72.56,13.7,55,17.03,30.91,Low,0
DIA-00235,ASVspoof2021-PA,audio,Audio Manipulation,1,0,0,1,1,0,Read Information,78.57,94.5,71.54,20,86.54,72.36,Medium,1
DIA-00236,ASVspoof2021-LA,audio,Audio Manipulation,0,0,0,0,1,0,Approve Payment,10.53,99.3,36.6,80,6.2,38.61,Low,0
DIA-00237,Celeb-DF++,video,Video Manipulation,1,1,1,0,0,1,Download Sensitive Data,58.02,26.07,48.42,75,81.29,58.51,Medium,1
DIA-00238,ASVspoof2021-LA,audio,TTS,0,0,1,0,0,0,Approve Payment,31.82,66.73,12.3,80,22.38,38.49,Low,0
DIA-00239,DFDC,video,Face Reenactment,0,1,1,0,1,1,Transfer Funds,28.81,12.48,60.61,100,17.41,41.12,Low,0
DIA-00240,DFDC,video,Talking Face,0,0,1,0,0,1,Change MFA,19.02,77.35,42.31,70,17.66,39.8,Low,0
DIA-00241,ASVspoof2021-LA,audio,Replay,1,0,1,0,0,0,Transfer Funds,76.13,65.17,24.91,100,95.95,71.79,Medium,1
DIA-00242,ASVspoof2021-LA,audio,Replay,0,1,0,0,0,1,Transfer Funds,25.66,40.7,54.77,100,14.17,42.59,Low,0
DIA-00243,DFDC,video,Talking Face,1,1,1,1,0,0,Download Sensitive Data,90.68,0,55.84,75,95.55,68.73,Medium,1
DIA-00244,Celeb-DF++,video,Face Reenactment,1,1,0,1,1,1,Create Privileged Account,83.31,37.54,100,95,85.93,82.06,High,1
DIA-00245,ASVspoof2021-DF,audio,TTS,1,0,1,1,1,0,Read Information,55.71,80.44,68.08,20,93.75,64.14,Medium,1
DIA-00246,ASVspoof2021-LA,audio,Voice Conversion,1,1,1,0,0,0,Download Sensitive Data,58.75,17.68,8.86,75,69.03,47.1,Low,1
DIA-00247,ASVspoof2021-DF,audio,Voice Conversion,1,0,0,0,0,0,Read Information,59.28,100,7.04,20,93.55,55.9,Medium,1
DIA-00248,Celeb-DF++,video,Talking Face,1,1,0,0,0,0,Change MFA,69.41,47.65,9.41,70,79.57,56.27,Medium,1
DIA-00249,Celeb-DF,video,Video Manipulation,0,1,1,0,0,1,Approve Payment,19.66,25.79,34.87,80,35.92,35.92,Low,0
DIA-00250,Celeb-DF++,video,Talking Face,1,1,1,0,1,1,Read Information,58.6,12.22,76.68,20,85.57,54.86,Medium,1
DIA-00251,ASVspoof2021-DF,audio,Replay,1,0,1,1,0,0,Change MFA,77.48,77.54,31.19,70,94.02,70.42,Medium,1
DIA-00252,ASVspoof2021-LA,audio,TTS,0,1,1,0,0,1,Change MFA,34,32.98,51,70,19.05,39.66,Low,0
DIA-00253,Celeb-DF++,video,Talking Face,1,1,0,0,0,0,Access Internal Portal,64.87,39.79,16.13,35,89.34,51.77,Medium,1
DIA-00254,Celeb-DF,video,Face Reenactment,1,1,1,0,0,0,Download Sensitive Data,68.3,4.44,26.29,75,90.2,55.7,Medium,1
DIA-00255,DFDC,video,Face Swap,0,0,1,0,0,0,Create Privileged Account,7.36,65.24,8.25,95,12.56,30.41,Low,0
DIA-00256,ASVspoof2021-LA,audio,TTS,1,0,0,0,0,1,Transfer Funds,65.25,98.75,41.36,100,90.19,75.7,High,1
DIA-00257,ASVspoof2021-LA,audio,Audio Manipulation,0,1,1,0,0,0,Transfer Funds,12.7,1.71,10.84,100,0,21.23,Low,0
DIA-00258,DFDC,video,Video Manipulation,0,1,0,1,1,0,Transfer Funds,29.14,33.9,78.92,100,13.49,47.31,Low,0
DIA-00259,DFDC,video,Talking Face,0,1,1,0,0,0,Access Internal Portal,20.82,12.36,9.37,35,17.4,18.7,Low,0
DIA-00260,ASVspoof2021-DF,audio,Audio Manipulation,1,1,1,0,1,1,Read Information,67.37,15.88,61.72,20,88.36,55.61,Medium,1
DIA-00261,DFDC,video,Face Swap,0,0,1,0,0,0,Access Internal Portal,13.94,84.37,13.91,35,24.23,29.72,Low,0
DIA-00262,ASVspoof2021-LA,audio,Voice Conversion,1,1,1,1,0,0,Transfer Funds,49.35,20.5,50,100,77.06,58.29,Medium,1
DIA-00263,Celeb-DF,video,Video Manipulation,0,1,0,1,1,0,Access Internal Portal,40.66,31.09,67.94,35,18.65,39.43,Low,0
DIA-00264,DFDC,video,Face Swap,0,0,1,0,1,0,Create Privileged Account,0,100,23.63,95,19.84,37.94,Low,0
DIA-00265,ASVspoof2021-PA,audio,Replay,1,1,1,0,0,0,Change MFA,70.64,14.87,27.28,70,95.02,58.38,Medium,1
DIA-00266,DFDC,video,Face Swap,0,1,1,0,0,1,Approve Payment,23.41,1.56,50.82,80,24.51,34.32,Low,0
DIA-00267,Celeb-DF,video,Face Reenactment,1,1,1,1,0,0,Create Privileged Account,68.08,6.69,53.92,95,82.64,62.99,Medium,1
DIA-00268,DFDC,video,Face Reenactment,0,1,1,1,0,1,Transfer Funds,27.91,6.74,84.2,100,41.91,49.61,Low,0
DIA-00269,DFDC,video,Face Reenactment,1,1,1,0,0,1,Read Information,63.71,4.22,49.83,20,83.64,49.44,Low,1
DIA-00270,DFDC,video,Video Manipulation,1,1,1,0,0,0,Reset Password,73.18,19.1,2.63,55,87.24,51.04,Medium,1
DIA-00271,DFDC,video,Video Manipulation,0,1,0,0,0,0,Read Information,3.55,18.66,11.4,20,27.58,14.66,Low,0
DIA-00272,DFDC,video,Talking Face,0,1,1,0,0,0,Change MFA,21.61,22.86,11.7,70,31.15,28.98,Low,0
DIA-00273,DFDC,video,Talking Face,0,1,1,0,0,0,Reset Password,10.54,21.52,2.81,55,21,19.4,Low,0
DIA-00274,ASVspoof2021-DF,audio,TTS,1,1,1,0,0,0,Create Privileged Account,61.3,11.35,9.27,95,74.21,51.04,Medium,1
DIA-00275,ASVspoof2021-DF,audio,TTS,1,1,0,0,0,0,Approve Payment,61.6,47.33,7.11,80,83.41,55.68,Medium,1
DIA-00276,Celeb-DF,video,Face Swap,0,1,1,0,1,1,Read Information,21.18,6.26,64.65,20,21.95,27.61,Low,0
DIA-00277,Celeb-DF,video,Video Manipulation,0,1,1,0,1,1,Change MFA,28.52,8.26,66.23,70,36.7,40.88,Low,0
DIA-00278,Celeb-DF++,video,Face Swap,1,1,1,0,0,0,Approve Payment,65.61,19.4,0,80,100,54.59,Medium,1
DIA-00279,ASVspoof2021-LA,audio,Voice Conversion,0,1,1,0,0,1,Approve Payment,33.26,13.32,52.44,80,14.92,37.45,Low,0
DIA-00280,ASVspoof2021-LA,audio,Audio Manipulation,1,0,1,0,1,1,Create Privileged Account,82.49,65,80.94,95,95.3,84,High,1
DIA-00281,DFDC,video,Talking Face,1,1,1,0,0,0,Access Internal Portal,69.4,14.09,3.52,35,77.01,44.29,Low,1
DIA-00282,DFDC,video,Talking Face,0,0,0,0,0,0,Transfer Funds,25.51,100,17.77,100,17.25,44.66,Low,0
DIA-00283,DFDC,video,Face Swap,1,1,1,1,0,1,Transfer Funds,98.27,25.24,84.78,100,83.76,81.98,High,1
DIA-00284,Celeb-DF,video,Talking Face,0,1,0,0,0,1,Access Internal Portal,7.45,43.41,44.93,35,28.89,28.76,Low,0
DIA-00285,ASVspoof2021-DF,audio,Replay,0,1,1,0,0,0,Approve Payment,29.84,12.16,0.93,80,21.6,27.28,Low,0
DIA-00286,Celeb-DF++,video,Face Reenactment,1,1,1,0,0,0,Approve Payment,82.99,19.17,6.1,80,90.39,59.07,Medium,1
DIA-00287,DFDC,video,Talking Face,1,0,1,0,0,0,Transfer Funds,70.77,63.1,13.73,100,85.14,65.47,Medium,1
DIA-00288,Celeb-DF,video,Video Manipulation,1,0,1,0,0,0,Read Information,86.94,79.35,3.17,20,92.12,60.04,Medium,1
DIA-00289,Celeb-DF++,video,Face Reenactment,1,0,0,0,0,1,Access Internal Portal,90.51,100,39.81,35,93.32,74.03,Medium,1
DIA-00290,DFDC,video,Face Reenactment,0,1,1,0,0,1,Create Privileged Account,19.29,30.45,41.44,95,10.66,35.02,Low,0
DIA-00291,ASVspoof2021-LA,audio,Voice Conversion,1,1,0,0,1,0,Read Information,63.14,33.58,11.15,20,67.59,42.73,Low,1
DIA-00292,DFDC,video,Video Manipulation,1,1,1,1,0,0,Change MFA,76.84,7.59,52.3,70,74.26,60,Medium,1
DIA-00293,ASVspoof2021-PA,audio,TTS,0,1,1,0,0,0,Reset Password,11.13,19.41,14.46,55,0.29,17.45,Low,0
DIA-00294,DFDC,video,Video Manipulation,0,1,1,0,0,0,Download Sensitive Data,47.82,12.81,12.55,75,25.71,35.17,Low,0
DIA-00295,ASVspoof2021-LA,audio,Audio Manipulation,1,1,1,0,0,1,Change MFA,79.68,22.99,51.6,70,79.57,64.09,Medium,1
DIA-00296,ASVspoof2021-PA,audio,Voice Conversion,1,1,1,0,1,0,Create Privileged Account,66.51,25.54,31.89,95,92.45,62.9,Medium,1
DIA-00297,ASVspoof2021-PA,audio,Replay,0,0,0,1,1,1,Read Information,12.49,100,100,20,17.29,45.2,Low,0
DIA-00298,ASVspoof2021-LA,audio,Audio Manipulation,1,1,1,0,0,0,Download Sensitive Data,68.77,15.47,4.09,75,67.67,48.55,Low,1
DIA-00299,ASVspoof2021-LA,audio,Audio Manipulation,0,1,1,0,0,0,Download Sensitive Data,4.96,22.04,8.43,75,9.55,19.64,Low,0
DIA-00300,ASVspoof2021-DF,audio,Voice Conversion,0,1,0,0,0,0,Download Sensitive Data,26.36,35.86,7.74,75,0,26.08,Low,0
DIA-00301,ASVspoof2021-LA,audio,TTS,0,0,1,0,0,1,Read Information,0,71.74,46.3,20,1.7,23.36,Low,0
DIA-00302,DFDC,video,Talking Face,1,1,0,0,0,0,Change MFA,81.22,39.57,8.32,70,82.89,59.04,Medium,1
DIA-00303,Celeb-DF++,video,Face Swap,0,1,1,0,0,0,Transfer Funds,13.33,14.15,9.28,100,6.83,24.34,Low,0
DIA-00304,Celeb-DF++,video,Face Swap,0,1,0,1,0,0,Download Sensitive Data,4.39,54.59,45.25,75,30.06,35.82,Low,0
DIA-00305,ASVspoof2021-LA,audio,Audio Manipulation,0,1,1,0,0,0,Read Information,17.82,4.26,6.93,20,23.19,15.01,Low,0
DIA-00306,Celeb-DF++,video,Face Reenactment,1,1,0,0,0,0,Approve Payment,66.19,39.96,0,80,80.6,53.97,Medium,1
DIA-00307,Celeb-DF,video,Talking Face,1,0,1,1,0,1,Transfer Funds,75.29,70.43,90.62,100,98.67,86.01,High,1
DIA-00308,ASVspoof2021-DF,audio,TTS,0,0,0,1,0,0,Create Privileged Account,38.18,100,42.85,95,12.77,51.83,Medium,0
DIA-00309,Celeb-DF,video,Face Swap,1,0,1,0,0,0,Read Information,70.19,61.22,6.57,20,81.56,50.87,Medium,1
DIA-00310,DFDC,video,Face Swap,0,1,0,0,0,0,Read Information,26.76,37.61,2.58,20,26.37,22.46,Low,0
DIA-00311,Celeb-DF++,video,Face Reenactment,0,0,0,1,0,0,Access Internal Portal,20.26,90.23,53.99,35,7.03,37.07,Low,0
DIA-00312,Celeb-DF++,video,Face Swap,1,1,0,0,0,0,Reset Password,70.7,21.98,6.2,55,90.84,52.17,Medium,1
DIA-00313,DFDC,video,Face Reenactment,1,1,1,0,0,0,Transfer Funds,51.61,24.3,0,100,82.54,50.64,Medium,1
DIA-00314,Celeb-DF,video,Face Reenactment,0,1,1,0,0,0,Change MFA,20.84,3.24,11.97,70,22.5,24.13,Low,0
DIA-00315,Celeb-DF,video,Talking Face,1,1,0,1,0,0,Transfer Funds,62.66,27.17,44.77,100,98.84,66.6,Medium,1
DIA-00316,Celeb-DF,video,Talking Face,0,1,1,0,0,0,Read Information,32.52,22.58,9.84,20,24.23,22.96,Low,0
DIA-00317,Celeb-DF,video,Face Reenactment,1,0,1,0,0,0,Create Privileged Account,66.83,67.32,15.83,95,84.84,64.53,Medium,1
DIA-00318,ASVspoof2021-DF,audio,Voice Conversion,1,0,1,0,0,0,Create Privileged Account,73.29,67.6,3.09,95,71.85,61.36,Medium,1
DIA-00319,Celeb-DF,video,Face Swap,1,1,1,0,0,0,Transfer Funds,68.89,12.75,9.64,100,86.11,56.73,Medium,1
DIA-00320,ASVspoof2021-PA,audio,Voice Conversion,0,1,1,0,0,0,Download Sensitive Data,37.87,23.59,4.6,75,17.15,30.5,Low,0
DIA-00321,ASVspoof2021-PA,audio,Audio Manipulation,1,1,1,0,0,0,Download Sensitive Data,48.84,10.59,16.91,75,78.1,46.49,Low,1
DIA-00322,Celeb-DF++,video,Video Manipulation,1,1,1,0,1,0,Read Information,64.75,19.76,35.55,20,78.93,48.28,Low,1
DIA-00323,Celeb-DF,video,Face Reenactment,0,1,1,0,1,0,Transfer Funds,7.44,5.87,34.84,100,18.28,28.74,Low,0
DIA-00324,Celeb-DF++,video,Video Manipulation,0,1,0,1,1,0,Approve Payment,0.45,42.64,66.31,80,3.2,32.43,Low,0
DIA-00325,ASVspoof2021-LA,audio,Replay,1,1,1,0,1,0,Approve Payment,54.72,22.22,40.25,80,82.59,56.32,Medium,1
DIA-00326,ASVspoof2021-DF,audio,TTS,0,0,0,0,0,0,Reset Password,30.89,100,16.14,55,10.35,37.82,Low,0
DIA-00327,ASVspoof2021-LA,audio,Audio Manipulation,1,0,1,0,0,0,Read Information,65.67,57.61,4.64,20,67.23,45.72,Low,1
DIA-00328,Celeb-DF++,video,Face Reenactment,0,1,1,0,0,0,Approve Payment,15.58,12.63,11.08,80,12.82,23.35,Low,0
DIA-00329,ASVspoof2021-DF,audio,Replay,1,0,1,0,0,0,Approve Payment,74.51,82.79,14.12,80,89.8,67.56,Medium,1
DIA-00330,Celeb-DF,video,Talking Face,0,1,1,0,1,0,Access Internal Portal,19.27,22.37,50.53,35,9.82,26.46,Low,0
DIA-00331,ASVspoof2021-DF,audio,Voice Conversion,1,1,1,1,1,0,Create Privileged Account,77.75,13.41,77.74,95,87.67,72.67,Medium,1
DIA-00332,DFDC,video,Talking Face,1,1,1,0,0,1,Read Information,74.55,15.03,45,20,82.37,53.09,Medium,1
DIA-00333,ASVspoof2021-DF,audio,Replay,0,1,1,0,1,0,Approve Payment,23.97,17.38,33.91,80,8.67,30.31,Low,0
DIA-00334,ASVspoof2021-LA,audio,Voice Conversion,1,1,1,0,0,0,Read Information,61.05,12.02,9.33,20,87.28,42.44,Low,1
DIA-00335,DFDC,video,Face Reenactment,1,1,1,1,0,0,Create Privileged Account,82.52,19.38,55.37,95,81.77,69.34,Medium,1
DIA-00336,ASVspoof2021-DF,audio,Replay,0,1,0,0,0,1,Change MFA,9.67,43.92,38.83,70,17.79,31.31,Low,0
DIA-00337,DFDC,video,Face Swap,0,0,1,1,1,0,Reset Password,22.05,61.08,81.53,55,4.37,41.21,Low,0
DIA-00338,ASVspoof2021-DF,audio,TTS,1,1,1,0,0,0,Approve Payment,78.07,11.08,0,80,87.75,54.63,Medium,1
DIA-00339,DFDC,video,Video Manipulation,1,1,1,0,0,0,Create Privileged Account,64.31,11.37,14.66,95,88.69,55.92,Medium,1
DIA-00340,ASVspoof2021-PA,audio,Voice Conversion,0,0,0,0,0,0,Download Sensitive Data,13.26,92.96,16.61,75,18.48,36.19,Low,0
DIA-00341,DFDC,video,Talking Face,1,1,1,0,1,0,Approve Payment,91.17,17.16,40.64,80,97.83,69.62,Medium,1
DIA-00342,ASVspoof2021-PA,audio,Replay,0,1,1,1,1,0,Read Information,38.6,16.44,76.89,20,27.46,37.92,Low,0
DIA-00343,ASVspoof2021-LA,audio,Audio Manipulation,0,0,0,0,0,0,Create Privileged Account,19.56,89.24,12.76,95,19.58,39.97,Low,0
DIA-00344,ASVspoof2021-DF,audio,Replay,1,1,1,0,1,0,Download Sensitive Data,55.32,25.72,32.2,75,88.45,55.83,Medium,1
DIA-00345,ASVspoof2021-LA,audio,Replay,0,1,0,0,0,0,Access Internal Portal,0,40.04,2.13,35,8.64,13.41,Low,0
DIA-00346,ASVspoof2021-LA,audio,Audio Manipulation,0,1,1,0,1,1,Change MFA,30.8,26.71,71.75,70,24.39,42.97,Low,0
DIA-00347,ASVspoof2021-PA,audio,Audio Manipulation,1,1,0,0,0,0,Approve Payment,79.92,51.52,10.48,80,87.18,63.24,Medium,1
DIA-00348,Celeb-DF,video,Face Swap,0,0,1,0,0,0,Create Privileged Account,22.35,61.53,16.47,95,34.24,40.33,Low,0
DIA-00349,ASVspoof2021-DF,audio,Replay,0,1,1,1,1,0,Download Sensitive Data,4.18,11.08,74.01,75,15.51,32.07,Low,0
DIA-00350,DFDC,video,Face Swap,1,1,1,0,1,0,Reset Password,67.76,11.66,36.11,55,72.37,52.02,Medium,1
DIA-00351,ASVspoof2021-DF,audio,Audio Manipulation,1,0,1,0,0,0,Reset Password,60.64,72.51,12.01,55,84.44,56.61,Medium,1
DIA-00352,DFDC,video,Face Swap,1,0,1,0,1,0,Approve Payment,67.78,75.81,39.01,80,75.38,66.58,Medium,1
DIA-00353,ASVspoof2021-DF,audio,TTS,1,1,1,0,0,0,Create Privileged Account,87.38,16.18,16.64,95,95.4,65.3,Medium,1
DIA-00354,ASVspoof2021-DF,audio,TTS,0,1,1,0,0,0,Approve Payment,26.68,10.59,3.32,80,25.39,27.33,Low,0
DIA-00355,Celeb-DF++,video,Talking Face,0,0,0,0,0,0,Create Privileged Account,24.34,100,14.91,95,12.6,42.05,Low,0
DIA-00356,Celeb-DF++,video,Face Swap,1,1,1,0,0,1,Download Sensitive Data,70.5,11.49,43.74,75,75.28,57.93,Medium,1
DIA-00357,ASVspoof2021-LA,audio,TTS,0,1,0,0,0,1,Change MFA,27.56,45.93,49.5,70,20.08,39.57,Low,0
DIA-00358,ASVspoof2021-LA,audio,Replay,0,1,1,1,0,1,Change MFA,20.05,14.7,95.35,70,8.88,39.57,Low,0
DIA-00359,Celeb-DF++,video,Video Manipulation,1,0,1,1,0,0,Change MFA,77.1,69.48,35.24,70,78.73,66.85,Medium,1
DIA-00360,ASVspoof2021-DF,audio,Replay,1,1,1,0,0,1,Read Information,68.87,20.39,53.5,20,79.66,53.35,Medium,1
DIA-00361,ASVspoof2021-PA,audio,Voice Conversion,1,1,0,1,0,1,Download Sensitive Data,66.96,52.34,84.17,75,89.36,73.9,Medium,1
DIA-00362,DFDC,video,Talking Face,0,0,0,1,0,0,Access Internal Portal,31.97,97.44,44.01,35,6.64,39.59,Low,0
DIA-00363,DFDC,video,Talking Face,0,1,1,1,0,0,Transfer Funds,0,11.09,46.94,100,5.21,27.09,Low,0
DIA-00364,DFDC,video,Face Reenactment,0,1,1,0,0,0,Create Privileged Account,12.01,26.84,2.78,95,36.59,29.75,Low,0
DIA-00365,ASVspoof2021-DF,audio,Replay,1,1,0,0,0,0,Change MFA,72.75,43.95,13.55,70,100,61.63,Medium,1
DIA-00366,Celeb-DF++,video,Face Swap,0,0,1,0,0,1,Download Sensitive Data,36.47,71.36,37.76,75,32.01,46.85,Low,0
DIA-00367,ASVspoof2021-LA,audio,TTS,0,1,1,0,0,0,Read Information,23.19,23.22,18.43,20,18.19,20.76,Low,0
DIA-00368,ASVspoof2021-DF,audio,Replay,0,1,1,0,1,0,Download Sensitive Data,10.61,17.58,39.84,75,21.42,29.32,Low,0
DIA-00369,Celeb-DF,video,Face Reenactment,1,1,1,0,1,0,Create Privileged Account,65.44,34.66,36.59,95,79.9,62.38,Medium,1
DIA-00370,ASVspoof2021-PA,audio,TTS,1,1,0,1,0,0,Download Sensitive Data,74.2,40.01,35.75,75,61.21,58.9,Medium,1
DIA-00371,ASVspoof2021-LA,audio,TTS,0,0,0,1,0,0,Create Privileged Account,40.17,100,40.74,95,16.91,52.83,Medium,0
DIA-00372,Celeb-DF,video,Video Manipulation,0,1,0,0,0,0,Read Information,28.13,43.54,9.44,20,14.77,22.81,Low,0
DIA-00373,Celeb-DF,video,Face Reenactment,0,1,1,1,0,1,Transfer Funds,38.21,18.51,84.82,100,21.81,50.57,Medium,0
DIA-00374,Celeb-DF,video,Face Swap,0,0,1,1,0,0,Reset Password,23.72,67.1,56.58,55,22.28,41.2,Low,0
DIA-00375,DFDC,video,Talking Face,1,1,1,0,0,0,Read Information,54.22,12.14,0,20,95.41,40.17,Low,1
DIA-00376,DFDC,video,Talking Face,0,1,1,1,0,0,Download Sensitive Data,7.53,18.97,44.69,75,14.17,28.13,Low,0
DIA-00377,ASVspoof2021-PA,audio,Voice Conversion,1,0,1,0,0,1,Download Sensitive Data,67.69,63.05,50.86,75,74.89,66.16,Medium,1
DIA-00378,Celeb-DF++,video,Video Manipulation,1,1,0,0,1,1,Access Internal Portal,78.69,35.4,67.64,35,84.91,64.68,Medium,1
DIA-00379,Celeb-DF,video,Face Reenactment,1,1,1,1,0,1,Reset Password,70.48,15.12,81.73,55,90.42,66.09,Medium,1
DIA-00380,ASVspoof2021-DF,audio,Replay,1,1,1,0,0,1,Transfer Funds,77.29,24.92,33.71,100,85.31,65.73,Medium,1
DIA-00381,ASVspoof2021-DF,audio,Replay,0,1,1,0,1,0,Access Internal Portal,9.26,15.64,42.41,35,7.08,20.27,Low,0
DIA-00382,ASVspoof2021-PA,audio,Replay,0,1,1,1,0,0,Read Information,15.96,15.52,46.61,20,20.71,23.58,Low,0
DIA-00383,ASVspoof2021-LA,audio,TTS,0,1,1,0,0,0,Create Privileged Account,33.49,6.53,17.66,95,10.09,30.83,Low,0
DIA-00384,Celeb-DF++,video,Talking Face,1,0,1,0,0,0,Approve Payment,74.44,83.57,20.26,80,77.7,66.46,Medium,1
DIA-00385,Celeb-DF,video,Talking Face,0,0,1,0,0,0,Change MFA,14.63,78.86,19.22,70,19.4,34.44,Low,0
DIA-00386,ASVspoof2021-PA,audio,TTS,0,0,1,0,0,0,Reset Password,8.86,79.76,9.77,55,7.15,26.26,Low,0
DIA-00387,ASVspoof2021-DF,audio,TTS,0,1,0,0,0,0,Create Privileged Account,28.44,28.38,6.61,95,15.94,31.55,Low,0
DIA-00388,ASVspoof2021-PA,audio,Replay,0,1,1,0,0,0,Create Privileged Account,27.64,17.81,6.13,95,19.05,30.25,Low,0
DIA-00389,DFDC,video,Face Swap,1,0,0,1,0,0,Read Information,78.03,87.49,63.78,20,86.13,69.51,Medium,1
DIA-00390,ASVspoof2021-LA,audio,Audio Manipulation,1,1,1,0,0,1,Create Privileged Account,69.04,21.17,43.52,95,75.55,61.95,Medium,1
DIA-00391,ASVspoof2021-DF,audio,TTS,1,0,1,0,0,0,Change MFA,53.96,72.57,17.37,70,83.45,57.74,Medium,1
DIA-00392,DFDC,video,Video Manipulation,1,0,1,0,0,1,Reset Password,70.84,74.15,48.38,55,76.45,65.59,Medium,1
DIA-00393,ASVspoof2021-DF,audio,Replay,0,1,0,0,0,0,Reset Password,33.48,34.27,7.12,55,35.23,31.9,Low,0
DIA-00394,ASVspoof2021-DF,audio,Voice Conversion,0,1,1,0,0,1,Change MFA,13,6.68,43.23,70,11.64,26.38,Low,0
DIA-00395,DFDC,video,Face Reenactment,0,1,1,0,0,0,Download Sensitive Data,18.52,9.87,18.28,75,22.1,26.36,Low,0
DIA-00396,Celeb-DF++,video,Face Reenactment,1,1,0,0,0,0,Transfer Funds,83.99,42.46,10.22,100,94.6,67.53,Medium,1
DIA-00397,ASVspoof2021-LA,audio,Replay,1,1,0,0,0,0,Read Information,62.65,38.06,6.82,20,79.47,44.76,Low,1
DIA-00398,Celeb-DF,video,Video Manipulation,0,1,1,0,0,0,Download Sensitive Data,16.6,17.03,4.35,75,7.45,21.14,Low,0
DIA-00399,Celeb-DF++,video,Face Swap,1,0,0,0,0,1,Read Information,56.15,86.81,47.24,20,87.6,59.83,Medium,1
DIA-00400,Celeb-DF++,video,Talking Face,0,1,1,0,0,0,Read Information,24.86,14.95,6.38,20,5.41,15.06,Low,0
DIA-00401,Celeb-DF,video,Video Manipulation,0,1,1,0,0,0,Reset Password,9.85,26.16,14.16,55,3.04,18.57,Low,0
DIA-00402,ASVspoof2021-PA,audio,Voice Conversion,1,0,1,0,0,0,Create Privileged Account,48.9,72.66,27.81,95,84.69,62.32,Medium,1
DIA-00403,ASVspoof2021-LA,audio,Replay,1,0,0,0,0,0,Reset Password,55.51,98.16,13.63,55,79.07,58.17,Medium,1
DIA-00404,DFDC,video,Face Swap,1,0,1,1,1,0,Reset Password,73.29,73.22,87.63,55,78.96,74.54,Medium,1
DIA-00405,ASVspoof2021-PA,audio,Audio Manipulation,1,1,0,0,0,0,Transfer Funds,48.62,35.9,5,100,74.67,50.9,Medium,1
DIA-00406,ASVspoof2021-LA,audio,TTS,0,0,1,0,0,0,Reset Password,2.76,83.05,14.79,55,5.53,25.6,Low,0
DIA-00407,Celeb-DF,video,Face Reenactment,1,0,1,0,1,0,Create Privileged Account,72.15,72.86,43.79,95,100,75.58,High,1
DIA-00408,ASVspoof2021-LA,audio,Voice Conversion,1,0,1,0,0,0,Create Privileged Account,65.2,71.42,19.66,95,92.47,66.95,Medium,1
DIA-00409,DFDC,video,Face Reenactment,1,1,0,0,0,0,Approve Payment,55.95,45.5,18.95,80,73.57,54.11,Medium,1
DIA-00410,ASVspoof2021-PA,audio,TTS,0,1,0,0,0,1,Transfer Funds,19.47,47.53,45.12,100,14.05,39.8,Low,0
DIA-00411,ASVspoof2021-DF,audio,Replay,1,1,0,0,0,0,Transfer Funds,85.12,30.04,16.23,100,93.65,67.02,Medium,1
DIA-00412,ASVspoof2021-DF,audio,TTS,0,1,0,0,0,0,Read Information,32.1,40.45,2.88,20,11.24,21.52,Low,0
DIA-00413,DFDC,video,Video Manipulation,0,1,1,0,1,1,Access Internal Portal,21.82,32.88,81.25,35,12.43,35.46,Low,0
DIA-00414,ASVspoof2021-PA,audio,TTS,1,0,0,1,0,1,Change MFA,84.98,100,78.33,70,85.56,83.77,High,1
DIA-00415,DFDC,video,Face Reenactment,1,1,1,0,0,1,Approve Payment,72.33,14.15,53.78,80,77.15,62.01,Medium,1
DIA-00416,Celeb-DF,video,Video Manipulation,1,0,1,0,0,0,Reset Password,46.48,75.82,17.3,55,88.49,54.72,Medium,1
DIA-00417,DFDC,video,Face Swap,1,1,1,1,1,1,Approve Payment,54.52,12.39,100,80,74.2,65.05,Medium,1
DIA-00418,ASVspoof2021-LA,audio,TTS,0,0,1,0,0,0,Transfer Funds,8,72.83,24.46,100,12.95,35.81,Low,0
DIA-00419,DFDC,video,Talking Face,1,1,1,0,0,1,Read Information,53.67,11.33,52.37,20,81.47,47.57,Low,1
DIA-00420,ASVspoof2021-PA,audio,TTS,0,1,1,0,0,0,Create Privileged Account,20.99,11.2,0.71,95,31.52,28.67,Low,0
DIA-00421,ASVspoof2021-DF,audio,Audio Manipulation,1,1,1,1,0,0,Change MFA,64.95,10.27,54.13,70,82.46,58.84,Medium,1
DIA-00422,DFDC,video,Face Reenactment,0,0,0,0,0,1,Transfer Funds,27.68,100,31.77,100,38.15,52.29,Medium,0
DIA-00423,DFDC,video,Video Manipulation,1,1,0,1,1,0,Approve Payment,75.85,36.16,74.36,80,82.7,71.59,Medium,1
DIA-00424,DFDC,video,Face Swap,1,1,1,0,1,0,Read Information,73.59,24.13,32.04,20,83.41,51.79,Medium,1
DIA-00425,ASVspoof2021-DF,audio,TTS,1,0,0,0,0,1,Transfer Funds,60.76,91.55,49.46,100,90.62,74.98,Medium,1
DIA-00426,ASVspoof2021-LA,audio,Audio Manipulation,0,1,1,0,0,0,Read Information,23.67,10.63,4.24,20,35.2,19.58,Low,0
DIA-00427,DFDC,video,Video Manipulation,0,1,1,0,0,0,Reset Password,7.49,18.12,4.45,55,11.49,16.4,Low,0
DIA-00428,ASVspoof2021-LA,audio,Audio Manipulation,0,1,0,0,0,0,Download Sensitive Data,25.82,29.61,13.51,75,29.58,32.06,Low,0
DIA-00429,DFDC,video,Face Reenactment,0,1,1,0,0,0,Transfer Funds,31.45,20.32,18.22,100,27.49,36.62,Low,0
DIA-00430,ASVspoof2021-LA,audio,Voice Conversion,1,1,0,0,0,0,Access Internal Portal,73.95,38.91,10.02,35,78.64,51,Medium,1
DIA-00431,ASVspoof2021-PA,audio,Replay,0,1,1,0,0,0,Download Sensitive Data,16.05,10.59,26.26,75,15.85,26.08,Low,0
DIA-00432,ASVspoof2021-LA,audio,Voice Conversion,1,1,1,1,0,1,Read Information,82.23,8.88,82.6,20,87.19,62.96,Medium,1
DIA-00433,ASVspoof2021-DF,audio,TTS,0,1,1,0,0,0,Reset Password,1.13,30.77,14.76,55,3,16.76,Low,0
DIA-00434,ASVspoof2021-LA,audio,Voice Conversion,0,0,0,0,0,1,Reset Password,3.65,94.73,47.39,55,14.39,35.91,Low,0
DIA-00435,DFDC,video,Talking Face,1,0,1,0,0,0,Change MFA,71.13,69.39,7.6,70,85.5,60.87,Medium,1
DIA-00436,DFDC,video,Face Swap,0,1,1,0,0,1,Approve Payment,37.39,21.98,54.18,80,24.72,42.29,Low,0
DIA-00437,DFDC,video,Face Reenactment,0,1,1,0,0,0,Approve Payment,4.45,8.27,3.77,80,13.74,18.08,Low,0
DIA-00438,Celeb-DF++,video,Face Reenactment,0,1,1,0,0,0,Approve Payment,18.17,24.07,0,80,10.54,23.17,Low,0
DIA-00439,ASVspoof2021-LA,audio,TTS,0,0,1,0,0,0,Read Information,22.83,69.71,9.12,20,39.72,30.07,Low,0
DIA-00440,ASVspoof2021-DF,audio,TTS,1,1,0,0,0,1,Create Privileged Account,64.24,28.93,43.2,95,85.01,63.5,Medium,1
DIA-00441,ASVspoof2021-LA,audio,Voice Conversion,0,1,1,0,1,1,Approve Payment,19.27,10.76,77.44,80,28.52,40.59,Low,0
DIA-00442,DFDC,video,Face Swap,0,1,1,0,0,1,Read Information,29.75,6.24,36.25,20,23.38,24.79,Low,0
DIA-00443,ASVspoof2021-DF,audio,Voice Conversion,1,1,1,0,0,0,Transfer Funds,67.19,15.65,13.67,100,97.36,59.71,Medium,1
DIA-00444,DFDC,video,Talking Face,1,0,1,0,0,0,Create Privileged Account,67.24,63.65,12.82,95,76.83,61.9,Medium,1
DIA-00445,Celeb-DF,video,Video Manipulation,1,1,0,0,0,0,Approve Payment,55.19,32.77,12.26,80,80,51.92,Medium,1
DIA-00446,ASVspoof2021-DF,audio,TTS,0,1,0,0,1,0,Change MFA,17.66,42.34,42.31,70,12.38,33.09,Low,0
DIA-00447,ASVspoof2021-PA,audio,Voice Conversion,1,1,1,0,0,1,Create Privileged Account,66.62,15.35,44.84,95,78.51,61.21,Medium,1
DIA-00448,ASVspoof2021-DF,audio,TTS,0,1,1,0,0,0,Reset Password,14.21,24.67,10.37,55,17.96,21.88,Low,0
DIA-00449,DFDC,video,Face Reenactment,0,1,1,0,0,1,Approve Payment,17.04,24.32,48.15,80,14.05,33.2,Low,0
DIA-00450,ASVspoof2021-DF,audio,Voice Conversion,1,0,0,1,0,1,Download Sensitive Data,75.7,95.49,84.29,75,73.08,79.76,High,1
DIA-00451,DFDC,video,Video Manipulation,1,1,0,1,0,0,Download Sensitive Data,61.45,44,40.53,75,79.64,60.32,Medium,1
DIA-00452,ASVspoof2021-PA,audio,Voice Conversion,1,1,0,1,0,0,Create Privileged Account,71.13,28.74,47.13,95,81.31,65.59,Medium,1
DIA-00453,ASVspoof2021-DF,audio,Audio Manipulation,1,1,1,1,1,0,Access Internal Portal,66.98,20.57,73.19,35,91.67,61.4,Medium,1
DIA-00454,DFDC,video,Face Swap,0,1,1,1,0,1,Read Information,17.75,18.29,81.06,20,3.41,27.96,Low,0
DIA-00455,DFDC,video,Face Swap,1,0,0,0,0,0,Download Sensitive Data,44.57,100,7.78,75,73.53,55.88,Medium,1
DIA-00456,DFDC,video,Face Swap,1,1,1,0,0,0,Create Privileged Account,76.42,12.55,11.26,95,79.35,57.18,Medium,1
DIA-00457,ASVspoof2021-PA,audio,Voice Conversion,0,1,1,0,0,0,Reset Password,26.21,12.62,8.08,55,25.26,24.67,Low,0
DIA-00458,Celeb-DF++,video,Face Swap,0,1,0,0,0,0,Download Sensitive Data,9.15,37.67,15.98,75,9.38,24.72,Low,0
DIA-00459,ASVspoof2021-LA,audio,TTS,0,0,0,0,0,0,Transfer Funds,25.5,100,16.09,100,27.79,46.43,Low,0
DIA-00460,ASVspoof2021-DF,audio,TTS,1,0,1,1,0,1,Download Sensitive Data,64.73,72.26,68.35,75,82.76,71.73,Medium,1
DIA-00461,ASVspoof2021-DF,audio,Audio Manipulation,0,1,1,0,0,0,Read Information,14.62,3.03,0,20,20.06,11.85,Low,0
DIA-00462,DFDC,video,Video Manipulation,0,1,0,0,1,0,Transfer Funds,12.17,45.16,18.17,100,24.99,34.06,Low,0
DIA-00463,ASVspoof2021-PA,audio,TTS,1,0,1,0,0,0,Transfer Funds,62.95,66.29,8.08,100,71.92,59.83,Medium,1
DIA-00464,Celeb-DF,video,Video Manipulation,1,0,0,0,0,1,Approve Payment,78.11,100,42.65,80,84.3,75.82,High,1
DIA-00465,ASVspoof2021-DF,audio,TTS,0,1,1,0,0,0,Download Sensitive Data,13.58,19.31,11.06,75,19.18,24.27,Low,0
DIA-00466,ASVspoof2021-DF,audio,Voice Conversion,1,0,0,0,0,0,Download Sensitive Data,62.26,100,15.9,75,84.35,64.98,Medium,1
DIA-00467,ASVspoof2021-DF,audio,Voice Conversion,1,1,0,0,0,0,Download Sensitive Data,74.18,48.31,9.7,75,73.87,57.46,Medium,1
DIA-00468,ASVspoof2021-PA,audio,Voice Conversion,1,1,1,0,0,0,Reset Password,66.68,22.5,5.78,55,89.94,50.77,Medium,1
DIA-00469,DFDC,video,Video Manipulation,0,1,1,0,0,0,Approve Payment,11.49,24.08,9.97,80,15.3,24.11,Low,0
DIA-00470,Celeb-DF++,video,Talking Face,0,1,1,0,0,1,Download Sensitive Data,25.65,21.52,41.54,75,19.57,34.39,Low,0
DIA-00471,Celeb-DF++,video,Talking Face,1,1,0,0,0,1,Create Privileged Account,81.92,34.45,34.66,95,85.49,68.02,Medium,1
DIA-00472,Celeb-DF++,video,Talking Face,0,1,1,0,0,0,Create Privileged Account,29.62,5.85,16.7,95,0,27.35,Low,0
DIA-00473,DFDC,video,Talking Face,1,0,1,0,1,0,Approve Payment,51.43,63.36,37.97,80,84.77,61.48,Medium,1
DIA-00474,DFDC,video,Face Swap,0,0,0,0,0,0,Transfer Funds,3.98,100,20.14,100,18.29,38.88,Low,0
DIA-00475,Celeb-DF,video,Face Reenactment,1,1,0,1,0,0,Change MFA,81.99,22.21,41.34,70,83.7,63.44,Medium,1
DIA-00476,Celeb-DF,video,Face Swap,1,1,0,0,0,0,Create Privileged Account,62.84,39.88,0,95,69.35,52.95,Medium,1
DIA-00477,Celeb-DF++,video,Talking Face,1,1,1,0,0,1,Reset Password,46.8,12.87,38.45,55,73.88,46.69,Low,1
DIA-00478,ASVspoof2021-DF,audio,Voice Conversion,1,1,0,0,0,0,Create Privileged Account,57.97,49.79,12.79,95,90.45,59.76,Medium,1
DIA-00479,ASVspoof2021-DF,audio,Replay,1,1,0,0,0,0,Reset Password,61.17,39.06,16.01,55,78.62,51.39,Medium,1
DIA-00480,Celeb-DF++,video,Talking Face,0,0,1,0,1,0,Approve Payment,14.56,67.05,37,80,15.84,36.99,Low,0
DIA-00481,Celeb-DF++,video,Face Reenactment,0,1,0,1,0,0,Read Information,31.41,50.53,51.01,20,16.85,33.57,Low,0
DIA-00482,DFDC,video,Face Swap,1,1,1,0,0,0,Create Privileged Account,55.78,14.26,15.98,95,83.78,53.08,Medium,1
DIA-00483,ASVspoof2021-DF,audio,Audio Manipulation,1,0,0,1,0,0,Reset Password,81.29,92.97,46.78,55,75.47,71.03,Medium,1
DIA-00484,Celeb-DF,video,Face Reenactment,1,1,0,0,1,1,Access Internal Portal,74.14,36.09,77.4,35,83.71,65.13,Medium,1
DIA-00485,DFDC,video,Face Swap,1,1,1,1,0,0,Reset Password,56.85,17.29,63.9,55,91.08,58.89,Medium,1
DIA-00486,Celeb-DF++,video,Face Reenactment,0,1,1,1,1,0,Change MFA,19.49,12.35,67.56,70,8.62,33.44,Low,0
DIA-00487,Celeb-DF++,video,Video Manipulation,1,0,1,0,0,1,Access Internal Portal,76.44,67.38,43.22,35,83.64,63.66,Medium,1
DIA-00488,DFDC,video,Face Reenactment,1,1,1,0,0,0,Download Sensitive Data,66.44,26.6,0.27,75,93.09,53.84,Medium,1
DIA-00489,ASVspoof2021-DF,audio,Audio Manipulation,1,1,1,0,1,1,Read Information,75.17,15.39,63.24,20,92.51,59.01,Medium,1
DIA-00490,ASVspoof2021-DF,audio,Voice Conversion,1,1,0,0,0,0,Download Sensitive Data,59.54,36.41,12.75,75,85.96,54.32,Medium,1
DIA-00491,ASVspoof2021-DF,audio,Audio Manipulation,1,1,1,0,0,0,Reset Password,72.1,7.04,0,55,88.53,48.64,Low,1
DIA-00492,ASVspoof2021-DF,audio,Replay,1,1,1,0,1,0,Download Sensitive Data,61.62,16.59,29.54,75,85.76,55.28,Medium,1
DIA-00493,ASVspoof2021-DF,audio,TTS,0,1,1,1,0,1,Access Internal Portal,56.01,10.52,92.38,35,23.93,46.89,Low,0
DIA-00494,Celeb-DF,video,Talking Face,1,1,1,0,1,1,Transfer Funds,56.49,12.05,71.56,100,91.04,66.27,Medium,1
DIA-00495,ASVspoof2021-LA,audio,Voice Conversion,0,0,1,1,1,0,Read Information,52.68,63.19,80.38,20,20.95,48.55,Low,0
DIA-00496,ASVspoof2021-DF,audio,TTS,0,1,1,0,0,0,Create Privileged Account,7.54,16.58,0.95,95,4.94,20.18,Low,0
DIA-00497,Celeb-DF++,video,Talking Face,0,0,1,0,0,0,Reset Password,31.98,59.57,10.47,55,7.54,30.38,Low,0
DIA-00498,ASVspoof2021-DF,audio,TTS,0,1,1,1,0,0,Create Privileged Account,32.1,18.29,63.21,95,14.48,42.16,Low,0
DIA-00499,Celeb-DF,video,Talking Face,0,0,0,0,0,0,Download Sensitive Data,7.99,90.63,5.37,75,8.33,29.98,Low,0
DIA-00500,Celeb-DF++,video,Video Manipulation,1,1,1,0,0,1,Create Privileged Account,77.59,20.73,41.58,95,80,64.95,Medium,1
DIA-00501,ASVspoof2021-DF,audio,TTS,1,1,1,1,0,0,Download Sensitive Data,65.55,18.88,54.07,75,72.81,59.12,Medium,1
DIA-00502,ASVspoof2021-PA,audio,Voice Conversion,1,0,0,0,1,0,Create Privileged Account,69.02,95.83,28.7,95,87.62,72.59,Medium,1
DIA-00503,ASVspoof2021-PA,audio,Replay,0,0,0,0,0,0,Approve Payment,19.63,100,15.02,80,8.39,37.57,Low,0
DIA-00504,Celeb-DF++,video,Face Swap,0,1,1,0,0,0,Approve Payment,14.16,27.46,0,80,20.48,24.46,Low,0
DIA-00505,Celeb-DF++,video,Face Reenactment,1,1,0,0,1,1,Download Sensitive Data,66.24,50.15,53.02,75,90.05,67.26,Medium,1
DIA-00506,ASVspoof2021-LA,audio,Voice Conversion,1,1,0,1,1,0,Reset Password,74.75,29.51,77.2,55,100,70.54,Medium,1
DIA-00507,Celeb-DF,video,Face Swap,1,1,0,1,0,1,Create Privileged Account,66.06,35.16,78.14,95,79.42,70.85,Medium,1
DIA-00508,ASVspoof2021-LA,audio,Audio Manipulation,1,1,1,0,0,0,Create Privileged Account,56.47,11.14,6.04,95,79.68,50.01,Medium,1
DIA-00509,Celeb-DF++,video,Face Reenactment,1,0,1,0,0,0,Approve Payment,76.5,75.11,16.14,80,79.41,65.33,Medium,1
DIA-00510,DFDC,video,Video Manipulation,1,1,1,1,0,0,Reset Password,75.71,10.82,54.37,55,75.38,58.54,Medium,1
DIA-00511,DFDC,video,Talking Face,1,1,0,0,0,1,Change MFA,56.63,35.51,36.41,70,77.37,55.57,Medium,1
DIA-00512,ASVspoof2021-LA,audio,Audio Manipulation,1,1,0,0,0,0,Approve Payment,54.96,34.13,13.64,80,73.76,51.09,Medium,1
DIA-00513,DFDC,video,Video Manipulation,1,0,1,1,0,0,Access Internal Portal,47.5,72.39,47.9,35,68.22,53.58,Medium,1
DIA-00514,Celeb-DF,video,Talking Face,0,1,1,0,0,0,Read Information,28.01,20.08,12.92,20,21.13,21.22,Low,0
DIA-00515,Celeb-DF,video,Face Reenactment,0,1,1,0,1,0,Change MFA,25.57,5.31,34.86,70,8.75,27.69,Low,0
DIA-00516,DFDC,video,Face Reenactment,0,1,1,0,1,1,Download Sensitive Data,11.02,10.89,59.48,75,19.85,32.06,Low,0
DIA-00517,Celeb-DF,video,Video Manipulation,1,1,0,0,0,1,Transfer Funds,78.15,24.84,40.01,100,94.24,69.02,Medium,1
DIA-00518,ASVspoof2021-LA,audio,Voice Conversion,1,1,1,0,0,0,Reset Password,87.84,0,0,55,81.18,50.84,Medium,1
DIA-00519,DFDC,video,Talking Face,0,1,1,0,0,0,Access Internal Portal,1.07,18.88,11.3,35,24.85,15.63,Low,0
DIA-00520,ASVspoof2021-LA,audio,TTS,1,1,1,0,0,0,Approve Payment,59.23,17.52,12.78,80,85.42,52.04,Medium,1
DIA-00521,ASVspoof2021-LA,audio,Audio Manipulation,0,0,0,1,1,0,Transfer Funds,5.83,96.38,70.07,100,12.8,47.78,Low,0
DIA-00522,Celeb-DF,video,Talking Face,0,1,0,0,0,0,Create Privileged Account,28.43,52.7,9.19,95,3.1,33.14,Low,0
DIA-00523,DFDC,video,Face Reenactment,1,1,1,0,0,0,Approve Payment,64.94,1.59,3.18,80,67.82,45.92,Low,1
DIA-00524,ASVspoof2021-DF,audio,Replay,0,1,1,0,0,0,Read Information,13.62,0,18.79,20,29.56,16.76,Low,0
DIA-00525,DFDC,video,Face Reenactment,0,1,0,0,0,1,Approve Payment,25.5,31.01,36,80,30.25,37.55,Low,0
DIA-00526,Celeb-DF,video,Face Swap,0,1,0,0,0,0,Read Information,11.87,23.04,7.82,20,29.37,17.45,Low,0
DIA-00527,ASVspoof2021-PA,audio,Audio Manipulation,0,1,1,0,0,1,Create Privileged Account,18.58,10.09,35.91,95,33.36,35.19,Low,0
DIA-00528,ASVspoof2021-PA,audio,Audio Manipulation,1,1,1,0,0,1,Transfer Funds,74.02,19.66,46.64,100,97.88,69.06,Medium,1
DIA-00529,ASVspoof2021-LA,audio,Audio Manipulation,1,1,1,0,0,1,Download Sensitive Data,64.29,17.37,52.27,75,85.22,60.64,Medium,1
DIA-00530,Celeb-DF,video,Face Reenactment,1,1,1,0,1,1,Access Internal Portal,65.84,23.22,55.47,35,88.5,57.28,Medium,1
DIA-00531,ASVspoof2021-DF,audio,Voice Conversion,1,1,1,1,0,0,Reset Password,69.28,17.97,54.58,55,78.16,58.28,Medium,1
DIA-00532,ASVspoof2021-DF,audio,TTS,0,1,0,1,0,0,Approve Payment,24,36.77,61.42,80,20.15,41.03,Low,0
DIA-00533,Celeb-DF,video,Talking Face,1,1,1,0,0,1,Create Privileged Account,77.62,10.79,45.9,95,93.11,66.96,Medium,1
DIA-00534,ASVspoof2021-DF,audio,Voice Conversion,0,1,0,0,1,1,Create Privileged Account,29.42,43.5,65.28,95,26.24,47.9,Low,0
DIA-00535,DFDC,video,Video Manipulation,0,1,1,0,0,0,Read Information,1.5,2.76,9.73,20,11.25,8.06,Low,0
DIA-00536,DFDC,video,Video Manipulation,1,1,1,0,0,0,Approve Payment,81.49,0,6.18,80,69.11,51.5,Medium,1
DIA-00537,Celeb-DF++,video,Face Swap,0,0,1,1,0,1,Transfer Funds,28.65,73.12,98.75,100,5.54,55.42,Medium,0
DIA-00538,DFDC,video,Video Manipulation,0,1,1,0,0,0,Read Information,14.35,16.87,15.84,20,19.87,16.98,Low,0
DIA-00539,DFDC,video,Face Swap,0,1,0,0,1,0,Change MFA,8.06,52.55,41.3,70,9.47,30.95,Low,0
DIA-00540,ASVspoof2021-LA,audio,Voice Conversion,1,0,1,0,0,0,Approve Payment,87.88,75.57,25.09,80,94.96,73.71,Medium,1
DIA-00541,ASVspoof2021-PA,audio,Voice Conversion,0,0,1,0,0,0,Download Sensitive Data,43.96,72.47,19.41,75,12.03,41.6,Low,0
DIA-00542,ASVspoof2021-DF,audio,Audio Manipulation,0,1,0,0,1,0,Transfer Funds,38.53,37.5,34.15,100,33.89,45.79,Low,0
DIA-00543,ASVspoof2021-LA,audio,Replay,1,1,1,0,0,0,Approve Payment,67.34,8.51,10.18,80,75.4,50.59,Medium,1
DIA-00544,ASVspoof2021-PA,audio,Audio Manipulation,0,0,1,1,0,1,Reset Password,31.79,67.76,100,55,33.23,54.6,Medium,0
DIA-00545,DFDC,video,Talking Face,1,0,0,0,0,0,Download Sensitive Data,82.4,100,4.82,75,73.64,66.66,Medium,1
DIA-00546,Celeb-DF++,video,Video Manipulation,0,0,1,1,0,1,Approve Payment,25.35,73.71,83.8,80,23.77,52.18,Medium,0
DIA-00547,Celeb-DF,video,Video Manipulation,1,1,1,0,1,0,Create Privileged Account,71.95,22.47,27.91,95,76.61,60.11,Medium,1
DIA-00548,DFDC,video,Video Manipulation,1,1,1,0,0,1,Reset Password,73.5,15.85,32.27,55,85.3,56.19,Medium,1
DIA-00549,ASVspoof2021-LA,audio,Voice Conversion,1,0,1,1,0,0,Transfer Funds,92.11,62.8,43.84,100,99.71,80.76,High,1
DIA-00550,Celeb-DF++,video,Face Reenactment,1,1,1,0,1,0,Transfer Funds,81.8,24.28,28.98,100,95.57,68.09,Medium,1
DIA-00551,Celeb-DF++,video,Video Manipulation,0,1,0,0,0,0,Access Internal Portal,16.48,48.56,5.62,35,8.71,20.34,Low,0
DIA-00552,DFDC,video,Video Manipulation,1,0,1,1,0,0,Access Internal Portal,87.78,71.48,54.29,35,83.43,69.85,Medium,1
DIA-00553,DFDC,video,Video Manipulation,1,1,0,1,0,0,Change MFA,70.96,44.45,49.92,70,70.58,62.56,Medium,1
DIA-00554,ASVspoof2021-PA,audio,Replay,1,1,1,1,0,0,Reset Password,65,19.01,57.08,55,67.12,55.44,Medium,1
DIA-00555,DFDC,video,Video Manipulation,1,1,1,0,0,0,Access Internal Portal,62.86,11.25,11.06,35,75.21,43.05,Low,1
DIA-00556,DFDC,video,Talking Face,1,1,1,0,0,0,Access Internal Portal,67.62,12.92,11.25,35,76.21,44.97,Low,1
DIA-00557,Celeb-DF,video,Talking Face,1,1,1,0,0,1,Approve Payment,62.36,7.72,42.96,80,69.03,54.26,Medium,1
DIA-00558,Celeb-DF++,video,Face Swap,0,1,1,0,0,0,Transfer Funds,12.31,12.89,23.63,100,13.23,28,Low,0
DIA-00559,ASVspoof2021-DF,audio,Replay,1,1,0,0,0,0,Read Information,50.12,48.25,7.04,20,79.24,42.53,Low,1
DIA-00560,Celeb-DF++,video,Talking Face,1,1,0,1,0,1,Download Sensitive Data,66.95,46.73,91.42,75,83.62,73.35,Medium,1
DIA-00561,DFDC,video,Video Manipulation,1,1,0,0,0,0,Reset Password,68.58,44.47,1.72,55,76.95,51.23,Medium,1
DIA-00562,Celeb-DF,video,Video Manipulation,0,0,1,0,0,1,Access Internal Portal,34.46,77.67,43.3,35,15.4,38.98,Low,0
DIA-00563,ASVspoof2021-LA,audio,Voice Conversion,1,1,0,1,0,0,Download Sensitive Data,81.05,37.08,64.05,75,84.41,70.82,Medium,1
DIA-00564,ASVspoof2021-DF,audio,Voice Conversion,1,0,1,1,0,0,Access Internal Portal,75.73,60.61,54.8,35,93.29,66.68,Medium,1
DIA-00565,ASVspoof2021-DF,audio,Audio Manipulation,1,1,0,0,1,1,Read Information,54.18,38.74,60.2,20,74.45,52,Medium,1
DIA-00566,ASVspoof2021-DF,audio,Audio Manipulation,0,1,0,0,1,0,Create Privileged Account,8.53,39.38,27.78,95,0,28.27,Low,0
DIA-00567,ASVspoof2021-LA,audio,TTS,0,0,1,0,0,0,Change MFA,15.83,75.41,21.21,70,13.07,33.42,Low,0
DIA-00568,DFDC,video,Face Reenactment,0,0,1,0,1,0,Read Information,28.59,74.09,35.62,20,15.22,32.86,Low,0
DIA-00569,Celeb-DF,video,Video Manipulation,0,1,0,0,0,0,Transfer Funds,11.87,48.08,8.07,100,0.43,27.47,Low,0
DIA-00570,Celeb-DF++,video,Face Swap,1,1,1,0,1,0,Approve Payment,52.58,0,29.55,80,76.55,48.99,Low,1
DIA-00571,Celeb-DF,video,Video Manipulation,0,1,1,1,1,0,Approve Payment,38.93,8.62,72.78,80,13.77,42.28,Low,0
DIA-00572,ASVspoof2021-LA,audio,TTS,1,1,0,1,0,0,Download Sensitive Data,62.92,39.27,59.9,75,82.03,64.4,Medium,1
DIA-00573,Celeb-DF++,video,Face Swap,0,1,1,0,0,0,Change MFA,5.59,18.83,5.1,70,17.18,19.46,Low,0
DIA-00574,ASVspoof2021-LA,audio,Audio Manipulation,0,1,1,0,0,1,Create Privileged Account,25.5,31.76,40.79,95,13.55,37.53,Low,0
DIA-00575,ASVspoof2021-LA,audio,Replay,1,1,1,0,0,1,Reset Password,70.45,7.18,49.2,55,89.21,58.14,Medium,1
DIA-00576,Celeb-DF++,video,Talking Face,0,0,0,1,0,0,Approve Payment,17.5,89.32,42.72,80,13.62,41.92,Low,0
DIA-00577,ASVspoof2021-PA,audio,Audio Manipulation,0,1,1,1,0,1,Transfer Funds,28,11.61,78.46,100,16.62,44.16,Low,0
DIA-00578,ASVspoof2021-DF,audio,Voice Conversion,0,0,1,1,0,1,Create Privileged Account,17.81,64.04,85.04,95,13.67,48.94,Low,0
DIA-00579,ASVspoof2021-LA,audio,Replay,1,0,1,0,1,0,Download Sensitive Data,60.37,62.89,35.22,75,80.35,61.91,Medium,1
DIA-00580,Celeb-DF,video,Talking Face,1,0,0,0,1,0,Read Information,65.6,95.37,29.34,20,71.01,57.06,Medium,1
DIA-00581,Celeb-DF++,video,Talking Face,0,1,0,0,0,0,Read Information,0,47.87,13.31,20,0,12.84,Low,0
DIA-00582,Celeb-DF++,video,Face Reenactment,1,1,1,0,0,0,Change MFA,76.51,15.95,11.53,70,96.19,57.39,Medium,1
DIA-00583,DFDC,video,Talking Face,0,1,0,0,1,1,Approve Payment,7.9,33.12,56.19,80,15.88,33.75,Low,0
DIA-00584,Celeb-DF,video,Face Reenactment,1,1,1,0,0,0,Read Information,55.67,13.43,15.46,20,76.03,40.01,Low,1
DIA-00585,ASVspoof2021-PA,audio,Replay,0,1,0,0,1,0,Change MFA,29,31.69,31.01,70,28.82,35.92,Low,0
DIA-00586,ASVspoof2021-DF,audio,Audio Manipulation,1,0,1,0,0,1,Change MFA,77.26,77.86,50.64,70,100,75.48,High,1
DIA-00587,DFDC,video,Face Reenactment,1,1,1,1,0,0,Change MFA,71.96,26.77,64.56,70,71.49,63.31,Medium,1
DIA-00588,Celeb-DF,video,Talking Face,0,1,0,0,0,1,Download Sensitive Data,4.21,27.24,44.53,75,12.7,28.04,Low,0
DIA-00589,DFDC,video,Video Manipulation,0,0,1,1,0,1,Reset Password,21.34,71.83,80.49,55,23.34,46.19,Low,0
DIA-00590,DFDC,video,Video Manipulation,0,0,1,0,0,0,Download Sensitive Data,15.62,63.77,19.65,75,1.23,29.68,Low,0
DIA-00591,ASVspoof2021-PA,audio,Audio Manipulation,0,1,0,0,1,0,Change MFA,16.42,40.5,29.13,70,2.37,27.8,Low,0
DIA-00592,Celeb-DF++,video,Talking Face,0,1,1,0,0,0,Transfer Funds,30.56,14.32,23.25,100,28.21,36.61,Low,0
DIA-00593,Celeb-DF,video,Face Reenactment,0,1,1,0,0,0,Reset Password,39.94,4.27,6.76,55,21.5,26.52,Low,0
DIA-00594,ASVspoof2021-DF,audio,Audio Manipulation,1,0,1,0,0,1,Transfer Funds,77.76,79.67,40.61,100,80.2,74.44,Medium,1
DIA-00595,DFDC,video,Talking Face,0,1,1,0,0,0,Transfer Funds,12.12,13.79,26.56,100,0.26,26.07,Low,0
DIA-00596,Celeb-DF,video,Face Swap,1,1,1,1,0,0,Reset Password,84.36,11.24,52.54,55,91.03,63.96,Medium,1
DIA-00597,ASVspoof2021-DF,audio,Voice Conversion,0,1,1,1,0,0,Change MFA,16.51,15.93,61.35,70,3.52,30.82,Low,0
DIA-00598,ASVspoof2021-DF,audio,Voice Conversion,1,1,1,0,0,0,Approve Payment,37.14,8.04,9.82,80,67.11,39.73,Low,1
DIA-00599,ASVspoof2021-PA,audio,Audio Manipulation,0,0,0,0,1,0,Change MFA,4.26,93.53,34.32,70,4.46,33.56,Low,0
DIA-00600,ASVspoof2021-DF,audio,TTS,1,1,1,0,1,0,Approve Payment,39.91,0.3,14.52,80,73.93,41.71,Low,1
DIA-00601,Celeb-DF++,video,Talking Face,0,1,1,0,0,0,Reset Password,13.78,0,17.08,55,5.53,16.91,Low,0
DIA-00602,ASVspoof2021-LA,audio,Replay,0,1,1,0,0,1,Transfer Funds,21.04,7.24,47.7,100,8.71,33.68,Low,0
DIA-00603,ASVspoof2021-PA,audio,TTS,1,1,1,1,1,0,Approve Payment,53.48,10.74,74.22,80,88.88,62.27,Medium,1
DIA-00604,ASVspoof2021-DF,audio,Replay,1,0,1,1,0,0,Read Information,61.6,55.94,54.14,20,83.91,57.48,Medium,1
DIA-00605,ASVspoof2021-PA,audio,Audio Manipulation,1,1,1,0,0,0,Access Internal Portal,50.31,11.02,10.27,35,79.72,39.99,Low,1
DIA-00606,ASVspoof2021-LA,audio,Replay,0,0,1,0,0,1,Download Sensitive Data,21.6,65.73,38.4,75,21.33,39.54,Low,0
DIA-00607,ASVspoof2021-LA,audio,Replay,0,0,1,0,0,0,Reset Password,8.61,69.51,12.54,55,4.62,24.69,Low,0
DIA-00608,DFDC,video,Face Reenactment,1,1,1,0,0,0,Change MFA,77.11,19.91,8.67,70,89.55,56.26,Medium,1
DIA-00609,ASVspoof2021-DF,audio,TTS,1,0,1,0,0,0,Approve Payment,67.87,83.7,15.19,80,87.81,65.52,Medium,1
DIA-00610,Celeb-DF++,video,Face Swap,1,1,0,0,0,0,Reset Password,83.65,43.43,8.04,55,78.7,57.21,Medium,1
DIA-00611,ASVspoof2021-DF,audio,Voice Conversion,0,1,0,0,0,1,Transfer Funds,18,32.13,41.72,100,21.87,37.94,Low,0
DIA-00612,ASVspoof2021-DF,audio,Replay,0,1,0,0,0,1,Download Sensitive Data,46.59,45.33,41.19,75,25.77,45.42,Low,0
DIA-00613,ASVspoof2021-PA,audio,TTS,1,1,1,0,0,0,Change MFA,66.03,26.2,3.81,70,85.87,52.18,Medium,1
DIA-00614,ASVspoof2021-PA,audio,Audio Manipulation,1,1,1,0,0,0,Reset Password,60.19,6.04,6.34,55,97.04,47.89,Low,1
DIA-00615,Celeb-DF,video,Talking Face,0,1,1,0,0,0,Reset Password,44.5,6.48,13.02,55,24.23,30.02,Low,0
DIA-00616,ASVspoof2021-DF,audio,Voice Conversion,1,0,1,1,0,0,Read Information,50.89,58.63,44.75,20,71.41,50.29,Medium,1
DIA-00617,ASVspoof2021-LA,audio,Audio Manipulation,1,1,1,1,0,0,Read Information,64.92,10.48,41.77,20,84.4,49.28,Low,1
DIA-00618,Celeb-DF,video,Face Swap,0,0,1,0,0,0,Create Privileged Account,0,72.99,15.53,95,12.12,30.73,Low,0
DIA-00619,DFDC,video,Video Manipulation,0,1,1,0,0,0,Create Privileged Account,0,26.87,9.03,95,2.02,20.49,Low,0
DIA-00620,DFDC,video,Face Reenactment,1,1,1,0,0,0,Read Information,43.26,22.13,15.38,20,59.6,34.29,Low,1
DIA-00621,ASVspoof2021-LA,audio,Voice Conversion,0,1,1,1,1,0,Download Sensitive Data,29.78,18.08,73.46,75,18.86,41.36,Low,0
DIA-00622,Celeb-DF++,video,Face Reenactment,1,1,1,0,0,0,Reset Password,51.38,15.37,6,55,88.33,44.84,Low,1
DIA-00623,ASVspoof2021-PA,audio,Audio Manipulation,1,1,1,0,0,0,Approve Payment,63.2,18.13,0,80,91.37,51.95,Medium,1
DIA-00624,Celeb-DF++,video,Face Reenactment,0,0,1,0,0,0,Download Sensitive Data,27.81,73.6,2.09,75,21.5,35.35,Low,0
DIA-00625,ASVspoof2021-PA,audio,Audio Manipulation,1,0,1,0,0,0,Create Privileged Account,71.1,80.43,3.89,95,98.9,68.2,Medium,1
DIA-00626,Celeb-DF++,video,Face Reenactment,0,1,1,0,1,0,Download Sensitive Data,22.55,14.83,36.97,75,19.21,31.48,Low,0
DIA-00627,ASVspoof2021-LA,audio,Voice Conversion,0,1,1,0,0,1,Access Internal Portal,36.35,17.09,44.24,35,19.31,31.43,Low,0
DIA-00628,DFDC,video,Talking Face,1,1,1,0,0,0,Approve Payment,83.7,11.73,2.82,80,89.76,57.39,Medium,1
DIA-00629,ASVspoof2021-DF,audio,Replay,1,1,0,0,0,0,Create Privileged Account,52.23,40.91,0,95,73.46,50.75,Medium,1
DIA-00630,ASVspoof2021-LA,audio,Voice Conversion,0,1,1,0,0,0,Transfer Funds,23.32,12.95,13.24,100,6.42,27.87,Low,0
DIA-00631,ASVspoof2021-PA,audio,TTS,1,1,1,1,0,0,Approve Payment,68.01,5.48,56.14,80,75.19,59.49,Medium,1
DIA-00632,ASVspoof2021-LA,audio,Voice Conversion,1,0,1,1,0,1,Change MFA,74.39,76.99,91.75,70,81.28,78.97,High,1
DIA-00633,DFDC,video,Talking Face,1,1,1,0,0,0,Download Sensitive Data,49.37,26.91,3.25,75,87.14,48.18,Low,1
DIA-00634,Celeb-DF,video,Face Swap,1,1,1,0,0,1,Access Internal Portal,65.15,14.7,52.19,35,70.26,51.49,Medium,1
DIA-00635,DFDC,video,Face Swap,0,1,0,0,1,0,Approve Payment,13.35,42.66,38.96,80,6.57,31.51,Low,0
DIA-00636,DFDC,video,Video Manipulation,0,0,1,0,1,0,Access Internal Portal,33.73,76.89,38.93,35,27.68,40.22,Low,0
DIA-00637,ASVspoof2021-DF,audio,TTS,1,1,1,0,0,0,Reset Password,53.29,13.85,5.73,55,77.11,42.88,Low,1
DIA-00638,ASVspoof2021-DF,audio,Voice Conversion,0,1,0,0,0,0,Download Sensitive Data,0,41.52,9.07,75,10.21,21.33,Low,0
DIA-00639,ASVspoof2021-LA,audio,Audio Manipulation,1,1,1,0,0,0,Change MFA,65.93,13.26,22.82,70,80.11,52.85,Medium,1
DIA-00640,ASVspoof2021-LA,audio,Voice Conversion,0,0,1,0,1,0,Change MFA,4.18,65.6,46.74,70,30.44,37.03,Low,0
DIA-00641,ASVspoof2021-DF,audio,Voice Conversion,0,0,1,0,0,0,Approve Payment,16.46,74.17,9.66,80,21.16,34.23,Low,0
DIA-00642,ASVspoof2021-LA,audio,TTS,0,1,1,0,0,0,Transfer Funds,25.27,19.1,11.34,100,20.58,31.83,Low,0
DIA-00643,DFDC,video,Video Manipulation,0,1,0,0,0,0,Transfer Funds,16.9,47.38,0,100,18,30.78,Low,0
DIA-00644,DFDC,video,Talking Face,0,0,1,0,0,0,Download Sensitive Data,13.26,69.97,18.43,75,19,33.21,Low,0
DIA-00645,ASVspoof2021-DF,audio,Audio Manipulation,1,1,0,1,0,1,Download Sensitive Data,74.28,30.4,90.22,75,100,76.14,High,1
DIA-00646,ASVspoof2021-LA,audio,Audio Manipulation,1,1,1,0,0,0,Change MFA,75.32,23.86,12.42,70,82.46,55.65,Medium,1
DIA-00647,DFDC,video,Face Reenactment,0,0,0,0,0,0,Transfer Funds,5.3,89.12,5.78,100,14.84,34.08,Low,0
DIA-00648,Celeb-DF++,video,Face Swap,0,1,0,1,0,0,Create Privileged Account,31.01,33.99,50.46,95,20.02,42.75,Low,0
DIA-00649,ASVspoof2021-DF,audio,Voice Conversion,1,1,0,0,0,0,Read Information,54.95,35.74,20.26,20,88.87,46.67,Low,1
DIA-00650,DFDC,video,Face Swap,0,1,0,0,0,0,Create Privileged Account,24.62,26.05,12.53,95,33.5,34.75,Low,0
DIA-00651,Celeb-DF++,video,Talking Face,1,0,1,0,0,0,Read Information,49.03,68.26,28.42,20,73.96,48.42,Low,1
DIA-00652,ASVspoof2021-PA,audio,TTS,1,0,1,1,0,1,Approve Payment,81.97,74.95,90.68,80,91.57,84.28,High,1
DIA-00653,ASVspoof2021-DF,audio,Audio Manipulation,1,1,1,0,1,0,Reset Password,64.88,11.53,28.57,55,84.81,52.12,Medium,1
DIA-00654,DFDC,video,Talking Face,1,1,1,1,0,0,Download Sensitive Data,72.06,25.71,47.12,75,72.48,60.64,Medium,1
DIA-00655,ASVspoof2021-LA,audio,Voice Conversion,1,0,1,1,0,0,Create Privileged Account,81.55,80.21,45.03,95,96.12,78.98,High,1
DIA-00656,Celeb-DF,video,Video Manipulation,1,0,1,1,1,0,Access Internal Portal,61.97,77.11,81,35,96.56,70.92,Medium,1
DIA-00657,ASVspoof2021-LA,audio,Audio Manipulation,1,1,0,0,0,0,Access Internal Portal,65.72,24.52,18.07,35,90.81,50.42,Medium,1
DIA-00658,Celeb-DF,video,Face Reenactment,0,1,0,0,1,0,Download Sensitive Data,21.34,51.47,47.01,75,11.65,37.1,Low,0
DIA-00659,ASVspoof2021-DF,audio,TTS,0,0,0,0,0,0,Create Privileged Account,14.71,93.1,7.67,95,3.47,34.86,Low,0
DIA-00660,Celeb-DF,video,Face Reenactment,0,1,1,0,0,0,Read Information,25.88,28.43,13.28,20,24.24,22.53,Low,0
DIA-00661,Celeb-DF,video,Talking Face,0,1,0,0,0,0,Change MFA,21.63,35.17,18.96,70,7.69,27.59,Low,0
DIA-00662,ASVspoof2021-PA,audio,Audio Manipulation,1,1,0,0,0,0,Download Sensitive Data,59.62,38.88,20.85,75,73.09,53.76,Medium,1
DIA-00663,DFDC,video,Face Reenactment,0,0,0,0,1,0,Access Internal Portal,31.87,95.72,26.39,35,21.85,38.82,Low,0
DIA-00664,DFDC,video,Talking Face,0,1,0,0,1,0,Create Privileged Account,24.18,32.54,39.34,95,24.67,39.19,Low,0
DIA-00665,Celeb-DF,video,Face Reenactment,0,1,1,0,0,0,Download Sensitive Data,8.73,2.04,1.65,75,11.16,16.74,Low,0
DIA-00666,ASVspoof2021-DF,audio,TTS,1,1,1,0,0,0,Download Sensitive Data,56.62,0,5.79,75,79.3,45.25,Low,1
DIA-00667,ASVspoof2021-LA,audio,Voice Conversion,1,1,0,0,0,0,Access Internal Portal,63.59,63.62,0.85,35,81.89,50.42,Medium,1
DIA-00668,ASVspoof2021-PA,audio,TTS,1,1,1,0,0,0,Read Information,70.92,1.65,5.65,20,76.49,40.95,Low,1
DIA-00669,Celeb-DF,video,Face Reenactment,0,1,0,0,0,0,Access Internal Portal,0,26.76,0,35,8.58,10.98,Low,0
DIA-00670,Celeb-DF++,video,Face Reenactment,0,1,0,0,0,1,Read Information,14.19,44.58,36.73,20,0.99,21.49,Low,0
DIA-00671,DFDC,video,Face Reenactment,1,0,0,0,0,1,Download Sensitive Data,64.65,83.61,38.67,75,89.78,68.88,Medium,1
DIA-00672,ASVspoof2021-DF,audio,Audio Manipulation,1,1,0,0,0,0,Create Privileged Account,50.19,27.12,12.12,95,100,55.8,Medium,1
DIA-00673,ASVspoof2021-PA,audio,Voice Conversion,1,0,0,1,0,0,Create Privileged Account,59.76,72.01,50.24,95,82.48,69.52,Medium,1
DIA-00674,ASVspoof2021-DF,audio,Replay,1,1,0,0,0,1,Access Internal Portal,72.51,42.34,33.49,35,95.85,59.22,Medium,1
DIA-00675,ASVspoof2021-DF,audio,Replay,0,1,1,0,0,0,Access Internal Portal,12.62,6.44,29.19,35,12.8,18.4,Low,0
DIA-00676,Celeb-DF,video,Talking Face,1,1,1,1,0,0,Download Sensitive Data,66.49,20.15,46.58,75,71.5,57.84,Medium,1
DIA-00677,ASVspoof2021-PA,audio,Voice Conversion,1,1,1,0,0,0,Create Privileged Account,50.83,14.39,0.7,95,99.97,51.79,Medium,1
DIA-00678,Celeb-DF++,video,Video Manipulation,1,1,1,0,0,0,Create Privileged Account,63.65,15.68,14.08,95,75.3,53.57,Medium,1
DIA-00679,DFDC,video,Face Swap,1,1,0,1,0,0,Download Sensitive Data,54.46,36.37,49.97,75,89.14,60.87,Medium,1
DIA-00680,Celeb-DF,video,Face Reenactment,0,0,0,1,1,0,Reset Password,39.05,92.79,69.31,55,23.71,52.49,Medium,0
DIA-00681,DFDC,video,Video Manipulation,0,1,1,0,0,0,Change MFA,37.18,7.84,12.73,70,31.98,31.77,Low,0
DIA-00682,DFDC,video,Face Reenactment,1,0,1,0,0,0,Approve Payment,60.8,63.6,5.29,80,81.6,57.16,Medium,1
DIA-00683,DFDC,video,Talking Face,1,1,1,0,0,0,Transfer Funds,53.65,6.24,7.93,100,69.94,47.6,Low,1
DIA-00684,Celeb-DF++,video,Face Swap,0,1,0,1,1,0,Read Information,32.4,52.11,85.26,20,14.12,40.41,Low,0
DIA-00685,ASVspoof2021-DF,audio,Replay,0,1,1,0,0,0,Create Privileged Account,24.52,11.83,10.86,95,39.3,33.41,Low,0
DIA-00686,Celeb-DF,video,Video Manipulation,1,1,1,0,0,0,Approve Payment,86.62,0,14.3,80,91.53,59.15,Medium,1
DIA-00687,Celeb-DF++,video,Talking Face,0,1,1,0,0,0,Access Internal Portal,41.55,17.07,6.35,35,41.98,29.94,Low,0
DIA-00688,ASVspoof2021-PA,audio,Replay,0,1,1,1,0,1,Read Information,5.71,8.57,86.07,20,10.12,25.24,Low,0
DIA-00689,ASVspoof2021-LA,audio,Audio Manipulation,1,1,1,0,1,0,Reset Password,78.75,14.64,29.6,55,93.11,58.61,Medium,1
DIA-00690,ASVspoof2021-DF,audio,Voice Conversion,1,0,0,1,1,0,Reset Password,68.55,92.84,69.29,55,72.58,71.12,Medium,1
DIA-00691,Celeb-DF,video,Face Reenactment,1,1,0,0,1,0,Read Information,72.04,51.92,32.11,20,85.28,55.88,Medium,1
DIA-00692,ASVspoof2021-PA,audio,TTS,1,0,1,0,0,0,Reset Password,74.56,66.93,5.14,55,100,61.69,Medium,1
DIA-00693,DFDC,video,Talking Face,0,1,1,0,0,0,Access Internal Portal,26.1,21.53,17.27,35,11.47,22.06,Low,0
DIA-00694,Celeb-DF,video,Talking Face,1,1,1,0,0,0,Transfer Funds,77,20.68,14.05,100,80.04,60.02,Medium,1
DIA-00695,ASVspoof2021-PA,audio,Audio Manipulation,1,1,1,0,1,1,Read Information,64.84,4.07,53.95,20,90.66,51.98,Medium,1
DIA-00696,Celeb-DF++,video,Talking Face,1,1,1,0,0,0,Download Sensitive Data,55.52,16.5,22.07,75,81.91,51.18,Medium,1
DIA-00697,ASVspoof2021-LA,audio,TTS,1,0,1,0,0,0,Reset Password,79.06,63.93,14.49,55,100,64.46,Medium,1
DIA-00698,ASVspoof2021-DF,audio,Replay,0,0,1,0,1,1,Create Privileged Account,13.41,60.33,78.01,95,13.18,45.56,Low,0
DIA-00699,ASVspoof2021-DF,audio,Audio Manipulation,0,1,0,1,1,0,Change MFA,43.48,30.36,73.8,70,23.49,47.56,Low,0
DIA-00700,Celeb-DF,video,Face Swap,0,1,1,0,0,0,Download Sensitive Data,9.59,21.57,0,75,17.25,20.81,Low,0
DIA-00701,Celeb-DF,video,Face Reenactment,0,0,0,0,0,0,Change MFA,13.81,100,0.73,70,5.77,30.94,Low,0
DIA-00702,Celeb-DF,video,Video Manipulation,1,1,1,0,0,0,Create Privileged Account,63.91,8.56,21.95,95,71.29,53.36,Medium,1
DIA-00703,DFDC,video,Face Reenactment,0,1,1,0,0,0,Approve Payment,1.05,16.73,0,80,0,14.82,Low,0
DIA-00704,ASVspoof2021-LA,audio,Audio Manipulation,1,1,1,0,0,1,Download Sensitive Data,54.08,17.48,34.88,75,50.75,47.22,Low,1
DIA-00705,Celeb-DF,video,Talking Face,0,1,1,1,0,0,Change MFA,33.03,10.76,46.97,70,19.49,35.32,Low,0
DIA-00706,ASVspoof2021-DF,audio,Replay,0,1,1,0,0,0,Change MFA,0,26.26,0.31,70,0.29,14.56,Low,0
DIA-00707,ASVspoof2021-LA,audio,Replay,0,1,0,0,1,0,Reset Password,45.72,57.58,38.73,55,18.58,42.06,Low,0
DIA-00708,ASVspoof2021-LA,audio,Replay,0,0,0,1,1,0,Approve Payment,21.96,90.22,79.28,80,26.67,53.31,Medium,0
DIA-00709,Celeb-DF++,video,Video Manipulation,1,1,1,1,1,1,Reset Password,64.68,28.88,100,55,74.66,66.92,Medium,1
DIA-00710,Celeb-DF++,video,Video Manipulation,1,0,1,1,1,0,Reset Password,75.62,65.63,70.7,55,92.11,73.34,Medium,1
DIA-00711,ASVspoof2021-PA,audio,Voice Conversion,0,0,1,0,0,0,Change MFA,0,62.24,12.02,70,0,22.24,Low,0
DIA-00712,ASVspoof2021-DF,audio,Audio Manipulation,1,1,0,0,0,0,Transfer Funds,62.33,38.89,22.49,100,76.42,59.31,Medium,1
DIA-00713,ASVspoof2021-LA,audio,Replay,1,1,1,0,0,1,Change MFA,68.74,21.95,34.96,70,99.85,61.38,Medium,1
DIA-00714,ASVspoof2021-PA,audio,Replay,1,1,1,0,0,0,Transfer Funds,52.07,14.17,17.82,100,76.17,51.54,Medium,1
DIA-00715,ASVspoof2021-LA,audio,Voice Conversion,0,0,0,0,0,0,Download Sensitive Data,11.05,100,15.66,75,26.35,37.97,Low,0
DIA-00716,DFDC,video,Face Reenactment,0,1,0,1,0,0,Read Information,39.79,41.81,49.26,20,43.15,39.69,Low,0
DIA-00717,ASVspoof2021-DF,audio,Replay,1,0,1,0,1,0,Download Sensitive Data,68.02,80.82,36.16,75,80.23,67.06,Medium,1
DIA-00718,DFDC,video,Face Reenactment,1,1,1,1,0,0,Transfer Funds,75.39,19.25,52.5,100,79.86,66.98,Medium,1
DIA-00719,ASVspoof2021-DF,audio,Voice Conversion,0,1,1,1,0,0,Transfer Funds,14.34,27.24,43.16,100,0,32.02,Low,0
DIA-00720,ASVspoof2021-PA,audio,Audio Manipulation,1,1,1,0,0,1,Access Internal Portal,56.44,8.14,33.57,35,83.74,46.86,Low,1
DIA-00721,Celeb-DF++,video,Face Reenactment,0,1,1,0,0,1,Reset Password,20.35,13.37,51.35,55,20.5,30.73,Low,0
DIA-00722,Celeb-DF++,video,Talking Face,1,1,0,1,0,1,Approve Payment,48.97,39.99,76.29,80,86.18,65.18,Medium,1
DIA-00723,DFDC,video,Face Swap,0,1,1,0,0,0,Change MFA,5.94,8.17,2.35,70,26.01,19.18,Low,0
DIA-00724,ASVspoof2021-PA,audio,TTS,1,1,0,1,0,1,Create Privileged Account,62.22,31.94,81.39,95,73.32,68.65,Medium,1
DIA-00725,DFDC,video,Video Manipulation,0,1,1,0,0,0,Download Sensitive Data,0,18.06,11.99,75,28.84,22.12,Low,0
DIA-00726,DFDC,video,Face Swap,0,1,0,0,0,0,Access Internal Portal,25.14,45.32,6.5,35,15.75,24.04,Low,0
DIA-00727,Celeb-DF,video,Video Manipulation,1,1,1,0,1,1,Reset Password,69.56,15.9,64.93,55,87.66,62.02,Medium,1
DIA-00728,DFDC,video,Video Manipulation,0,1,1,0,0,1,Read Information,16.18,23.47,51.67,20,15.44,24.8,Low,0
DIA-00729,Celeb-DF++,video,Face Reenactment,1,1,1,1,0,1,Reset Password,83.38,6.17,82.67,55,80.9,66.9,Medium,1
DIA-00730,Celeb-DF++,video,Video Manipulation,1,0,1,0,0,0,Create Privileged Account,47.91,66.87,4.41,95,68.19,53.17,Medium,1
DIA-00731,Celeb-DF,video,Face Reenactment,0,1,1,0,0,0,Access Internal Portal,3.22,5.56,12.76,35,14.7,12.54,Low,0
DIA-00732,DFDC,video,Video Manipulation,0,1,1,0,1,1,Change MFA,35.29,16.12,70.41,70,12.15,40.02,Low,0
DIA-00733,DFDC,video,Face Swap,1,1,0,1,0,1,Access Internal Portal,100,43.9,85.2,35,90.02,76.88,High,1
DIA-00734,Celeb-DF,video,Face Reenactment,1,1,0,0,1,0,Change MFA,73.53,50.73,38.1,70,81.67,64.12,Medium,1
DIA-00735,DFDC,video,Face Reenactment,1,0,1,1,1,0,Transfer Funds,76.19,60.58,74.04,100,82.79,78.31,High,1
DIA-00736,ASVspoof2021-DF,audio,Audio Manipulation,0,1,1,0,0,0,Create Privileged Account,11.6,17.98,15.91,95,0,23.61,Low,0
DIA-00737,DFDC,video,Face Swap,1,1,1,1,1,0,Create Privileged Account,64.85,26.49,65,95,54.71,61.62,Medium,1
DIA-00738,Celeb-DF,video,Video Manipulation,1,1,1,0,1,0,Reset Password,68.5,6.99,43.69,55,91.68,56.92,Medium,1
DIA-00739,Celeb-DF,video,Face Swap,1,1,1,1,1,1,Reset Password,91.1,5.11,100,55,99.9,76.33,High,1
DIA-00740,Celeb-DF++,video,Face Reenactment,0,1,1,0,0,0,Read Information,22.69,3.2,0,20,0,10.29,Low,0
DIA-00741,DFDC,video,Talking Face,0,1,1,1,0,0,Transfer Funds,33.54,20,44.48,100,24.15,41.79,Low,0
DIA-00742,DFDC,video,Face Swap,1,1,1,0,0,0,Transfer Funds,55.92,9.2,7.55,100,82.94,51.25,Medium,1
DIA-00743,ASVspoof2021-LA,audio,Voice Conversion,1,0,1,0,0,0,Reset Password,72.79,73.82,4.86,55,73.28,56.79,Medium,1
DIA-00744,DFDC,video,Video Manipulation,0,1,1,0,0,0,Approve Payment,10.62,13.27,3.24,80,22.73,22.37,Low,0
DIA-00745,Celeb-DF++,video,Video Manipulation,1,1,1,0,0,0,Access Internal Portal,67.54,29.41,17.07,35,94.13,52.16,Medium,1
DIA-00746,Celeb-DF++,video,Face Swap,0,0,0,1,0,1,Approve Payment,34.77,100,78.91,80,30.23,59.26,Medium,0
DIA-00747,Celeb-DF,video,Talking Face,0,0,1,1,1,0,Read Information,17.16,63.57,59.2,20,31.99,35.92,Low,0
DIA-00748,Celeb-DF++,video,Talking Face,0,1,1,1,0,1,Reset Password,16.81,12.58,82.55,55,25.2,36.73,Low,0
DIA-00749,ASVspoof2021-LA,audio,TTS,0,0,0,0,1,0,Change MFA,21.99,100,49.32,70,10.01,43.96,Low,0
DIA-00750,ASVspoof2021-LA,audio,Replay,0,1,1,1,0,1,Transfer Funds,26.52,6.45,77.55,100,18.79,43.19,Low,0
DIA-00751,Celeb-DF,video,Talking Face,0,0,1,0,0,0,Change MFA,19.5,79.46,3.7,70,20.34,33.08,Low,0
DIA-00752,Celeb-DF,video,Talking Face,0,1,1,1,1,0,Access Internal Portal,30.23,13,72.17,35,33.23,37.35,Low,0
DIA-00753,Celeb-DF,video,Face Reenactment,1,1,1,0,0,0,Read Information,80.38,21.47,20.81,20,84.84,51.46,Medium,1
DIA-00754,Celeb-DF++,video,Face Reenactment,1,1,1,0,0,0,Access Internal Portal,73.3,13.43,7.48,35,79.63,46.68,Low,1
DIA-00755,ASVspoof2021-DF,audio,Replay,1,0,0,0,1,0,Access Internal Portal,71.85,90.81,27.84,35,70.08,60.01,Medium,1
DIA-00756,DFDC,video,Talking Face,0,1,1,0,1,1,Reset Password,17.5,9.5,72.54,55,24.23,34.28,Low,0
DIA-00757,Celeb-DF,video,Face Swap,1,1,1,0,1,1,Access Internal Portal,67.18,28.86,72.02,35,85.68,61.27,Medium,1
DIA-00758,ASVspoof2021-PA,audio,TTS,0,1,1,1,0,0,Approve Payment,28,12.64,53.41,80,11.2,35.22,Low,0
DIA-00759,DFDC,video,Talking Face,1,1,1,1,0,0,Change MFA,67,39.64,42.56,70,90.69,63.2,Medium,1
DIA-00760,Celeb-DF++,video,Video Manipulation,1,0,0,0,0,0,Access Internal Portal,70.95,96.21,6.05,35,81.68,58.51,Medium,1
DIA-00761,ASVspoof2021-DF,audio,TTS,0,1,1,1,0,1,Download Sensitive Data,19.03,8.19,92.88,75,4.83,37.73,Low,0
DIA-00762,DFDC,video,Face Swap,0,1,0,0,1,1,Reset Password,44.22,27.32,72.86,55,35.03,47.19,Low,0
DIA-00763,DFDC,video,Video Manipulation,1,1,1,0,0,0,Approve Payment,68.13,24.86,15.66,80,65.46,52.39,Medium,1
DIA-00764,DFDC,video,Talking Face,1,1,1,0,0,0,Download Sensitive Data,67.41,13.45,9.62,75,85.15,52.44,Medium,1
DIA-00765,ASVspoof2021-PA,audio,Audio Manipulation,1,1,1,0,0,0,Transfer Funds,60.69,21.58,17.39,100,81.18,56.16,Medium,1
DIA-00766,DFDC,video,Video Manipulation,1,1,1,0,0,0,Approve Payment,87.04,33.58,12.05,80,74.01,60.36,Medium,1
DIA-00767,DFDC,video,Video Manipulation,1,1,1,0,0,0,Reset Password,52.21,20.35,6.34,55,82.98,44.83,Low,1
DIA-00768,DFDC,video,Face Swap,0,1,1,0,0,0,Access Internal Portal,10.27,17.7,15.22,35,8.33,15.7,Low,0
DIA-00769,DFDC,video,Face Reenactment,1,1,1,0,0,1,Read Information,80.39,24.81,38.87,20,100,58.61,Medium,1
DIA-00770,ASVspoof2021-DF,audio,TTS,0,0,1,1,1,0,Approve Payment,25.64,76.43,85.8,80,27.45,53.81,Medium,0
DIA-00771,Celeb-DF,video,Face Swap,0,1,1,0,0,1,Read Information,16.66,4.9,52.06,20,18.15,22.78,Low,0
DIA-00772,ASVspoof2021-DF,audio,Audio Manipulation,0,1,0,1,0,1,Change MFA,21.97,50.66,82.95,70,0,41.28,Low,0
DIA-00773,ASVspoof2021-DF,audio,Replay,1,0,1,1,0,0,Read Information,67.8,69.63,48.71,20,78.95,59.32,Medium,1
DIA-00774,ASVspoof2021-LA,audio,TTS,1,1,1,1,0,0,Reset Password,72.12,27.33,50.93,55,79.34,60.04,Medium,1
DIA-00775,DFDC,video,Face Swap,0,1,1,0,0,0,Transfer Funds,35.09,19.06,8.79,100,31.67,36.48,Low,0
DIA-00776,ASVspoof2021-LA,audio,TTS,0,0,1,0,0,0,Read Information,24.66,79.53,19.23,20,19.77,30.13,Low,0
DIA-00777,ASVspoof2021-DF,audio,Voice Conversion,0,1,1,1,0,0,Transfer Funds,34.26,13.2,46.23,100,23.42,41.19,Low,0
DIA-00778,DFDC,video,Face Reenactment,1,0,1,0,1,1,Transfer Funds,66.22,57.86,59.48,100,92.71,73.98,Medium,1
DIA-00779,ASVspoof2021-LA,audio,Voice Conversion,1,1,1,1,1,1,Create Privileged Account,81.67,19.51,100,95,100,81.68,High,1
DIA-00780,ASVspoof2021-LA,audio,Audio Manipulation,0,1,1,0,1,0,Approve Payment,0.9,22.81,40.27,80,25.35,28.82,Low,0
DIA-00781,Celeb-DF,video,Face Swap,0,1,1,0,0,0,Access Internal Portal,20,10.54,17.1,35,21.92,20.64,Low,0
DIA-00782,ASVspoof2021-PA,audio,Replay,1,1,1,0,0,0,Read Information,67.3,13.37,10.8,20,81.38,43.63,Low,1
DIA-00783,Celeb-DF++,video,Face Reenactment,0,0,0,0,0,0,Transfer Funds,38.04,77.29,5.56,100,25.42,44.2,Low,0
DIA-00784,ASVspoof2021-DF,audio,Voice Conversion,1,1,1,1,0,0,Reset Password,88.13,13.76,49.69,55,88.74,64.44,Medium,1
DIA-00785,ASVspoof2021-PA,audio,Audio Manipulation,0,0,0,0,0,1,Change MFA,20.16,85,40.41,70,24.11,42.2,Low,0
DIA-00786,Celeb-DF,video,Video Manipulation,0,1,1,0,0,0,Read Information,9.01,19.14,0,20,9.14,10.4,Low,0
DIA-00787,ASVspoof2021-LA,audio,TTS,0,0,1,0,0,0,Read Information,9.31,72.68,4.04,20,22.46,22,Low,0
DIA-00788,Celeb-DF,video,Face Reenactment,1,0,0,0,0,1,Download Sensitive Data,67.76,95.12,48.57,75,84.36,72.43,Medium,1
DIA-00789,ASVspoof2021-LA,audio,TTS,0,1,1,0,0,0,Change MFA,32.32,25.58,8.11,70,23.55,30.36,Low,0
DIA-00790,ASVspoof2021-DF,audio,Voice Conversion,0,0,0,0,1,0,Approve Payment,22.56,96.93,32.84,80,6.87,41.25,Low,0
DIA-00791,DFDC,video,Talking Face,1,0,1,0,0,0,Create Privileged Account,71.7,71.55,17.75,95,82.46,66.53,Medium,1
DIA-00792,Celeb-DF++,video,Face Reenactment,1,1,1,0,0,0,Read Information,74.92,17.57,3.25,20,89.75,46.71,Low,1
DIA-00793,Celeb-DF,video,Face Reenactment,0,1,0,1,0,0,Transfer Funds,12.06,35.34,43.94,100,13.38,35.38,Low,0
DIA-00794,DFDC,video,Face Reenactment,0,1,1,0,0,0,Transfer Funds,10.2,22.93,12.32,100,0,23.96,Low,0
DIA-00795,DFDC,video,Face Reenactment,1,1,0,0,0,0,Download Sensitive Data,71.72,32.67,5.02,75,73.82,53.43,Medium,1
DIA-00796,Celeb-DF,video,Face Reenactment,0,1,0,1,1,0,Reset Password,14.43,43.38,69.98,55,18.68,36.82,Low,0
DIA-00797,DFDC,video,Face Reenactment,1,1,1,0,0,0,Access Internal Portal,49.21,24.75,20.84,35,92.84,46.46,Low,1
DIA-00798,DFDC,video,Talking Face,0,1,1,0,0,0,Access Internal Portal,6.09,6.79,2.5,35,11.43,10.88,Low,0
DIA-00799,ASVspoof2021-DF,audio,TTS,0,1,0,0,1,0,Approve Payment,29.6,29.26,29.87,80,15,34.24,Low,0
DIA-00800,ASVspoof2021-DF,audio,TTS,0,1,1,1,0,0,Access Internal Portal,18.89,6.65,53.07,35,26.19,27.77,Low,0
DIA-00801,ASVspoof2021-DF,audio,Replay,1,1,0,0,0,1,Transfer Funds,73.48,54.54,44.66,100,85.47,71.25,Medium,1
DIA-00802,Celeb-DF,video,Talking Face,0,0,1,1,0,0,Access Internal Portal,11.64,65.13,40.39,35,21.6,30.91,Low,0
DIA-00803,ASVspoof2021-PA,audio,Voice Conversion,0,0,1,0,0,0,Create Privileged Account,22.17,60.4,22.49,95,14.88,37.44,Low,0
DIA-00804,ASVspoof2021-DF,audio,TTS,0,0,1,0,0,1,Create Privileged Account,20.03,72.93,39.44,95,13.35,41.76,Low,0
DIA-00805,DFDC,video,Talking Face,1,1,0,0,0,0,Reset Password,70.91,18.21,8.28,55,92.12,52.33,Medium,1
DIA-00806,DFDC,video,Face Reenactment,0,1,0,1,0,0,Change MFA,17.74,32.36,53.06,70,22.49,35.79,Low,0
DIA-00807,ASVspoof2021-DF,audio,Replay,1,0,1,0,1,0,Download Sensitive Data,71.55,81.31,50.14,75,82,71.34,Medium,1
DIA-00808,DFDC,video,Face Swap,1,1,1,0,0,0,Create Privileged Account,60.2,7.36,7.13,95,71.93,49.23,Low,1
DIA-00809,Celeb-DF++,video,Face Swap,0,1,1,1,0,1,Read Information,27.12,12.91,78.56,20,3.76,29.54,Low,0
DIA-00810,ASVspoof2021-PA,audio,Replay,1,1,1,0,1,1,Access Internal Portal,68.01,17.35,73.48,35,70.17,56.99,Medium,1
DIA-00811,DFDC,video,Face Reenactment,1,1,1,0,0,0,Access Internal Portal,66.29,17.36,24.62,35,77.87,48.24,Low,1
DIA-00812,DFDC,video,Talking Face,0,1,1,0,0,1,Reset Password,26.07,10.74,45.95,55,21.37,31.15,Low,0
DIA-00813,ASVspoof2021-PA,audio,Replay,0,1,1,0,0,1,Approve Payment,17.56,19.37,43,80,1.4,29.05,Low,0
DIA-00814,ASVspoof2021-DF,audio,Voice Conversion,0,0,1,0,0,0,Change MFA,16.68,81.57,12.74,70,1.77,30.64,Low,0
DIA-00815,DFDC,video,Face Swap,0,1,1,1,1,1,Change MFA,30.05,6.51,95.47,70,22.91,44.17,Low,0
DIA-00816,ASVspoof2021-PA,audio,TTS,1,1,1,0,0,0,Change MFA,71.58,11.12,5.69,70,99.01,54.58,Medium,1
DIA-00817,ASVspoof2021-PA,audio,Audio Manipulation,1,1,1,0,0,1,Read Information,70.16,14.16,32.22,20,94.34,51.48,Medium,1
DIA-00818,Celeb-DF++,video,Face Swap,1,1,0,0,0,1,Read Information,61.24,45.6,42.48,20,65.74,49.86,Low,1
DIA-00819,ASVspoof2021-DF,audio,Replay,0,0,1,0,0,0,Access Internal Portal,18.95,70.26,6.41,35,20.26,26.81,Low,0
DIA-00820,Celeb-DF,video,Video Manipulation,0,1,1,0,0,0,Read Information,25.37,13.98,0,20,26.95,18.1,Low,0
DIA-00821,DFDC,video,Video Manipulation,0,1,0,0,0,1,Create Privileged Account,8.34,27.61,46.25,95,9.63,32.07,Low,0
DIA-00822,ASVspoof2021-DF,audio,Voice Conversion,1,1,1,0,0,0,Transfer Funds,51.46,5.94,14.33,100,77.73,49.74,Low,1
DIA-00823,Celeb-DF,video,Face Swap,0,0,0,0,0,0,Change MFA,10.72,96.54,8.65,70,17.68,33.46,Low,0
DIA-00824,ASVspoof2021-DF,audio,Audio Manipulation,1,0,1,0,0,0,Approve Payment,63.88,65.89,0,80,87.36,58.52,Medium,1
DIA-00825,ASVspoof2021-LA,audio,Replay,1,1,1,0,0,0,Read Information,41.83,12.26,18.86,20,80.85,37.33,Low,1
DIA-00826,DFDC,video,Face Reenactment,0,1,1,0,0,0,Read Information,24.31,14.51,23.28,20,24.6,22.05,Low,0
DIA-00827,ASVspoof2021-DF,audio,Replay,1,0,1,1,1,0,Download Sensitive Data,68.99,88.73,77.8,75,86.19,78.05,High,1
DIA-00828,DFDC,video,Face Swap,1,1,1,0,1,1,Create Privileged Account,45.14,11.02,67.52,95,72.65,57.48,Medium,1
DIA-00829,ASVspoof2021-LA,audio,Replay,1,1,1,0,1,1,Transfer Funds,58.76,26.1,67.61,100,77.67,65.6,Medium,1
DIA-00830,Celeb-DF,video,Talking Face,0,1,1,1,0,1,Reset Password,24.69,25.51,88.03,55,11.16,39.32,Low,0
DIA-00831,ASVspoof2021-DF,audio,Voice Conversion,0,1,1,0,0,0,Change MFA,0,21.43,10.63,70,7.85,17.41,Low,0
DIA-00832,ASVspoof2021-DF,audio,Voice Conversion,1,1,0,1,0,0,Create Privileged Account,81.68,33.22,53.05,95,92.47,72.84,Medium,1
DIA-00833,Celeb-DF,video,Face Reenactment,0,1,1,0,1,0,Access Internal Portal,20.06,16.1,38.15,35,10.06,23.32,Low,0
DIA-00834,ASVspoof2021-DF,audio,TTS,1,1,0,0,1,0,Transfer Funds,73.46,36.88,29.83,100,94.99,67.53,Medium,1
DIA-00835,ASVspoof2021-DF,audio,TTS,0,1,1,0,0,1,Reset Password,11.68,31.12,39.24,55,6.03,25.48,Low,0
DIA-00836,ASVspoof2021-DF,audio,Audio Manipulation,1,1,1,0,0,0,Read Information,70.53,18.29,8.04,20,86.46,45.8,Low,1
DIA-00837,ASVspoof2021-LA,audio,Voice Conversion,1,1,1,1,0,1,Create Privileged Account,68.73,13.29,88.27,95,91.71,72.86,Medium,1
DIA-00838,ASVspoof2021-PA,audio,TTS,0,0,1,0,0,1,Transfer Funds,20.88,84.28,34.08,100,21.26,44.97,Low,0
DIA-00839,Celeb-DF++,video,Face Swap,0,0,0,1,0,0,Change MFA,26.88,92.18,48.4,70,2.09,42.49,Low,0
DIA-00840,Celeb-DF++,video,Face Reenactment,1,1,1,1,0,1,Access Internal Portal,75.23,19.41,84.75,35,87.01,65.08,Medium,1
DIA-00841,DFDC,video,Video Manipulation,0,1,1,0,0,1,Access Internal Portal,31.89,20.62,41.59,35,13.33,28.89,Low,0
DIA-00842,ASVspoof2021-LA,audio,Voice Conversion,1,1,0,0,0,0,Reset Password,67.53,42.78,19.82,55,71.98,53.29,Medium,1
DIA-00843,Celeb-DF++,video,Video Manipulation,1,1,1,0,0,0,Download Sensitive Data,60.91,14.15,18.62,75,84.23,52.22,Medium,1
DIA-00844,Celeb-DF++,video,Face Reenactment,0,1,1,0,0,0,Approve Payment,27.27,21.7,12.91,80,7.58,27.53,Low,0
DIA-00845,DFDC,video,Video Manipulation,1,1,0,0,0,1,Approve Payment,82.59,34.96,57.39,80,89.85,71.47,Medium,1
DIA-00846,ASVspoof2021-PA,audio,Audio Manipulation,1,0,1,1,0,0,Approve Payment,71.96,78.91,56.15,80,98.09,76.27,High,1
DIA-00847,Celeb-DF,video,Face Swap,1,0,1,0,0,0,Access Internal Portal,80.7,67.75,10.94,35,89.89,59.79,Medium,1
DIA-00848,ASVspoof2021-DF,audio,TTS,0,0,0,1,0,0,Access Internal Portal,20.41,100,46.66,35,15.01,38.71,Low,0
DIA-00849,DFDC,video,Video Manipulation,0,1,1,0,0,0,Transfer Funds,16.59,23.37,7.23,100,14.7,27.87,Low,0
DIA-00850,ASVspoof2021-PA,audio,Audio Manipulation,0,0,1,0,0,0,Access Internal Portal,18.05,74.39,12.66,35,24.74,29.3,Low,0
DIA-00851,DFDC,video,Face Swap,1,0,1,0,0,0,Download Sensitive Data,64.57,69.28,7.4,75,80.39,58.57,Medium,1
DIA-00852,DFDC,video,Talking Face,1,0,0,0,0,1,Reset Password,67.58,100,34.38,55,79.71,66.34,Medium,1
DIA-00853,ASVspoof2021-LA,audio,Audio Manipulation,1,0,1,0,0,0,Approve Payment,58.14,74.57,7.34,80,73.15,56.73,Medium,1
DIA-00854,ASVspoof2021-PA,audio,Audio Manipulation,0,0,1,0,0,0,Reset Password,7.06,44.27,17.19,55,5.72,21.59,Low,0
DIA-00855,DFDC,video,Face Reenactment,1,0,1,1,0,0,Read Information,72.22,63.46,31.98,20,93.09,59.2,Medium,1
DIA-00856,Celeb-DF++,video,Video Manipulation,1,1,1,0,0,1,Reset Password,84.18,16.35,54.82,55,83.67,63.65,Medium,1
DIA-00857,ASVspoof2021-DF,audio,Replay,1,1,1,0,0,1,Read Information,79.96,17.24,49.02,20,91.99,57.78,Medium,1
DIA-00858,ASVspoof2021-LA,audio,Audio Manipulation,0,1,1,0,0,1,Access Internal Portal,27.27,20.66,43.36,35,24.54,30.11,Low,0
DIA-00859,Celeb-DF,video,Face Swap,1,1,1,0,0,0,Change MFA,79.74,27.39,12.01,70,78.33,56.6,Medium,1
DIA-00860,Celeb-DF++,video,Talking Face,0,1,1,0,1,0,Transfer Funds,18.21,19.69,41.73,100,9.4,33.64,Low,0
DIA-00861,ASVspoof2021-LA,audio,TTS,0,1,1,0,0,0,Access Internal Portal,7.12,0,10.23,35,18.98,13.23,Low,0
DIA-00862,ASVspoof2021-DF,audio,Voice Conversion,1,1,1,1,0,0,Create Privileged Account,67.16,16.58,56.64,95,85.05,65.22,Medium,1
DIA-00863,ASVspoof2021-LA,audio,TTS,0,1,1,1,0,0,Download Sensitive Data,22.33,24.73,55.96,75,15.97,36.04,Low,0
DIA-00864,ASVspoof2021-DF,audio,Voice Conversion,0,0,1,1,0,0,Transfer Funds,17.36,70.89,51.23,100,20.5,45.19,Low,0
DIA-00865,DFDC,video,Video Manipulation,1,1,1,0,1,0,Download Sensitive Data,72.71,16.63,27.23,75,94.29,59.86,Medium,1
DIA-00866,ASVspoof2021-PA,audio,Replay,1,1,1,1,0,0,Read Information,81.29,11.05,49.32,20,86.97,56.3,Medium,1
DIA-00867,ASVspoof2021-LA,audio,Voice Conversion,0,1,0,1,0,0,Change MFA,3.95,47.59,35.71,70,7.87,27.54,Low,0
DIA-00868,ASVspoof2021-LA,audio,Voice Conversion,1,1,1,0,1,1,Read Information,69.4,12.17,73.12,20,85.41,57.35,Medium,1
DIA-00869,DFDC,video,Face Reenactment,0,1,1,1,0,0,Access Internal Portal,0,19.74,47.06,35,4.76,18.58,Low,0
DIA-00870,DFDC,video,Talking Face,0,1,1,0,0,0,Download Sensitive Data,16.99,18.43,5.69,75,17.53,23.76,Low,0
DIA-00871,ASVspoof2021-LA,audio,Voice Conversion,0,1,1,0,0,0,Transfer Funds,16.87,15.43,14.59,100,16.23,28.54,Low,0
DIA-00872,DFDC,video,Face Swap,1,1,1,0,0,0,Download Sensitive Data,85.54,18.87,1.11,75,81.04,56.17,Medium,1
DIA-00873,ASVspoof2021-PA,audio,Replay,0,1,0,0,0,1,Reset Password,39.24,41.61,45.78,55,18.17,39.05,Low,0
DIA-00874,Celeb-DF,video,Video Manipulation,0,1,1,0,0,0,Approve Payment,28.26,25.22,7.62,80,16.15,29.02,Low,0
DIA-00875,ASVspoof2021-DF,audio,Voice Conversion,1,0,1,0,0,0,Access Internal Portal,55.44,75.41,8.74,35,87.46,52.43,Medium,1
DIA-00876,ASVspoof2021-PA,audio,TTS,1,0,1,0,0,0,Read Information,54.81,78.32,11.99,20,72.83,48.16,Low,1
DIA-00877,Celeb-DF,video,Face Swap,1,1,1,1,0,0,Approve Payment,58.94,8.89,62.76,80,74.45,58.46,Medium,1
DIA-00878,Celeb-DF,video,Video Manipulation,1,0,1,0,0,0,Create Privileged Account,82.79,63.39,12.79,95,84.34,68.02,Medium,1
DIA-00879,ASVspoof2021-DF,audio,Audio Manipulation,0,0,0,0,0,0,Download Sensitive Data,7.99,95.5,19.51,75,19.07,35.69,Low,0
DIA-00880,ASVspoof2021-DF,audio,TTS,0,0,0,0,0,0,Change MFA,13.76,100,19.77,70,21.99,37.98,Low,0
DIA-00881,Celeb-DF++,video,Face Swap,0,1,1,0,0,0,Change MFA,8.1,19.25,15.39,70,16.38,22.17,Low,0
DIA-00882,ASVspoof2021-DF,audio,TTS,1,1,1,1,1,1,Reset Password,62.16,8.99,97.09,55,88.97,65.46,Medium,1
DIA-00883,ASVspoof2021-PA,audio,Voice Conversion,0,1,1,0,0,0,Transfer Funds,21.66,21.24,8.32,100,27.87,31.92,Low,0
DIA-00884,Celeb-DF++,video,Video Manipulation,0,1,1,0,0,0,Download Sensitive Data,19.69,9.98,2.37,75,18.34,22.8,Low,0
DIA-00885,DFDC,video,Face Swap,0,1,1,1,0,0,Create Privileged Account,0,20.39,70.05,95,4.79,32.28,Low,0
DIA-00886,Celeb-DF,video,Video Manipulation,0,1,1,0,0,0,Read Information,3.68,17.29,2.97,20,12.22,9.74,Low,0
DIA-00887,Celeb-DF,video,Face Swap,1,1,0,0,0,0,Reset Password,68.81,38.2,0,55,71.95,49.01,Low,1
DIA-00888,DFDC,video,Talking Face,1,0,1,0,0,1,Access Internal Portal,70.21,65.71,25.61,35,88.1,58.91,Medium,1
DIA-00889,DFDC,video,Face Reenactment,0,1,0,0,0,0,Read Information,13.59,41.07,2.75,20,10.97,15.98,Low,0
DIA-00890,ASVspoof2021-DF,audio,Audio Manipulation,1,0,0,1,0,1,Transfer Funds,82.66,95.66,85.86,100,88.67,89.05,High,1
DIA-00891,Celeb-DF,video,Face Reenactment,1,0,1,0,1,0,Read Information,50.13,61.63,42.61,20,78.77,51.56,Medium,1
DIA-00892,ASVspoof2021-PA,audio,Voice Conversion,0,0,1,0,0,0,Download Sensitive Data,11.46,74.82,2.51,75,11.42,28.7,Low,0
DIA-00893,Celeb-DF,video,Face Swap,0,0,1,1,0,0,Access Internal Portal,28.7,79.25,58.2,35,21.2,41.63,Low,0
DIA-00894,DFDC,video,Video Manipulation,1,1,0,0,0,0,Read Information,58.86,46.88,9.55,20,80.59,45.72,Low,1
DIA-00895,ASVspoof2021-LA,audio,Voice Conversion,0,1,1,0,0,0,Transfer Funds,21.44,17.52,6.6,100,11.69,27.72,Low,0
DIA-00896,ASVspoof2021-PA,audio,Voice Conversion,1,0,0,0,0,0,Reset Password,53.39,91.4,11.21,55,70.47,54.31,Medium,1
DIA-00897,Celeb-DF,video,Talking Face,1,1,1,0,0,1,Reset Password,61.94,16.03,54.92,55,85.69,57.36,Medium,1
DIA-00898,DFDC,video,Talking Face,1,1,1,0,1,1,Access Internal Portal,51.4,13.95,70.36,35,68.99,50.63,Medium,1
DIA-00899,DFDC,video,Talking Face,1,1,0,0,0,0,Approve Payment,43.37,40.99,2.24,80,94,50.41,Medium,1
DIA-00900,Celeb-DF++,video,Face Reenactment,1,1,1,0,0,0,Transfer Funds,60.76,22.49,12.97,100,93.78,57.95,Medium,1
DIA-00901,Celeb-DF++,video,Face Swap,1,1,0,0,0,0,Reset Password,70.95,39.14,12.86,55,70.43,52.06,Medium,1
DIA-00902,Celeb-DF,video,Face Swap,0,1,1,1,0,0,Create Privileged Account,21.74,0.3,48.67,95,23.08,35.17,Low,0
DIA-00903,DFDC,video,Face Swap,1,1,1,0,0,0,Change MFA,78.76,21.4,17.15,70,96.94,60.16,Medium,1
DIA-00904,Celeb-DF++,video,Talking Face,1,1,1,1,0,1,Download Sensitive Data,71.68,18.18,68.98,75,79.64,65.2,Medium,1
DIA-00905,ASVspoof2021-PA,audio,Replay,1,1,1,0,1,0,Create Privileged Account,42.68,16.2,37.5,95,80.83,53.15,Medium,1
DIA-00906,ASVspoof2021-DF,audio,Replay,1,1,0,0,0,0,Transfer Funds,69.79,30.6,15.49,100,83.32,60.29,Medium,1
DIA-00907,Celeb-DF++,video,Video Manipulation,0,1,1,0,1,1,Download Sensitive Data,11.14,8.34,59.86,75,20.92,32,Low,0
DIA-00908,DFDC,video,Face Swap,1,1,1,0,1,0,Reset Password,67.38,9.28,24.62,55,79.83,50.75,Medium,1
DIA-00909,Celeb-DF,video,Video Manipulation,1,1,1,0,1,1,Change MFA,45.86,10.33,76.99,70,87.59,58.72,Medium,1
DIA-00910,Celeb-DF,video,Video Manipulation,1,1,1,1,1,1,Create Privileged Account,72.97,11.08,100,95,83.95,74.59,Medium,1
DIA-00911,ASVspoof2021-LA,audio,Replay,1,0,0,1,0,0,Reset Password,78.73,85.55,59.52,55,83.83,73.37,Medium,1
DIA-00912,ASVspoof2021-LA,audio,Replay,1,1,1,0,0,0,Change MFA,72.39,32.21,5.15,70,90.93,56.26,Medium,1
DIA-00913,ASVspoof2021-PA,audio,TTS,1,0,0,0,0,0,Create Privileged Account,63.24,100,11.41,95,90.92,68.69,Medium,1
DIA-00914,ASVspoof2021-PA,audio,TTS,0,1,1,0,0,0,Create Privileged Account,17.44,17.22,12.33,95,0,24.53,Low,0
DIA-00915,ASVspoof2021-PA,audio,TTS,0,1,1,1,0,1,Change MFA,22.53,14.73,73.05,70,0,34.08,Low,0
DIA-00916,ASVspoof2021-PA,audio,Replay,1,1,1,0,0,0,Transfer Funds,62.72,29.61,11.1,100,85.75,57.63,Medium,1
DIA-00917,DFDC,video,Face Reenactment,1,0,1,0,0,1,Create Privileged Account,77.89,82.99,45.97,95,80.52,75.36,High,1
DIA-00918,DFDC,video,Face Swap,1,1,1,0,0,0,Change MFA,57.75,9.08,15.22,70,69.55,46.14,Low,1
DIA-00919,Celeb-DF,video,Face Swap,0,1,0,0,0,0,Reset Password,10.83,41.98,6,55,11.34,21.26,Low,0
DIA-00920,ASVspoof2021-DF,audio,TTS,0,1,1,0,0,0,Access Internal Portal,0.62,13.54,18.75,35,38.36,18.89,Low,0
DIA-00921,DFDC,video,Talking Face,0,1,0,0,1,1,Read Information,30.11,37.85,70.56,20,7.56,33.33,Low,0
DIA-00922,ASVspoof2021-LA,audio,Replay,1,0,1,0,0,0,Access Internal Portal,62.48,68.68,21.97,35,90.59,56.81,Medium,1
DIA-00923,ASVspoof2021-DF,audio,Replay,1,0,1,0,0,0,Read Information,52.11,69.31,15.23,20,73.17,46.71,Low,1
DIA-00924,ASVspoof2021-DF,audio,TTS,1,1,1,0,0,1,Reset Password,80.05,16.69,46.94,55,73.94,58.94,Medium,1
DIA-00925,DFDC,video,Face Swap,0,1,1,1,0,0,Transfer Funds,21.89,16.73,41.73,100,11.96,34.81,Low,0
DIA-00926,Celeb-DF,video,Face Swap,1,1,1,0,0,1,Access Internal Portal,62.24,26.51,35.76,35,69.77,49,Low,1
DIA-00927,DFDC,video,Video Manipulation,1,0,0,0,0,0,Change MFA,75.22,88.54,21.21,70,71.69,64.93,Medium,1
DIA-00928,ASVspoof2021-LA,audio,Replay,0,1,0,0,1,1,Change MFA,18.64,47.74,76.14,70,10.14,40.51,Low,0
DIA-00929,ASVspoof2021-DF,audio,Voice Conversion,1,1,1,0,0,0,Download Sensitive Data,48.14,6.4,8,75,69.22,42.1,Low,1
DIA-00930,ASVspoof2021-DF,audio,TTS,1,0,1,0,0,0,Download Sensitive Data,75.94,71.89,7.08,75,84.67,63.17,Medium,1
DIA-00931,Celeb-DF,video,Face Reenactment,0,0,1,1,0,0,Download Sensitive Data,13.16,78.35,51.55,75,16.81,40.62,Low,0
DIA-00932,Celeb-DF,video,Video Manipulation,0,1,1,0,0,0,Read Information,50.62,19.55,0.58,20,17.55,24.74,Low,0
DIA-00933,Celeb-DF++,video,Face Swap,1,1,1,1,0,0,Reset Password,65.5,12.47,46.73,55,89.04,56.92,Medium,1
DIA-00934,ASVspoof2021-LA,audio,Audio Manipulation,1,1,1,0,1,0,Transfer Funds,43.23,17.28,39.29,100,71.83,52.78,Medium,1
DIA-00935,ASVspoof2021-LA,audio,Voice Conversion,1,0,0,0,0,0,Transfer Funds,84.7,100,15.22,100,86.79,75.81,High,1
DIA-00936,DFDC,video,Face Swap,1,1,1,0,0,0,Read Information,64.78,10.27,7.42,20,63.67,38.19,Low,1
DIA-00937,ASVspoof2021-PA,audio,Audio Manipulation,0,1,1,0,1,1,Approve Payment,25.22,19.53,81.2,80,19.04,42.54,Low,0
DIA-00938,DFDC,video,Talking Face,1,1,0,0,0,0,Access Internal Portal,69.6,47.72,17.31,35,100,56.75,Medium,1
DIA-00939,ASVspoof2021-PA,audio,Replay,1,1,1,0,1,0,Download Sensitive Data,50.43,11.9,29.62,75,86.76,51.44,Medium,1
DIA-00940,DFDC,video,Face Swap,0,1,1,0,0,1,Read Information,0,28.88,36.07,20,10.45,16.64,Low,0
DIA-00941,Celeb-DF,video,Face Reenactment,1,0,0,0,0,0,Create Privileged Account,86.89,100,14.16,95,78.3,73.81,Medium,1
DIA-00942,ASVspoof2021-LA,audio,Replay,0,1,1,0,0,1,Transfer Funds,5.2,23.75,41.85,100,27.99,34.09,Low,0
DIA-00943,DFDC,video,Talking Face,0,1,1,1,1,0,Read Information,40.42,23.77,70.52,20,20.66,36.93,Low,0
DIA-00944,Celeb-DF++,video,Face Swap,0,0,1,0,1,0,Change MFA,23.19,56.17,36.56,70,11.74,35.54,Low,0
DIA-00945,Celeb-DF++,video,Talking Face,1,1,0,0,0,1,Access Internal Portal,72.33,29.43,50.04,35,79.25,57.22,Medium,1
DIA-00946,Celeb-DF,video,Video Manipulation,0,1,1,0,0,0,Access Internal Portal,12.25,14.32,15.54,35,33.72,20.92,Low,0
DIA-00947,ASVspoof2021-DF,audio,Audio Manipulation,0,0,1,0,0,0,Create Privileged Account,42.8,64.74,10.39,95,21.64,43.21,Low,0
DIA-00948,ASVspoof2021-LA,audio,TTS,1,1,1,0,0,0,Read Information,57.78,20.01,0,20,85.5,40.44,Low,1
DIA-00949,ASVspoof2021-LA,audio,Audio Manipulation,0,0,1,0,0,0,Read Information,10.09,47.22,16.68,20,12.69,18.98,Low,0
DIA-00950,Celeb-DF,video,Talking Face,1,1,1,0,0,0,Reset Password,72.81,19.96,4.36,55,84.61,50.88,Medium,1
DIA-00951,Celeb-DF++,video,Face Swap,1,1,1,0,0,1,Reset Password,63,13.59,47.16,55,78.93,54.41,Medium,1
DIA-00952,Celeb-DF,video,Face Swap,0,1,0,0,0,0,Transfer Funds,6.28,35.67,9.14,100,26.37,29.34,Low,0
DIA-00953,Celeb-DF,video,Video Manipulation,0,1,1,0,0,0,Change MFA,16.78,30.25,25.71,70,16.59,28.53,Low,0
DIA-00954,DFDC,video,Face Swap,1,1,0,1,0,0,Download Sensitive Data,77.98,37.54,64.41,75,73.82,67.92,Medium,1
DIA-00955,ASVspoof2021-PA,audio,TTS,0,1,0,0,0,0,Read Information,38.09,27.07,6.78,20,25.07,24.86,Low,0
DIA-00956,ASVspoof2021-PA,audio,Voice Conversion,0,1,0,0,0,0,Reset Password,40.33,43.66,0.59,55,21.05,31.23,Low,0
DIA-00957,ASVspoof2021-LA,audio,Replay,1,1,0,0,1,0,Access Internal Portal,45.72,43.06,26.14,35,81.86,47.03,Low,1
DIA-00958,Celeb-DF++,video,Talking Face,1,0,1,0,0,0,Reset Password,76.89,68.61,11.9,55,83.24,60.64,Medium,1
DIA-00959,Celeb-DF++,video,Talking Face,1,1,0,0,1,0,Reset Password,54.6,58.81,31.22,55,75.78,54.85,Medium,1
DIA-00960,Celeb-DF++,video,Video Manipulation,1,1,1,1,0,1,Read Information,65.14,16.68,77.22,20,91.33,58.75,Medium,1
DIA-00961,Celeb-DF++,video,Video Manipulation,1,1,1,0,0,1,Download Sensitive Data,64.49,23.12,41.33,75,99.85,62.3,Medium,1
DIA-00962,Celeb-DF++,video,Face Swap,1,1,1,1,0,0,Download Sensitive Data,63.79,17.58,53.16,75,66.22,56.9,Medium,1
DIA-00963,DFDC,video,Face Swap,1,1,1,0,0,0,Download Sensitive Data,53.66,25.16,9.45,75,81.15,49.24,Low,1
DIA-00964,DFDC,video,Face Swap,1,1,1,0,0,0,Change MFA,39.85,12.35,6.62,70,72.1,40.05,Low,1
DIA-00965,ASVspoof2021-PA,audio,Voice Conversion,1,1,0,0,0,0,Download Sensitive Data,81.34,31.49,7.5,75,79.13,57.7,Medium,1
DIA-00966,Celeb-DF++,video,Face Reenactment,1,1,1,1,0,0,Approve Payment,80.32,21.13,48.87,80,67.67,62.57,Medium,1
DIA-00967,ASVspoof2021-PA,audio,Audio Manipulation,0,1,1,0,0,0,Reset Password,17.25,17.39,11.56,55,19.56,22.26,Low,0
DIA-00968,DFDC,video,Face Reenactment,1,0,1,1,1,0,Access Internal Portal,59.79,76.36,76.97,35,77.6,65.55,Medium,1
DIA-00969,ASVspoof2021-DF,audio,TTS,1,1,0,1,0,1,Approve Payment,89.02,35.07,73.46,80,84.37,75.53,High,1
DIA-00970,DFDC,video,Video Manipulation,0,1,1,0,0,1,Access Internal Portal,21.74,18.84,46.17,35,28.26,29.48,Low,0
DIA-00971,Celeb-DF,video,Face Reenactment,0,1,1,0,0,0,Reset Password,11.11,2.25,7.47,55,10.82,15.58,Low,0
DIA-00972,DFDC,video,Video Manipulation,1,0,0,0,0,0,Download Sensitive Data,47.35,91.16,2.9,75,74.5,54.61,Medium,1
DIA-00973,DFDC,video,Video Manipulation,0,1,0,1,1,0,Download Sensitive Data,28.36,34.36,72.39,75,7.07,40.8,Low,0
DIA-00974,ASVspoof2021-PA,audio,Audio Manipulation,0,1,1,1,0,0,Approve Payment,18.76,18.97,58.09,80,8.52,33.8,Low,0
DIA-00975,Celeb-DF,video,Video Manipulation,0,1,1,0,0,0,Change MFA,20.31,11.13,15.66,70,30.28,27.45,Low,0
DIA-00976,ASVspoof2021-DF,audio,TTS,0,1,1,0,0,0,Change MFA,19.29,4.02,10.68,70,22.33,23.49,Low,0
DIA-00977,Celeb-DF++,video,Talking Face,1,1,0,0,1,0,Read Information,72.43,35.45,28.72,20,96.7,55.13,Medium,1
DIA-00978,Celeb-DF++,video,Face Reenactment,0,1,1,0,0,0,Create Privileged Account,19.83,19.79,0.48,95,9.39,25.14,Low,0
DIA-00979,Celeb-DF++,video,Talking Face,0,0,1,0,1,0,Access Internal Portal,14.09,71.05,28.41,35,18.77,29.57,Low,0
DIA-00980,DFDC,video,Talking Face,1,0,1,1,0,0,Create Privileged Account,76.55,64.04,50.09,95,95.57,75.95,High,1
DIA-00981,ASVspoof2021-PA,audio,Replay,0,1,1,0,0,0,Approve Payment,27.9,21.71,10.23,80,24.19,30.51,Low,0
DIA-00982,ASVspoof2021-LA,audio,Voice Conversion,0,1,1,1,1,1,Transfer Funds,44.46,27.52,100,100,37.34,59.93,Medium,0
DIA-00983,ASVspoof2021-LA,audio,Audio Manipulation,1,1,1,1,0,0,Transfer Funds,58.12,22.27,56.14,100,85.15,64.03,Medium,1
DIA-00984,Celeb-DF++,video,Talking Face,1,1,1,0,0,1,Change MFA,82.68,0,47.69,70,87.65,62.37,Medium,1
DIA-00985,DFDC,video,Video Manipulation,1,1,0,0,0,0,Change MFA,47.98,41.9,0,70,57.81,42.74,Low,1
DIA-00986,ASVspoof2021-PA,audio,TTS,1,0,1,0,0,0,Transfer Funds,76.61,68.87,10.76,100,89.9,68.45,Medium,1
DIA-00987,Celeb-DF,video,Video Manipulation,1,1,0,0,0,0,Transfer Funds,58.95,23.71,15.29,100,87.12,56.72,Medium,1
DIA-00988,DFDC,video,Face Reenactment,0,1,1,0,0,0,Approve Payment,26.71,4.68,11.42,80,29,28.8,Low,0
DIA-00989,Celeb-DF,video,Face Reenactment,1,1,1,0,0,0,Transfer Funds,81.87,21.39,14.07,100,80.32,61.65,Medium,1
DIA-00990,ASVspoof2021-LA,audio,Audio Manipulation,1,0,1,0,1,0,Download Sensitive Data,67.97,71.49,33.16,75,83.69,65.73,Medium,1
DIA-00991,ASVspoof2021-DF,audio,Voice Conversion,0,1,1,1,0,0,Read Information,22.48,15.65,49.54,20,3.31,22.66,Low,0
DIA-00992,ASVspoof2021-LA,audio,Voice Conversion,1,0,0,0,0,0,Download Sensitive Data,64.92,89.8,9.69,75,68.71,59.88,Medium,1
DIA-00993,ASVspoof2021-LA,audio,Audio Manipulation,0,0,1,0,0,0,Reset Password,12.82,78.66,11.29,55,19.82,30.12,Low,0
DIA-00994,DFDC,video,Video Manipulation,1,1,0,1,1,0,Read Information,83.37,30.16,70.95,20,99.24,66.57,Medium,1
DIA-00995,ASVspoof2021-PA,audio,Voice Conversion,1,1,1,0,0,0,Download Sensitive Data,64.81,7.9,17.65,75,94.92,54.39,Medium,1
DIA-00996,Celeb-DF++,video,Face Reenactment,1,1,1,0,0,0,Download Sensitive Data,42.07,12.46,19.96,75,81.46,46.02,Low,1
DIA-00997,ASVspoof2021-DF,audio,TTS,0,1,1,0,0,0,Approve Payment,27.73,2.79,6.28,80,37.35,29.46,Low,0
DIA-00998,DFDC,video,Face Swap,1,1,1,0,0,0,Create Privileged Account,75.15,7.95,1.82,95,82.25,54.8,Medium,1
DIA-00999,ASVspoof2021-PA,audio,Replay,1,1,0,0,0,0,Reset Password,66.47,48.49,0.58,55,91.7,53.92,Medium,1
DIA-01000,Celeb-DF,video,Face Reenactment,0,0,1,0,0,0,Transfer Funds,9.33,63.25,12.83,100,2.47,30.35,Low,0
DIA-01001,DFDC,video,Video Manipulation,0,0,1,0,0,0,Change MFA,5.24,76.25,14.11,70,0,26.33,Low,0
DIA-01002,Celeb-DF++,video,Face Swap,1,1,0,0,0,0,Change MFA,57.36,45.08,12.86,70,77.01,52.44,Medium,1
DIA-01003,DFDC,video,Talking Face,0,1,1,0,0,0,Access Internal Portal,20.19,13.65,13.47,35,15.96,19.24,Low,0
DIA-01004,DFDC,video,Talking Face,1,1,1,0,0,0,Transfer Funds,45.72,3.65,6.02,100,80.54,46.58,Low,1
DIA-01005,ASVspoof2021-DF,audio,Replay,1,1,1,1,0,1,Change MFA,80.67,15.51,71.07,70,85.49,68.34,Medium,1
DIA-01006,Celeb-DF,video,Face Swap,0,1,1,1,0,0,Access Internal Portal,23.8,0,46.52,35,21.2,25.93,Low,0
DIA-01007,ASVspoof2021-PA,audio,Voice Conversion,1,1,0,0,0,0,Create Privileged Account,80.16,35.77,21.58,95,100,67.98,Medium,1
DIA-01008,Celeb-DF,video,Talking Face,0,0,1,0,0,0,Transfer Funds,25.71,71.95,11.85,100,25.07,40.89,Low,0
DIA-01009,ASVspoof2021-DF,audio,Voice Conversion,1,1,1,0,1,0,Access Internal Portal,58.05,21.96,37.97,35,74.62,48.48,Low,1
DIA-01010,Celeb-DF++,video,Video Manipulation,1,0,0,1,0,0,Download Sensitive Data,52.4,93.79,56.33,75,57.49,63.8,Medium,1
DIA-01011,ASVspoof2021-DF,audio,Replay,0,1,1,1,0,1,Transfer Funds,18.97,10.14,79.12,100,7.06,39.45,Low,0
DIA-01012,ASVspoof2021-DF,audio,Voice Conversion,1,1,1,0,0,0,Approve Payment,81.19,9.5,11.56,80,99.39,59.97,Medium,1
DIA-01013,Celeb-DF++,video,Face Swap,1,0,0,0,0,0,Change MFA,69.24,91.25,13.59,70,79.78,63.63,Medium,1
DIA-01014,ASVspoof2021-PA,audio,TTS,1,1,1,0,0,0,Download Sensitive Data,72.57,19.99,3.47,75,91.25,54.96,Medium,1
DIA-01015,Celeb-DF,video,Face Reenactment,0,1,1,0,0,0,Read Information,11.08,17.8,12.55,20,20.53,15.61,Low,0
DIA-01016,DFDC,video,Face Reenactment,1,0,0,0,0,0,Transfer Funds,71.33,94.82,19.07,100,84.33,71.3,Medium,1
DIA-01017,ASVspoof2021-DF,audio,Audio Manipulation,1,1,1,0,1,0,Download Sensitive Data,49.28,20.04,32.2,75,78.54,51.19,Medium,1
DIA-01018,ASVspoof2021-LA,audio,Audio Manipulation,0,1,0,0,1,0,Read Information,28.29,40,22.94,20,13.09,24.69,Low,0
DIA-01019,DFDC,video,Face Swap,1,1,1,0,1,0,Reset Password,53.29,4.32,36.21,55,100,52.13,Medium,1
DIA-01020,Celeb-DF++,video,Talking Face,0,1,1,0,0,0,Change MFA,0,6.12,5.4,70,3.4,13.18,Low,0
DIA-01021,ASVspoof2021-PA,audio,Voice Conversion,1,1,1,0,1,0,Transfer Funds,90.89,19.81,36.27,100,99.81,72.45,Medium,1
DIA-01022,ASVspoof2021-LA,audio,TTS,0,0,1,0,0,0,Transfer Funds,19.48,59.01,4.1,100,24.35,35.39,Low,0
DIA-01023,ASVspoof2021-PA,audio,Replay,1,1,0,0,0,0,Reset Password,67.18,36.95,10.43,55,89.33,53.9,Medium,1
DIA-01024,Celeb-DF++,video,Talking Face,0,1,1,0,0,1,Access Internal Portal,2.43,14.09,53.59,35,11.53,21.12,Low,0
DIA-01025,ASVspoof2021-DF,audio,TTS,0,1,1,1,0,0,Read Information,29.85,6.73,49.81,20,6.14,24.15,Low,0
DIA-01026,Celeb-DF,video,Face Reenactment,1,1,1,0,0,0,Download Sensitive Data,75.75,1.66,0,75,75.6,49.34,Low,1
DIA-01027,ASVspoof2021-PA,audio,Replay,1,0,1,1,0,0,Change MFA,68.81,60.6,52.63,70,77.23,66.2,Medium,1
DIA-01028,Celeb-DF,video,Face Reenactment,1,1,1,0,0,0,Download Sensitive Data,75.79,0.52,10.14,75,89.28,53.95,Medium,1
DIA-01029,ASVspoof2021-DF,audio,Voice Conversion,1,1,1,0,0,1,Reset Password,83.88,19.89,46.49,55,95.98,64.89,Medium,1
DIA-01030,Celeb-DF++,video,Face Swap,0,1,1,0,0,1,Create Privileged Account,28.78,18.18,51.81,95,22.02,40.38,Low,0
DIA-01031,ASVspoof2021-DF,audio,TTS,1,0,0,0,1,0,Download Sensitive Data,42.17,88.92,31.32,75,79.88,59.48,Medium,1
DIA-01032,ASVspoof2021-DF,audio,Audio Manipulation,0,1,0,1,0,0,Transfer Funds,10.33,29.06,47.98,100,23.97,36.85,Low,0
DIA-01033,Celeb-DF++,video,Talking Face,0,1,1,0,0,0,Access Internal Portal,36.56,24.33,2.79,35,2.33,20.89,Low,0
DIA-01034,ASVspoof2021-PA,audio,TTS,1,0,0,1,0,1,Reset Password,76.91,98.52,86.35,55,66.36,76.64,High,1
DIA-01035,Celeb-DF++,video,Face Reenactment,1,1,1,1,1,0,Download Sensitive Data,71.96,10.03,76.17,75,71.06,63.79,Medium,1
DIA-01036,ASVspoof2021-DF,audio,TTS,0,1,1,1,0,0,Approve Payment,13.85,24.5,48.18,80,23.79,34.22,Low,0
DIA-01037,Celeb-DF,video,Face Reenactment,0,0,1,0,0,0,Reset Password,10.99,71.1,15.23,55,0,25.26,Low,0
DIA-01038,Celeb-DF++,video,Face Swap,1,0,0,0,1,0,Download Sensitive Data,79.12,97.54,27.74,75,86.69,72.5,Medium,1
DIA-01039,Celeb-DF++,video,Talking Face,0,1,1,1,0,1,Download Sensitive Data,44.48,6.66,85.89,75,14.93,45.76,Low,0
DIA-01040,DFDC,video,Talking Face,0,0,1,0,0,0,Approve Payment,26.77,57.87,14.21,80,20.09,35.57,Low,0
DIA-01041,DFDC,video,Talking Face,0,1,1,1,0,1,Approve Payment,34.07,2.44,81.21,80,19.24,42.68,Low,0
DIA-01042,ASVspoof2021-DF,audio,Voice Conversion,0,0,1,0,0,0,Access Internal Portal,24.89,86.66,0.39,35,20.48,29.89,Low,0
DIA-01043,ASVspoof2021-DF,audio,Voice Conversion,0,1,0,1,1,0,Read Information,22.23,33.38,63.13,20,13.96,30.09,Low,0
DIA-01044,ASVspoof2021-DF,audio,TTS,1,1,1,1,1,0,Reset Password,57.76,15.52,76.09,55,87.81,60.69,Medium,1
DIA-01045,DFDC,video,Face Swap,0,1,0,1,0,0,Access Internal Portal,7.38,43.68,61.86,35,27.02,31.79,Low,0
DIA-01046,Celeb-DF,video,Face Reenactment,1,0,1,0,0,1,Download Sensitive Data,85.46,69.83,40.73,75,99.75,75.46,High,1
DIA-01047,DFDC,video,Face Reenactment,1,0,1,0,1,0,Download Sensitive Data,65.64,68.77,38.16,75,80.15,64.92,Medium,1
DIA-01048,ASVspoof2021-LA,audio,Replay,1,1,0,0,0,0,Read Information,71.25,38.59,0,20,77.03,45.57,Low,1
DIA-01049,ASVspoof2021-LA,audio,TTS,1,1,1,0,0,0,Create Privileged Account,68.32,18.84,12.61,95,85.84,57.26,Medium,1
DIA-01050,Celeb-DF,video,Face Reenactment,1,1,1,0,1,1,Approve Payment,73.88,6.68,62.38,80,100,67.64,Medium,1
DIA-01051,ASVspoof2021-DF,audio,Audio Manipulation,1,1,1,0,0,0,Change MFA,69.79,11.48,7.25,70,83.97,51.4,Medium,1
DIA-01052,DFDC,video,Video Manipulation,1,0,1,1,0,0,Access Internal Portal,78.67,51.57,50.55,35,94.22,65.54,Medium,1
DIA-01053,Celeb-DF,video,Video Manipulation,1,1,1,0,0,1,Access Internal Portal,62.56,0.1,33.37,35,89.69,48.64,Low,1
DIA-01054,DFDC,video,Face Reenactment,1,0,1,0,0,0,Transfer Funds,79.01,59.62,32.02,100,93.7,72.79,Medium,1
DIA-01055,Celeb-DF,video,Face Swap,1,0,0,0,0,1,Access Internal Portal,62.88,100,40.76,35,94.18,66.1,Medium,1
DIA-01056,ASVspoof2021-DF,audio,TTS,0,1,0,1,0,0,Create Privileged Account,25.63,37.82,54.25,95,6.56,39.77,Low,0
DIA-01057,ASVspoof2021-PA,audio,TTS,1,1,1,0,0,1,Approve Payment,57.99,20.58,55.45,80,72.83,58.14,Medium,1
DIA-01058,DFDC,video,Video Manipulation,1,0,1,0,0,0,Download Sensitive Data,64.17,73.08,12.05,75,83.47,60.57,Medium,1
DIA-01059,ASVspoof2021-DF,audio,Audio Manipulation,0,0,1,0,1,0,Create Privileged Account,10.74,72.08,26.41,95,25.76,38.72,Low,0
DIA-01060,ASVspoof2021-DF,audio,Audio Manipulation,1,0,0,0,1,1,Transfer Funds,71.27,87.45,70.72,100,95.87,82.82,High,1
DIA-01061,ASVspoof2021-PA,audio,Replay,0,1,1,0,0,0,Reset Password,26.09,15.6,0,55,18.11,22.04,Low,0
DIA-01062,ASVspoof2021-DF,audio,Voice Conversion,0,1,0,1,0,0,Transfer Funds,23.84,42.04,47.68,100,26.94,43.38,Low,0
DIA-01063,Celeb-DF,video,Face Reenactment,1,0,1,0,0,0,Access Internal Portal,87.57,87.61,21.74,35,85.1,66.03,Medium,1
DIA-01064,ASVspoof2021-DF,audio,Audio Manipulation,0,1,1,0,0,0,Create Privileged Account,26.76,12.23,0.12,95,11.25,26.39,Low,0
DIA-01065,Celeb-DF,video,Video Manipulation,0,1,1,1,0,1,Change MFA,25.49,20.86,79.23,70,6.41,38.4,Low,0
DIA-01066,ASVspoof2021-PA,audio,Replay,0,0,1,0,0,1,Approve Payment,22.05,69.01,57.98,80,16.28,43.82,Low,0
DIA-01067,Celeb-DF,video,Video Manipulation,1,1,1,0,1,0,Create Privileged Account,70.16,9.38,33.78,95,81.42,59.74,Medium,1
DIA-01068,ASVspoof2021-DF,audio,Voice Conversion,0,1,1,0,1,0,Change MFA,25.75,21.96,28.74,70,27.47,32.76,Low,0
DIA-01069,DFDC,video,Face Reenactment,1,1,0,0,0,0,Read Information,52.43,55.13,12.72,20,85.17,46.58,Low,1
DIA-01070,Celeb-DF++,video,Video Manipulation,1,0,1,0,1,0,Create Privileged Account,73,72.1,31.72,95,85.74,70.46,Medium,1
DIA-01071,ASVspoof2021-LA,audio,Voice Conversion,1,1,0,1,0,1,Access Internal Portal,62.71,34.54,65.99,35,83.2,59.08,Medium,1
DIA-01072,ASVspoof2021-DF,audio,Audio Manipulation,1,1,1,1,0,0,Approve Payment,76.94,18.74,40.48,80,82.46,62.48,Medium,1
DIA-01073,Celeb-DF++,video,Face Reenactment,1,0,1,1,0,1,Change MFA,88.1,72.24,99.4,70,73.01,82.25,High,1
DIA-01074,ASVspoof2021-PA,audio,Voice Conversion,0,1,1,0,1,0,Change MFA,21.3,32.73,37.3,70,6.68,30.6,Low,0
DIA-01075,ASVspoof2021-LA,audio,TTS,1,1,1,0,0,0,Reset Password,40.42,20.94,20.25,55,84.18,44.4,Low,1
DIA-01076,Celeb-DF,video,Talking Face,1,0,1,1,0,1,Download Sensitive Data,56.39,62.53,77.8,75,79.85,69.08,Medium,1
DIA-01077,ASVspoof2021-DF,audio,Voice Conversion,0,1,1,0,0,0,Access Internal Portal,24.19,25.2,9.61,35,6.24,19.46,Low,0
DIA-01078,Celeb-DF++,video,Face Reenactment,0,0,1,0,0,0,Access Internal Portal,0,76.2,8.82,35,24.3,23.3,Low,0
DIA-01079,ASVspoof2021-DF,audio,Replay,1,0,0,0,0,0,Change MFA,72.71,100,6.17,70,100,68.55,Medium,1
DIA-01080,Celeb-DF,video,Face Swap,0,1,1,0,0,0,Create Privileged Account,28.83,18.56,11.47,95,30.05,33.99,Low,0
DIA-01081,Celeb-DF,video,Face Swap,1,1,1,0,1,0,Download Sensitive Data,78.49,23.07,27.2,75,90.44,61.79,Medium,1
DIA-01082,ASVspoof2021-PA,audio,Audio Manipulation,0,1,0,0,0,0,Transfer Funds,15.34,43.52,18.47,100,18.41,33.51,Low,0
DIA-01083,ASVspoof2021-PA,audio,Replay,1,1,1,0,0,0,Reset Password,70.82,12.96,13.27,55,84.48,50.99,Medium,1
DIA-01084,ASVspoof2021-LA,audio,Replay,0,1,0,0,0,0,Read Information,20.3,41.07,8.78,20,18.55,20.72,Low,0
DIA-01085,ASVspoof2021-PA,audio,TTS,1,1,1,0,0,0,Reset Password,49.8,14.07,10.93,55,85.11,44.51,Low,1
DIA-01086,ASVspoof2021-LA,audio,Replay,0,0,1,0,0,0,Read Information,26.2,72.73,7.88,20,24.92,28.33,Low,0
DIA-01087,ASVspoof2021-LA,audio,Voice Conversion,0,1,1,0,0,1,Download Sensitive Data,38.3,15.64,32.94,75,25.66,36.81,Low,0
DIA-01088,ASVspoof2021-LA,audio,Replay,0,0,1,0,0,0,Transfer Funds,25.58,67.48,3.07,100,0,33.41,Low,0
DIA-01089,Celeb-DF++,video,Face Swap,0,1,1,0,0,1,Change MFA,17.47,13.55,43.74,70,26.73,31.87,Low,0
DIA-01090,Celeb-DF++,video,Talking Face,1,1,1,0,1,0,Access Internal Portal,74.14,14.97,32.53,35,87.33,53.71,Medium,1
DIA-01091,Celeb-DF,video,Talking Face,1,1,1,0,0,0,Download Sensitive Data,80.27,0.75,14.53,75,74.85,53.32,Medium,1
DIA-01092,ASVspoof2021-DF,audio,Voice Conversion,0,1,1,0,0,0,Approve Payment,30.83,23.2,13.92,80,21.49,31.81,Low,0
DIA-01093,Celeb-DF,video,Face Swap,1,1,1,0,0,0,Create Privileged Account,77.3,17.78,6.08,95,89.05,59.13,Medium,1
DIA-01094,Celeb-DF,video,Video Manipulation,0,1,1,0,0,0,Change MFA,0.49,10.11,3.3,70,0,12.82,Low,0
DIA-01095,ASVspoof2021-DF,audio,Replay,0,0,1,1,0,0,Change MFA,27.38,74.73,55.28,70,13.06,43.59,Low,0
DIA-01096,Celeb-DF++,video,Talking Face,1,1,1,0,0,1,Download Sensitive Data,78.1,10.94,46.33,75,76.57,60.9,Medium,1
DIA-01097,DFDC,video,Video Manipulation,1,1,1,0,0,1,Access Internal Portal,82.43,10.93,40.65,35,78.84,55.52,Medium,1
DIA-01098,ASVspoof2021-LA,audio,Replay,1,0,1,0,0,0,Read Information,71.67,73,2.01,20,90.05,53.86,Medium,1
DIA-01099,ASVspoof2021-LA,audio,TTS,0,1,1,1,0,0,Create Privileged Account,40.07,26.44,45.27,95,16.42,42.58,Low,0
DIA-01100,DFDC,video,Face Reenactment,0,1,1,0,0,0,Access Internal Portal,0,17.24,12.74,35,12.84,12.95,Low,0
DIA-01101,DFDC,video,Video Manipulation,1,1,0,1,0,1,Approve Payment,82.14,33.79,96.81,80,94.17,79.91,High,1
DIA-01102,Celeb-DF,video,Face Reenactment,0,1,1,0,0,1,Download Sensitive Data,28.27,12.19,43.52,75,15.16,33.3,Low,0
DIA-01103,ASVspoof2021-LA,audio,Audio Manipulation,0,1,1,0,0,0,Change MFA,27.93,21.79,4.17,70,25.98,28.18,Low,0
DIA-01104,ASVspoof2021-LA,audio,TTS,1,1,1,0,0,0,Change MFA,82.96,18.23,25.1,70,99.94,63.13,Medium,1
DIA-01105,DFDC,video,Face Reenactment,1,1,1,0,0,1,Transfer Funds,61.23,22.68,42.4,100,89.92,63.24,Medium,1
DIA-01106,ASVspoof2021-LA,audio,Voice Conversion,0,1,1,0,0,0,Create Privileged Account,34.59,18.15,4.44,95,26.05,33.45,Low,0
DIA-01107,DFDC,video,Talking Face,0,1,0,0,0,1,Access Internal Portal,31.96,46.17,42.15,35,27.68,35.73,Low,0
DIA-01108,Celeb-DF,video,Face Swap,1,0,1,0,0,0,Transfer Funds,63.94,86.1,6.8,100,86.54,65.76,Medium,1
DIA-01109,ASVspoof2021-PA,audio,TTS,0,1,0,0,0,1,Access Internal Portal,13,29.18,53.89,35,22.89,28.88,Low,0
DIA-01110,DFDC,video,Talking Face,0,1,0,1,1,0,Create Privileged Account,25.16,59.26,63.28,95,7.73,44.89,Low,0
DIA-01111,DFDC,video,Face Reenactment,0,0,1,1,0,0,Change MFA,26.14,77.49,54.16,70,17.87,44.37,Low,0
DIA-01112,Celeb-DF++,video,Video Manipulation,1,1,1,0,0,0,Change MFA,69.75,36,9.92,70,87.97,56.4,Medium,1
DIA-01113,ASVspoof2021-DF,audio,Audio Manipulation,1,1,1,1,0,0,Download Sensitive Data,64.1,7.13,46.1,75,82.35,57.24,Medium,1
DIA-01114,ASVspoof2021-PA,audio,Voice Conversion,0,1,0,1,0,1,Change MFA,34.7,43.06,82.65,70,43.2,52.54,Medium,0
DIA-01115,ASVspoof2021-PA,audio,Replay,0,0,1,1,1,0,Access Internal Portal,18.54,71.28,73.25,35,14.91,39.14,Low,0
DIA-01116,DFDC,video,Face Reenactment,1,1,1,0,1,0,Access Internal Portal,79.38,22.07,35.62,35,70.8,53.66,Medium,1
DIA-01117,DFDC,video,Face Reenactment,1,1,1,0,0,0,Approve Payment,84.81,18.76,6.84,80,88.7,59.36,Medium,1
DIA-01118,ASVspoof2021-LA,audio,Replay,1,0,1,1,0,0,Approve Payment,62.06,72.86,49.54,80,89.97,69.45,Medium,1
DIA-01119,Celeb-DF,video,Face Reenactment,0,1,1,0,1,0,Change MFA,18.66,21.23,29.56,70,8.81,26.96,Low,0
DIA-01120,ASVspoof2021-PA,audio,TTS,1,0,0,0,0,0,Change MFA,76.69,94.15,25.27,70,85.84,69.85,Medium,1
DIA-01121,ASVspoof2021-DF,audio,Voice Conversion,1,1,1,0,1,0,Change MFA,69.03,10.87,42.06,70,83.6,57.97,Medium,1
DIA-01122,DFDC,video,Video Manipulation,1,1,0,0,0,0,Create Privileged Account,51.12,43.63,13.42,95,79.24,54.66,Medium,1
DIA-01123,ASVspoof2021-LA,audio,Voice Conversion,0,0,1,0,0,0,Read Information,27.51,65.86,6.89,20,13.49,25.21,Low,0
DIA-01124,DFDC,video,Face Reenactment,1,0,1,0,0,0,Approve Payment,59.34,69,15.75,80,91.71,61.64,Medium,1
DIA-01125,Celeb-DF++,video,Talking Face,0,1,1,0,0,0,Reset Password,20.21,3.47,12.1,55,36.56,24.57,Low,0
DIA-01126,ASVspoof2021-DF,audio,TTS,0,1,1,1,0,0,Access Internal Portal,12.07,15.45,50.83,35,7.46,22.85,Low,0
DIA-01127,Celeb-DF++,video,Face Reenactment,0,0,1,0,0,0,Access Internal Portal,26.74,62.57,6.27,35,6.92,25.3,Low,0
DIA-01128,ASVspoof2021-DF,audio,TTS,1,1,1,0,1,1,Change MFA,66.37,14.74,71.92,70,79.65,62.94,Medium,1
DIA-01129,ASVspoof2021-DF,audio,Audio Manipulation,0,0,1,0,0,0,Access Internal Portal,27.9,61.31,21.78,35,31.64,33.5,Low,0
DIA-01130,ASVspoof2021-PA,audio,Audio Manipulation,1,1,0,0,0,0,Approve Payment,63.64,39.85,10.56,80,80.59,55.3,Medium,1
DIA-01131,ASVspoof2021-PA,audio,Audio Manipulation,1,1,1,0,0,1,Reset Password,65.71,22.2,43.15,55,86.72,57.27,Medium,1
DIA-01132,Celeb-DF++,video,Face Swap,1,0,0,0,0,0,Create Privileged Account,70.53,90.23,10.69,95,76.42,66.37,Medium,1
DIA-01133,DFDC,video,Talking Face,0,0,1,1,0,0,Access Internal Portal,11.18,62.53,50.31,35,30.85,34.22,Low,0
DIA-01134,ASVspoof2021-DF,audio,Replay,1,1,1,0,0,0,Reset Password,85.78,21.25,6.17,55,85.79,55.56,Medium,1
DIA-01135,ASVspoof2021-PA,audio,Audio Manipulation,0,0,0,0,1,1,Change MFA,25.04,100,64.81,70,20.51,50.08,Medium,0
DIA-01136,Celeb-DF,video,Face Swap,0,1,0,1,1,0,Approve Payment,16.77,43.39,80.55,80,9.03,41.46,Low,0
DIA-01137,Celeb-DF++,video,Talking Face,0,1,0,0,1,0,Reset Password,13.61,36.28,43.44,55,7.37,27.94,Low,0
DIA-01138,Celeb-DF++,video,Face Swap,0,1,0,0,0,0,Access Internal Portal,18.19,34.96,25.86,35,16.52,24.43,Low,0
DIA-01139,DFDC,video,Talking Face,1,0,1,0,0,0,Change MFA,76.95,67.35,13.21,70,87.18,63.77,Medium,1
DIA-01140,ASVspoof2021-DF,audio,Audio Manipulation,0,1,0,1,0,0,Transfer Funds,13.16,39.53,50.82,100,23.06,39.65,Low,0
DIA-01141,Celeb-DF,video,Face Swap,0,1,1,0,0,0,Create Privileged Account,13.94,1.2,16.31,95,0.3,21.93,Low,0
DIA-01142,ASVspoof2021-LA,audio,TTS,1,0,1,1,0,0,Download Sensitive Data,70.46,62.13,43.64,75,76.06,65.65,Medium,1
DIA-01143,ASVspoof2021-LA,audio,Audio Manipulation,0,1,1,1,1,1,Transfer Funds,44.97,25.01,100,100,17.06,55.65,Medium,0
DIA-01144,ASVspoof2021-LA,audio,TTS,0,1,1,0,1,0,Create Privileged Account,28.99,16.66,42.27,95,20.33,37.97,Low,0
DIA-01145,Celeb-DF++,video,Talking Face,0,1,1,0,0,0,Create Privileged Account,35.49,24.82,17.17,95,10.71,34.2,Low,0
DIA-01146,Celeb-DF,video,Talking Face,0,0,1,0,0,1,Change MFA,23.34,78.13,56.67,70,16.98,43.95,Low,0
DIA-01147,ASVspoof2021-LA,audio,Voice Conversion,1,1,1,0,0,0,Change MFA,81.76,12.5,5.81,70,81.65,54.4,Medium,1
DIA-01148,ASVspoof2021-LA,audio,Audio Manipulation,0,0,0,1,0,0,Transfer Funds,36.94,92.62,46.55,100,20.01,53.29,Medium,0
DIA-01149,Celeb-DF++,video,Video Manipulation,0,1,1,0,0,1,Transfer Funds,30.66,22.73,43.49,100,12.69,38.84,Low,0
DIA-01150,ASVspoof2021-PA,audio,Voice Conversion,1,1,1,0,0,0,Approve Payment,74.55,21.07,2.19,80,76.53,53.27,Medium,1
DIA-01151,DFDC,video,Face Swap,0,0,1,0,1,0,Read Information,11.46,77.9,38.77,20,17.43,29.36,Low,0
DIA-01152,ASVspoof2021-LA,audio,TTS,1,1,0,0,0,1,Access Internal Portal,91.11,39.89,49.73,35,99.79,68.47,Medium,1
DIA-01153,DFDC,video,Face Swap,1,1,0,1,0,0,Change MFA,68.3,41.14,53.93,70,91.4,66.23,Medium,1
DIA-01154,DFDC,video,Video Manipulation,0,1,1,0,0,0,Download Sensitive Data,24.16,12.96,11.05,75,28.05,28.26,Low,0
DIA-01155,Celeb-DF++,video,Talking Face,0,1,0,0,0,0,Download Sensitive Data,25.44,39.57,17.04,75,29.43,34.11,Low,0
DIA-01156,DFDC,video,Talking Face,0,1,1,0,0,0,Reset Password,2.92,9.51,14.03,55,11.28,15.61,Low,0
DIA-01157,DFDC,video,Face Swap,0,0,0,0,1,0,Create Privileged Account,17.44,94.4,30.78,95,33.2,46.44,Low,0
DIA-01158,DFDC,video,Video Manipulation,0,1,1,0,0,0,Create Privileged Account,20.24,13.72,0,95,23.86,27.15,Low,0
DIA-01159,Celeb-DF++,video,Talking Face,1,1,1,0,1,0,Access Internal Portal,64.75,11.33,32.68,35,74.64,47.84,Low,1
DIA-01160,ASVspoof2021-LA,audio,Audio Manipulation,0,1,1,0,1,0,Create Privileged Account,17.57,21.33,35.27,95,10.37,31.85,Low,0
DIA-01161,DFDC,video,Face Reenactment,0,1,1,1,1,1,Access Internal Portal,44.42,3.72,100,35,24.46,44.03,Low,0
DIA-01162,ASVspoof2021-DF,audio,Replay,0,1,1,0,0,0,Change MFA,8.9,17.7,8.75,70,22.15,22,Low,0
DIA-01163,ASVspoof2021-LA,audio,Replay,1,0,1,0,0,0,Transfer Funds,52.04,62.63,6.24,100,77.95,56.84,Medium,1
DIA-01164,DFDC,video,Face Reenactment,1,1,1,0,0,0,Reset Password,59.55,8.22,4.07,55,73.15,42.79,Low,1
DIA-01165,DFDC,video,Talking Face,0,0,1,0,0,0,Approve Payment,26.19,63.9,2.77,80,25.66,35.13,Low,0
DIA-01166,ASVspoof2021-LA,audio,Voice Conversion,1,1,1,0,0,0,Create Privileged Account,75.26,18.77,13.04,95,75.76,57.4,Medium,1
DIA-01167,ASVspoof2021-LA,audio,Audio Manipulation,0,1,1,0,0,0,Change MFA,24.67,0,17.62,70,20.9,25.6,Low,0
DIA-01168,Celeb-DF++,video,Talking Face,1,0,0,0,0,0,Create Privileged Account,76.03,96.35,1.24,95,86.4,69.04,Medium,1
DIA-01169,ASVspoof2021-LA,audio,Replay,1,1,1,0,0,0,Approve Payment,68.82,15.36,9.57,80,72.12,51.29,Medium,1
DIA-01170,DFDC,video,Talking Face,1,0,1,0,0,0,Download Sensitive Data,60.3,62.24,15.52,75,98.07,61.39,Medium,1
DIA-01171,Celeb-DF,video,Face Reenactment,0,0,0,0,0,0,Read Information,7.6,96.46,8.68,20,14.05,24.3,Low,0
DIA-01172,ASVspoof2021-DF,audio,Audio Manipulation,0,0,1,0,0,1,Approve Payment,9.12,60.29,50.01,80,3.61,34.5,Low,0
DIA-01173,Celeb-DF,video,Face Swap,1,1,1,0,0,0,Reset Password,63.5,14.65,17.55,55,83.31,49.67,Low,1
DIA-01174,ASVspoof2021-LA,audio,Replay,0,1,1,1,1,1,Reset Password,36.67,4.99,100,55,5.6,41.12,Low,0
DIA-01175,Celeb-DF++,video,Face Swap,0,1,0,0,0,0,Transfer Funds,20.61,56.4,6.53,100,20.4,35.03,Low,0
DIA-01176,ASVspoof2021-LA,audio,Voice Conversion,1,0,1,0,1,0,Reset Password,66.25,76.89,44.21,55,91.31,66.76,Medium,1
DIA-01177,Celeb-DF++,video,Talking Face,1,1,1,0,1,1,Reset Password,59.39,16.97,68.13,55,100,62.24,Medium,1
DIA-01178,Celeb-DF,video,Face Reenactment,1,1,1,0,0,0,Transfer Funds,94.37,7.36,8.13,100,91.47,64.33,Medium,1
DIA-01179,DFDC,video,Video Manipulation,1,1,0,0,0,1,Reset Password,61.92,37.8,48.6,55,76.55,57.53,Medium,1
DIA-01180,DFDC,video,Talking Face,1,1,1,0,0,0,Approve Payment,67.33,13.13,7.89,80,85.69,52.88,Medium,1
DIA-01181,ASVspoof2021-LA,audio,Voice Conversion,0,1,0,1,1,1,Download Sensitive Data,39.03,41.94,100,75,34.72,56.19,Medium,0
DIA-01182,DFDC,video,Face Reenactment,1,1,1,0,0,0,Read Information,66.47,18.19,7.38,20,88.12,44.77,Low,1
DIA-01183,DFDC,video,Talking Face,1,1,1,0,0,0,Download Sensitive Data,57.12,16.8,8.74,75,88.78,50.41,Medium,1
DIA-01184,DFDC,video,Video Manipulation,1,0,1,0,0,0,Change MFA,74.9,72.74,11.38,70,92.56,64.67,Medium,1
DIA-01185,DFDC,video,Face Reenactment,0,1,0,0,0,0,Approve Payment,3.26,38.64,0,80,17.37,22.25,Low,0
DIA-01186,ASVspoof2021-LA,audio,Replay,0,1,1,0,0,0,Change MFA,37.16,17.74,9.31,70,8.67,27.9,Low,0
DIA-01187,Celeb-DF,video,Talking Face,1,1,1,1,0,0,Access Internal Portal,74.1,9.9,37.65,35,72.42,50.98,Medium,1
DIA-01188,ASVspoof2021-PA,audio,TTS,0,1,1,0,1,0,Access Internal Portal,15.21,6.49,32.15,35,1.59,17.53,Low,0
DIA-01189,DFDC,video,Video Manipulation,0,1,1,1,0,0,Download Sensitive Data,7.42,29.78,52.37,75,3.08,29.03,Low,0
DIA-01190,ASVspoof2021-DF,audio,Replay,1,1,1,0,0,1,Transfer Funds,58.33,18.33,42.71,100,71.84,58.16,Medium,1
DIA-01191,Celeb-DF++,video,Face Swap,1,1,1,0,0,0,Change MFA,65.43,29.45,14.92,70,100,57.53,Medium,1
DIA-01192,Celeb-DF,video,Talking Face,0,1,1,0,0,0,Access Internal Portal,38.82,12.8,12.43,35,15.34,24.37,Low,0
DIA-01193,ASVspoof2021-LA,audio,Replay,0,1,1,0,0,1,Create Privileged Account,25.56,34.29,29.91,95,19.29,36.9,Low,0
DIA-01194,ASVspoof2021-PA,audio,Audio Manipulation,0,1,1,0,0,0,Reset Password,21.82,15.64,18.39,55,15.26,23.87,Low,0
DIA-01195,ASVspoof2021-LA,audio,TTS,1,1,1,0,1,0,Change MFA,70.25,24.17,36.75,70,86.3,59.81,Medium,1
DIA-01196,DFDC,video,Face Reenactment,0,1,0,0,0,0,Create Privileged Account,44,40.26,6.02,95,23.63,39.42,Low,0
DIA-01197,DFDC,video,Face Swap,0,1,1,0,0,0,Read Information,13.14,16.32,6.71,20,3.98,11.53,Low,0
DIA-01198,ASVspoof2021-DF,audio,Replay,0,1,1,0,1,1,Access Internal Portal,40.22,14.08,55.41,35,27.43,36,Low,0
DIA-01199,Celeb-DF,video,Talking Face,0,1,1,0,0,0,Access Internal Portal,13.62,11.06,11.52,35,9.29,15.16,Low,0
DIA-01200,ASVspoof2021-DF,audio,Voice Conversion,0,1,1,0,0,0,Change MFA,10.26,22.84,14.56,70,8.14,21.54,Low,0
DIA-01201,ASVspoof2021-DF,audio,Audio Manipulation,0,0,1,0,0,0,Create Privileged Account,17.12,69.93,5.24,95,13.52,33.63,Low,0
DIA-01202,ASVspoof2021-DF,audio,Replay,1,1,1,0,0,1,Approve Payment,70.07,21.64,38.67,80,91.8,62.36,Medium,1
DIA-01203,ASVspoof2021-LA,audio,Voice Conversion,0,1,0,0,0,0,Create Privileged Account,24.18,47.23,10.98,95,12.42,33.27,Low,0
DIA-01204,ASVspoof2021-DF,audio,TTS,0,1,1,0,0,1,Reset Password,0,26.31,53.36,55,12.83,25.43,Low,0
DIA-01205,DFDC,video,Face Reenactment,0,1,1,0,0,0,Change MFA,19.63,18.37,17.64,70,20.53,26.78,Low,0
DIA-01206,DFDC,video,Video Manipulation,0,0,1,1,1,0,Change MFA,16.41,57.91,80.8,70,18.41,43.95,Low,0
DIA-01207,ASVspoof2021-DF,audio,Voice Conversion,0,1,1,0,1,0,Read Information,10.04,12.44,49.14,20,16.33,20.97,Low,0
DIA-01208,Celeb-DF++,video,Video Manipulation,0,1,1,0,0,0,Download Sensitive Data,3.75,14.8,16.47,75,0.3,17.95,Low,0
DIA-01209,Celeb-DF,video,Talking Face,0,0,0,1,0,0,Reset Password,18.99,95.1,58.1,55,17.89,43.41,Low,0
DIA-01210,Celeb-DF++,video,Talking Face,0,1,0,0,0,0,Transfer Funds,12.32,50.55,10.61,100,6.85,29.77,Low,0
DIA-01211,ASVspoof2021-LA,audio,Voice Conversion,1,1,1,1,0,0,Approve Payment,66.31,24.09,47.57,80,67.74,58.57,Medium,1
DIA-01212,ASVspoof2021-LA,audio,Replay,0,1,1,0,0,1,Create Privileged Account,4.98,13.84,52.94,95,9.08,30.22,Low,0
DIA-01213,ASVspoof2021-DF,audio,TTS,1,0,1,0,0,0,Access Internal Portal,67.08,89.44,3.13,35,79.1,55.24,Medium,1
DIA-01214,Celeb-DF,video,Face Swap,1,1,1,1,0,0,Read Information,62.29,12.21,52.97,20,100,54.11,Medium,1
DIA-01215,Celeb-DF,video,Face Reenactment,0,1,1,0,1,0,Change MFA,0.01,12.86,30.74,70,20.79,22.74,Low,0
DIA-01216,Celeb-DF++,video,Talking Face,0,1,0,0,0,1,Download Sensitive Data,16.97,31.26,47.37,75,23.3,35.16,Low,0
DIA-01217,Celeb-DF,video,Talking Face,0,1,1,0,0,1,Download Sensitive Data,14.49,2.53,46.88,75,11.95,27.74,Low,0
DIA-01218,ASVspoof2021-DF,audio,Voice Conversion,0,1,1,1,0,1,Approve Payment,28.45,5.56,86.14,80,17.45,42.09,Low,0
DIA-01219,ASVspoof2021-DF,audio,Voice Conversion,1,1,1,0,0,1,Create Privileged Account,64.82,23.11,44.88,95,100,66.14,Medium,1
DIA-01220,DFDC,video,Talking Face,0,1,1,0,0,0,Reset Password,2.06,20.93,13.73,55,6.79,16.11,Low,0
DIA-01221,DFDC,video,Talking Face,1,1,0,0,0,0,Reset Password,56.23,32.93,14.85,55,83.35,49.7,Low,1
DIA-01222,DFDC,video,Face Swap,0,1,0,1,0,0,Reset Password,4.01,40.8,40.21,55,29.57,29.53,Low,0
DIA-01223,ASVspoof2021-PA,audio,Voice Conversion,1,1,0,0,0,1,Reset Password,83.51,46.45,44.68,55,81.36,65.48,Medium,1
DIA-01224,ASVspoof2021-DF,audio,Replay,1,0,0,0,1,0,Download Sensitive Data,80.28,78.73,32.07,75,88.42,71.24,Medium,1
DIA-01225,DFDC,video,Video Manipulation,1,0,1,1,0,0,Create Privileged Account,86.61,84.18,51.36,95,88.49,80.83,High,1
DIA-01226,ASVspoof2021-PA,audio,Voice Conversion,1,0,1,0,0,0,Change MFA,59.51,78.42,7.09,70,73.88,56.31,Medium,1
DIA-01227,Celeb-DF++,video,Video Manipulation,1,1,1,0,0,1,Change MFA,85.27,21.48,53.93,70,95.29,69.15,Medium,1
DIA-01228,Celeb-DF++,video,Talking Face,0,1,1,0,0,0,Transfer Funds,22.48,24.62,9.52,100,7.58,28.86,Low,0
DIA-01229,ASVspoof2021-PA,audio,Voice Conversion,0,1,1,0,0,1,Reset Password,13.96,0,51.91,55,22.47,27.31,Low,0
DIA-01230,DFDC,video,Talking Face,0,0,1,0,0,1,Access Internal Portal,16.09,68.25,38.33,35,19.89,31.96,Low,0
DIA-01231,DFDC,video,Video Manipulation,0,1,0,0,0,0,Reset Password,16.11,50.07,8.03,55,24.11,27.02,Low,0
DIA-01232,ASVspoof2021-DF,audio,TTS,1,1,1,0,0,1,Read Information,72.13,14.94,40.7,20,83.28,51.68,Medium,1
DIA-01233,DFDC,video,Face Swap,0,1,0,1,0,0,Reset Password,26.99,45.94,52.76,55,22.25,38.24,Low,0
DIA-01234,ASVspoof2021-DF,audio,Voice Conversion,0,0,0,0,0,0,Transfer Funds,17.98,100,1.71,100,25.73,40.88,Low,0
DIA-01235,DFDC,video,Face Swap,1,0,0,0,0,0,Create Privileged Account,62.17,100,0,95,69.86,61.87,Medium,1
DIA-01236,DFDC,video,Video Manipulation,0,0,1,0,0,0,Transfer Funds,32.87,67.94,5.62,100,9.34,38.04,Low,0
DIA-01237,DFDC,video,Video Manipulation,1,1,1,1,0,0,Reset Password,69.75,19.61,53.93,55,89.67,60.84,Medium,1
DIA-01238,Celeb-DF++,video,Talking Face,0,1,1,0,0,0,Change MFA,16.12,1.63,4.33,70,23.44,21.13,Low,0
DIA-01239,DFDC,video,Video Manipulation,1,0,1,0,1,1,Create Privileged Account,68.61,73.92,71.86,95,85.37,77.37,High,1
DIA-01240,DFDC,video,Face Swap,1,1,1,0,0,0,Create Privileged Account,64.75,21,5.47,95,91.47,56.21,Medium,1
DIA-01241,ASVspoof2021-LA,audio,Replay,0,1,0,1,0,0,Access Internal Portal,8.01,41.21,37.73,35,10.74,23.53,Low,0
DIA-01242,Celeb-DF,video,Face Reenactment,1,1,1,1,0,0,Create Privileged Account,59.97,24.29,55.96,95,93.4,65.76,Medium,1
DIA-01243,Celeb-DF,video,Face Reenactment,0,1,1,0,0,0,Read Information,44.91,17.23,14.55,20,22.57,26.48,Low,0
DIA-01244,DFDC,video,Face Reenactment,1,0,0,0,0,1,Reset Password,52.85,96.18,44.72,55,73.2,62.12,Medium,1
DIA-01245,Celeb-DF,video,Talking Face,1,1,1,0,0,0,Download Sensitive Data,68.99,29.66,10.3,75,97.07,57.87,Medium,1
DIA-01246,Celeb-DF,video,Talking Face,0,0,0,0,0,0,Approve Payment,21.77,87.34,8.55,80,24.88,38.32,Low,0
DIA-01247,ASVspoof2021-DF,audio,TTS,1,0,1,0,1,1,Create Privileged Account,82.14,81.14,62.77,95,83.48,80.31,High,1
DIA-01248,DFDC,video,Talking Face,1,1,1,0,0,0,Approve Payment,70.03,25.5,19.14,80,80.64,56.79,Medium,1
DIA-01249,ASVspoof2021-PA,audio,Audio Manipulation,1,1,1,0,1,0,Reset Password,86.8,21.76,34.3,55,94.11,63.24,Medium,1
DIA-01250,ASVspoof2021-PA,audio,TTS,1,1,1,0,0,1,Reset Password,73.64,11.76,47.53,55,76.4,56.89,Medium,1
DIA-01251,DFDC,video,Video Manipulation,1,1,1,1,0,0,Approve Payment,85.83,17.74,46.51,80,91.34,67.98,Medium,1
DIA-01252,DFDC,video,Talking Face,0,1,0,0,0,0,Transfer Funds,29.44,33.57,13.1,100,17.84,35.06,Low,0
DIA-01253,DFDC,video,Face Reenactment,1,0,0,1,0,1,Create Privileged Account,92.96,90.5,93.02,95,92.17,92.75,High,1
DIA-01254,ASVspoof2021-DF,audio,Replay,1,1,1,0,0,1,Transfer Funds,71.27,16.05,46.17,100,66.63,61.35,Medium,1
DIA-01255,DFDC,video,Talking Face,0,1,1,0,1,1,Approve Payment,27.38,7.93,72.52,80,10.68,38.04,Low,0
DIA-01256,ASVspoof2021-LA,audio,Audio Manipulation,0,0,1,1,0,1,Change MFA,23.94,68.13,91.15,70,20.27,50.19,Medium,0
DIA-01257,ASVspoof2021-LA,audio,TTS,0,0,1,0,1,1,Create Privileged Account,24.76,61.18,74.95,95,27.66,51.38,Medium,0
DIA-01258,ASVspoof2021-LA,audio,TTS,0,1,1,0,0,0,Read Information,20.36,20.22,17.31,20,15.91,18.78,Low,0
DIA-01259,Celeb-DF++,video,Talking Face,0,1,1,0,0,0,Transfer Funds,0,28.08,12.25,100,18.5,25.36,Low,0
DIA-01260,ASVspoof2021-PA,audio,Voice Conversion,0,1,1,1,0,1,Transfer Funds,26.43,32.58,87.24,100,5.27,46.32,Low,0
DIA-01261,DFDC,video,Face Swap,1,1,1,0,0,0,Download Sensitive Data,75.79,6.73,11.68,75,81.91,53.71,Medium,1
DIA-01262,Celeb-DF++,video,Face Reenactment,0,1,1,0,0,1,Download Sensitive Data,8.15,8.14,51.05,75,16.56,28.44,Low,0
DIA-01263,Celeb-DF,video,Talking Face,0,1,0,0,0,0,Download Sensitive Data,7.15,39.6,6.98,75,13.23,23.38,Low,0
DIA-01264,ASVspoof2021-PA,audio,TTS,1,1,1,0,1,0,Access Internal Portal,78.71,21.58,38.71,35,93.54,58.55,Medium,1
DIA-01265,ASVspoof2021-DF,audio,Audio Manipulation,0,1,1,0,0,1,Access Internal Portal,37.77,14.26,61.08,35,19.13,34.76,Low,0
DIA-01266,ASVspoof2021-LA,audio,Voice Conversion,0,1,1,1,0,1,Approve Payment,21.17,23.62,87.51,80,15.07,42.41,Low,0
DIA-01267,DFDC,video,Face Swap,1,1,1,0,0,0,Read Information,67.91,20.17,1.62,20,89.86,44.69,Low,1
DIA-01268,ASVspoof2021-PA,audio,TTS,1,1,0,0,0,0,Approve Payment,65.14,26.77,7.97,80,78.45,52.84,Medium,1
DIA-01269,Celeb-DF++,video,Video Manipulation,1,1,1,0,0,0,Reset Password,78.95,16.36,14.35,55,78.57,52.97,Medium,1
DIA-01270,Celeb-DF++,video,Face Swap,0,1,0,1,0,0,Access Internal Portal,17.13,31,45.31,35,20.47,28.2,Low,0
DIA-01271,ASVspoof2021-PA,audio,Voice Conversion,0,0,1,0,0,0,Download Sensitive Data,13.83,66.39,3.15,75,6.79,27.35,Low,0
DIA-01272,Celeb-DF,video,Talking Face,1,1,1,0,1,1,Reset Password,85.75,12.61,60.35,55,100,67.94,Medium,1
DIA-01273,Celeb-DF,video,Talking Face,1,1,1,0,1,1,Change MFA,59.96,21.84,68.54,70,65.41,58.55,Medium,1
DIA-01274,ASVspoof2021-DF,audio,Voice Conversion,1,1,1,0,0,0,Create Privileged Account,60.52,15.67,21.28,95,79.45,54.9,Medium,1
DIA-01275,DFDC,video,Face Swap,1,0,1,0,0,1,Approve Payment,72.46,67.18,41.28,80,99.76,72.02,Medium,1
DIA-01276,Celeb-DF,video,Talking Face,0,1,1,0,0,0,Transfer Funds,34.76,32.67,16.13,100,38.47,41.25,Low,0
DIA-01277,DFDC,video,Face Reenactment,0,1,1,0,0,0,Change MFA,4.87,8.75,8.05,70,12.4,17.36,Low,0
DIA-01278,DFDC,video,Face Swap,1,0,1,0,0,0,Change MFA,58.18,73.2,7.29,70,91.48,58.69,Medium,1
DIA-01279,ASVspoof2021-LA,audio,TTS,1,1,1,0,0,1,Approve Payment,77.52,21.24,48.62,80,93.36,66.84,Medium,1
DIA-01280,ASVspoof2021-DF,audio,Replay,0,1,1,0,0,0,Access Internal Portal,26.22,17.24,0,35,14.13,18.53,Low,0
DIA-01281,Celeb-DF,video,Face Swap,1,1,1,0,0,0,Create Privileged Account,68.33,8.71,21.69,95,88.29,58.05,Medium,1
DIA-01282,Celeb-DF++,video,Face Reenactment,0,0,0,0,0,0,Reset Password,16.72,88.3,13.76,55,8.42,30.95,Low,0
DIA-01283,Celeb-DF++,video,Face Swap,1,0,1,0,0,0,Change MFA,67.43,75.86,17.36,70,69.8,59.54,Medium,1
DIA-01284,ASVspoof2021-DF,audio,Audio Manipulation,0,1,1,1,0,1,Download Sensitive Data,11.42,24.25,83.19,75,19.39,38.83,Low,0
DIA-01285,ASVspoof2021-PA,audio,Replay,1,0,1,0,0,0,Read Information,67.12,70.47,13.47,20,88.85,54.17,Medium,1
DIA-01286,ASVspoof2021-PA,audio,Audio Manipulation,0,0,1,0,0,0,Reset Password,34.3,60.35,16.53,55,9.91,32.88,Low,0
DIA-01287,Celeb-DF,video,Face Swap,1,1,1,0,0,0,Access Internal Portal,51.48,15.97,9.37,35,78.58,40.68,Low,1
DIA-01288,Celeb-DF,video,Face Reenactment,1,1,1,1,0,0,Download Sensitive Data,62.38,28.01,43.89,75,71.92,57.33,Medium,1
DIA-01289,Celeb-DF++,video,Face Reenactment,0,1,0,0,0,0,Approve Payment,13.63,32.84,3.4,80,11.26,23.95,Low,0
DIA-01290,ASVspoof2021-DF,audio,Replay,1,1,0,0,0,0,Read Information,62.33,38.35,7.04,20,78.65,44.59,Low,1
DIA-01291,Celeb-DF++,video,Video Manipulation,1,1,1,1,1,0,Read Information,91.26,16.35,76.59,20,96.48,67.44,Medium,1
DIA-01292,ASVspoof2021-DF,audio,TTS,1,0,0,0,1,0,Create Privileged Account,55.75,100,33.86,95,76.44,68.04,Medium,1
DIA-01293,ASVspoof2021-DF,audio,Audio Manipulation,0,1,1,0,0,1,Reset Password,10.55,11.65,41.57,55,3.28,22.13,Low,0
DIA-01294,Celeb-DF,video,Talking Face,1,1,0,0,1,0,Create Privileged Account,74.48,44.76,39.75,95,100,71.26,Medium,1
DIA-01295,Celeb-DF,video,Video Manipulation,1,1,1,0,0,0,Approve Payment,58.88,27.01,6.77,80,86.18,52.31,Medium,1
DIA-01296,Celeb-DF,video,Face Swap,1,1,0,0,0,0,Create Privileged Account,74.66,29.03,5.82,95,93.73,60.91,Medium,1
DIA-01297,DFDC,video,Video Manipulation,0,1,1,0,0,0,Change MFA,15.83,5.4,16.58,70,21.43,23.66,Low,0
DIA-01298,DFDC,video,Face Reenactment,1,1,1,0,0,1,Reset Password,76.05,15.14,48.85,55,94.48,62,Medium,1
DIA-01299,ASVspoof2021-DF,audio,Voice Conversion,0,1,0,0,0,0,Approve Payment,0.75,48.73,1.42,80,16.12,23.04,Low,0
DIA-01300,Celeb-DF,video,Face Swap,0,1,1,0,1,1,Approve Payment,28.01,18.55,60.68,80,23.19,39.96,Low,0
DIA-01301,DFDC,video,Video Manipulation,0,1,1,0,0,0,Download Sensitive Data,20.4,24.44,2.25,75,18.24,25.13,Low,0
DIA-01302,ASVspoof2021-DF,audio,Audio Manipulation,0,0,1,0,0,0,Reset Password,15.19,57.27,9.79,55,11.85,25.73,Low,0
DIA-01303,ASVspoof2021-LA,audio,TTS,0,1,1,0,0,0,Download Sensitive Data,4.44,18.65,18.25,75,21.09,23.25,Low,0
DIA-01304,Celeb-DF,video,Face Reenactment,0,1,1,0,1,0,Change MFA,20.39,0,45.13,70,14.71,28.58,Low,0
DIA-01305,ASVspoof2021-LA,audio,Replay,1,1,1,0,0,0,Transfer Funds,73.96,26.5,15.25,100,86.55,61.52,Medium,1
DIA-01306,ASVspoof2021-PA,audio,Replay,1,1,1,0,1,0,Approve Payment,60.16,25.4,48.39,80,85.37,60.61,Medium,1
DIA-01307,ASVspoof2021-DF,audio,TTS,0,1,0,1,0,0,Change MFA,17.37,38.26,51.41,70,20.43,35.82,Low,0
DIA-01308,ASVspoof2021-DF,audio,Voice Conversion,1,1,1,0,0,0,Create Privileged Account,74.73,0,17.76,95,76.55,55.53,Medium,1
DIA-01309,DFDC,video,Face Reenactment,1,1,0,0,0,0,Read Information,84.81,39.21,6,20,90.01,53.53,Medium,1
DIA-01310,ASVspoof2021-PA,audio,Voice Conversion,1,0,1,1,0,0,Create Privileged Account,81.34,79.82,39.11,95,78.15,74.08,Medium,1
DIA-01311,Celeb-DF,video,Video Manipulation,1,1,0,0,0,0,Change MFA,68.52,44.19,7.84,70,85.74,56.4,Medium,1
DIA-01312,ASVspoof2021-PA,audio,TTS,1,0,0,1,0,0,Access Internal Portal,68.32,100,49.12,35,91.1,68.79,Medium,1
DIA-01313,ASVspoof2021-DF,audio,Replay,1,1,0,0,0,1,Create Privileged Account,70.7,38.51,63.09,95,100,73.85,Medium,1
DIA-01314,DFDC,video,Video Manipulation,1,1,1,0,0,0,Approve Payment,51.42,32.12,10,80,85.05,51.25,Medium,1
DIA-01315,DFDC,video,Video Manipulation,1,1,1,0,0,1,Read Information,69.3,0,37.88,20,92.1,49.79,Low,1
DIA-01316,ASVspoof2021-DF,audio,Audio Manipulation,0,0,0,0,0,0,Reset Password,30.32,89.81,16.75,55,9.79,36.13,Low,0
DIA-01317,ASVspoof2021-DF,audio,TTS,1,1,1,0,0,1,Change MFA,71.44,5.51,39.68,70,89.7,58.63,Medium,1
DIA-01318,DFDC,video,Face Swap,1,0,1,0,0,0,Approve Payment,59.12,76.77,11,80,71.74,57.8,Medium,1
DIA-01319,ASVspoof2021-LA,audio,Audio Manipulation,1,1,1,0,0,0,Create Privileged Account,58.1,6.18,16.14,95,92.35,54.3,Medium,1
DIA-01320,ASVspoof2021-LA,audio,Replay,1,0,0,1,1,1,Reset Password,75.65,100,100,55,76.32,81.21,High,1
DIA-01321,Celeb-DF++,video,Talking Face,0,0,1,0,0,0,Create Privileged Account,4.42,76.37,20.62,95,4.31,32.02,Low,0
DIA-01322,Celeb-DF++,video,Face Reenactment,0,0,1,0,0,1,Create Privileged Account,13.01,72.32,52.89,95,22.04,43.99,Low,0
DIA-01323,DFDC,video,Talking Face,1,1,0,0,1,1,Change MFA,87.86,39.96,72.47,70,100,77.35,High,1
DIA-01324,ASVspoof2021-LA,audio,TTS,1,0,1,0,1,0,Transfer Funds,54.6,62.44,47.26,100,90.17,68.23,Medium,1
DIA-01325,Celeb-DF,video,Face Reenactment,1,1,1,1,1,0,Transfer Funds,62.18,20.67,72.32,100,79.36,67.09,Medium,1
DIA-01326,ASVspoof2021-LA,audio,Replay,1,1,1,0,0,0,Reset Password,69.2,11.78,15.56,55,75.4,48.97,Low,1
DIA-01327,Celeb-DF,video,Face Swap,1,1,1,0,0,0,Download Sensitive Data,61.14,21.96,11.95,75,78.43,50.96,Medium,1
DIA-01328,ASVspoof2021-DF,audio,TTS,1,1,1,0,1,0,Create Privileged Account,66.97,27.8,30.54,95,84.88,61.6,Medium,1
DIA-01329,Celeb-DF,video,Face Swap,0,1,1,0,0,0,Download Sensitive Data,27.49,13.34,5.75,75,18.18,26.28,Low,0
DIA-01330,DFDC,video,Face Swap,1,1,1,0,0,0,Approve Payment,48.98,26.38,24.22,80,69.99,49.49,Low,1
DIA-01331,ASVspoof2021-LA,audio,Audio Manipulation,0,1,0,0,1,1,Create Privileged Account,31.3,42.34,77.42,95,31.4,51.76,Medium,0
DIA-01332,Celeb-DF++,video,Talking Face,1,1,0,0,1,0,Download Sensitive Data,59.59,45.59,41.23,75,93.67,62.95,Medium,1
DIA-01333,Celeb-DF++,video,Video Manipulation,0,1,0,0,0,0,Reset Password,14.85,30.24,5.62,55,32.68,24.9,Low,0
DIA-01334,ASVspoof2021-PA,audio,Voice Conversion,1,0,1,0,0,0,Download Sensitive Data,87.14,65.32,14.96,75,73.84,64.95,Medium,1
DIA-01335,ASVspoof2021-PA,audio,Replay,0,0,1,0,1,0,Create Privileged Account,2.57,65.23,32.42,95,5.37,32.36,Low,0
DIA-01336,ASVspoof2021-LA,audio,Audio Manipulation,0,0,0,0,0,0,Reset Password,24.5,100,21.89,55,20.38,39.05,Low,0
DIA-01337,DFDC,video,Face Reenactment,1,0,1,0,0,0,Create Privileged Account,78.41,68.01,18.49,95,86.65,69,Medium,1
DIA-01338,ASVspoof2021-DF,audio,Replay,1,1,1,1,0,0,Access Internal Portal,63.48,20.84,56.44,35,78.82,54.47,Medium,1
DIA-01339,ASVspoof2021-LA,audio,Replay,0,1,1,0,0,0,Change MFA,10.65,15.21,15.72,70,6.96,20.51,Low,0
DIA-01340,Celeb-DF,video,Video Manipulation,1,1,1,0,0,0,Read Information,61.94,12.96,9.39,20,73.51,40.11,Low,1
DIA-01341,DFDC,video,Video Manipulation,0,1,1,1,1,1,Create Privileged Account,20.42,4.04,100,95,35.34,48.05,Low,0
DIA-01342,ASVspoof2021-LA,audio,Replay,0,1,1,0,0,0,Approve Payment,18.73,0.54,20.79,80,3.84,22.63,Low,0
DIA-01343,Celeb-DF++,video,Talking Face,0,0,1,0,0,0,Read Information,27.82,68.1,13.27,20,4.94,25.2,Low,0
DIA-01344,ASVspoof2021-DF,audio,Audio Manipulation,1,1,1,1,0,0,Access Internal Portal,67,13.57,44.11,35,73.06,50.82,Medium,1
DIA-01345,ASVspoof2021-PA,audio,Replay,1,0,1,0,0,0,Download Sensitive Data,76.21,63.78,18.78,75,87.78,64.99,Medium,1
DIA-01346,ASVspoof2021-DF,audio,Voice Conversion,1,1,1,0,1,0,Change MFA,81.41,16.97,30.24,70,84.9,60.5,Medium,1
DIA-01347,Celeb-DF++,video,Talking Face,1,0,0,0,0,0,Read Information,70.74,100,9.79,20,88.41,58.86,Medium,1
DIA-01348,Celeb-DF,video,Talking Face,1,1,0,0,1,0,Transfer Funds,71.78,52.76,31.68,100,78.58,66.5,Medium,1
DIA-01349,Celeb-DF++,video,Face Swap,1,0,0,0,1,0,Change MFA,59.47,95.68,16.74,70,82.66,62.57,Medium,1
DIA-01350,DFDC,video,Talking Face,1,1,1,0,0,0,Approve Payment,37.15,15.96,11.23,80,77.05,43.2,Low,1
DIA-01351,ASVspoof2021-LA,audio,Replay,0,1,1,0,0,1,Create Privileged Account,29.44,20.61,60.21,95,33.53,44.92,Low,0
DIA-01352,ASVspoof2021-LA,audio,Audio Manipulation,0,1,1,0,1,0,Access Internal Portal,26.76,17.46,37.24,35,34.7,30.28,Low,0
DIA-01353,Celeb-DF,video,Talking Face,0,1,1,0,0,0,Reset Password,20.67,20.63,30.74,55,15.81,26.86,Low,0
DIA-01354,Celeb-DF,video,Face Swap,1,1,1,0,1,0,Approve Payment,76.01,17.69,33.93,80,93.7,62.98,Medium,1
DIA-01355,ASVspoof2021-LA,audio,Audio Manipulation,1,1,0,0,0,0,Create Privileged Account,59.97,41.23,11.55,95,83.45,57.43,Medium,1
DIA-01356,DFDC,video,Talking Face,0,1,1,0,0,0,Access Internal Portal,23.7,10.26,9.27,35,24.86,20.72,Low,0
DIA-01357,Celeb-DF++,video,Face Reenactment,1,0,1,0,0,0,Reset Password,82.19,73.28,10.42,55,91.01,64.18,Medium,1
DIA-01358,Celeb-DF++,video,Video Manipulation,1,1,0,0,0,0,Create Privileged Account,73.32,22.28,12.59,95,91.95,60.5,Medium,1
DIA-01359,ASVspoof2021-DF,audio,Voice Conversion,0,1,1,0,0,0,Reset Password,32.77,17.49,20.57,55,27.87,30.39,Low,0
DIA-01360,DFDC,video,Face Reenactment,0,0,0,1,0,0,Read Information,37.84,78.84,44.13,20,25.28,40.06,Low,0
DIA-01361,ASVspoof2021-DF,audio,Audio Manipulation,0,1,1,0,0,0,Change MFA,4.56,17.5,10.06,70,14.37,19.38,Low,0
DIA-01362,Celeb-DF,video,Video Manipulation,0,0,1,0,0,0,Access Internal Portal,25.91,62.55,14.31,35,27.86,30.84,Low,0
DIA-01363,ASVspoof2021-DF,audio,Replay,1,1,0,1,0,0,Download Sensitive Data,64.05,50.6,58.96,75,81.8,66.21,Medium,1
DIA-01364,DFDC,video,Face Reenactment,1,1,0,0,1,1,Transfer Funds,58.82,41.09,54.9,100,76.52,65.09,Medium,1
DIA-01365,Celeb-DF++,video,Video Manipulation,0,1,0,1,1,0,Read Information,19.86,40.39,65.21,20,2.98,28.65,Low,0
DIA-01366,Celeb-DF++,video,Face Swap,0,1,1,0,0,0,Reset Password,37.3,18.62,10.28,55,25.15,29.32,Low,0
DIA-01367,DFDC,video,Talking Face,0,1,1,0,1,0,Download Sensitive Data,12.02,8.47,42.84,75,21.24,28.94,Low,0
DIA-01368,DFDC,video,Talking Face,0,0,1,0,0,0,Access Internal Portal,0,79.35,6.64,35,0,18.48,Low,0
DIA-01369,DFDC,video,Video Manipulation,0,1,1,0,0,0,Download Sensitive Data,2.11,20.93,14.68,75,7,19.36,Low,0
DIA-01370,Celeb-DF,video,Face Reenactment,1,0,1,0,0,0,Access Internal Portal,71.26,65.97,23.85,35,91.57,59.61,Medium,1
DIA-01371,DFDC,video,Video Manipulation,1,1,1,0,1,0,Approve Payment,57.65,6.91,35.07,80,80.12,53.37,Medium,1
DIA-01372,ASVspoof2021-PA,audio,TTS,1,1,1,1,0,0,Reset Password,48.52,12.01,48.4,55,79.63,50.21,Medium,1
DIA-01373,Celeb-DF++,video,Video Manipulation,0,0,0,1,1,0,Transfer Funds,7.54,94.14,78.3,100,22.1,51.46,Medium,0
DIA-01374,ASVspoof2021-LA,audio,TTS,1,0,1,0,0,0,Create Privileged Account,67.84,61.32,11.26,95,82.99,62.65,Medium,1
DIA-01375,ASVspoof2021-PA,audio,Replay,0,1,1,0,0,0,Transfer Funds,26.57,11.35,11.79,100,22.1,31.45,Low,0
DIA-01376,DFDC,video,Face Swap,0,1,1,1,0,1,Access Internal Portal,23.1,10.27,83.73,35,8.05,32.08,Low,0
DIA-01377,ASVspoof2021-DF,audio,Audio Manipulation,1,1,1,1,0,0,Transfer Funds,78.14,13.38,48.2,100,89.7,68.03,Medium,1
DIA-01378,ASVspoof2021-LA,audio,Audio Manipulation,1,1,1,1,0,0,Read Information,81.06,13.45,42.97,20,75.22,52.97,Medium,1
DIA-01379,ASVspoof2021-DF,audio,TTS,0,0,1,0,1,0,Access Internal Portal,9.38,73.9,39.29,35,2.67,27.54,Low,0
DIA-01380,Celeb-DF++,video,Video Manipulation,0,1,1,1,0,0,Create Privileged Account,21.67,15.25,42.72,95,12.89,34.16,Low,0
DIA-01381,Celeb-DF++,video,Face Reenactment,1,1,1,0,0,0,Create Privileged Account,59.39,18.22,4.28,95,86.79,53.01,Medium,1
DIA-01382,DFDC,video,Talking Face,1,1,1,0,0,0,Reset Password,71.93,16.99,1.61,55,85.45,49.79,Low,1
DIA-01383,Celeb-DF++,video,Face Swap,1,1,1,0,0,0,Create Privileged Account,59.27,13.44,7.72,95,74.71,50.53,Medium,1
DIA-01384,ASVspoof2021-PA,audio,TTS,0,1,1,0,1,0,Read Information,4.66,20.47,35.18,20,21.06,18.72,Low,0
DIA-01385,ASVspoof2021-PA,audio,TTS,0,1,1,1,0,0,Reset Password,23.58,0,42.3,55,20.76,27.94,Low,0
DIA-01386,DFDC,video,Talking Face,0,1,1,0,0,1,Read Information,35.21,12.13,43.14,20,30.21,30.05,Low,0
DIA-01387,ASVspoof2021-DF,audio,Replay,0,0,1,0,0,1,Download Sensitive Data,28.62,65.43,46.13,75,11.14,41.1,Low,0
DIA-01388,Celeb-DF,video,Video Manipulation,1,0,1,0,0,0,Transfer Funds,77.08,70.95,0,100,99.18,68.6,Medium,1
DIA-01389,ASVspoof2021-PA,audio,TTS,1,1,1,0,0,0,Download Sensitive Data,76.11,9.93,4.68,75,100,56.51,Medium,1
DIA-01390,DFDC,video,Talking Face,0,1,0,0,0,0,Download Sensitive Data,18.46,44.39,22.63,75,24.82,32.94,Low,0
DIA-01391,ASVspoof2021-PA,audio,TTS,1,0,1,0,0,0,Access Internal Portal,59.43,75.8,5.04,35,86.25,52.71,Medium,1
DIA-01392,ASVspoof2021-LA,audio,Voice Conversion,1,0,1,0,0,0,Download Sensitive Data,56.43,58.93,14.96,75,85.58,57.13,Medium,1
DIA-01393,DFDC,video,Face Swap,1,0,0,0,0,1,Reset Password,53.55,96.79,41.45,55,83.36,63.8,Medium,1
DIA-01394,DFDC,video,Face Swap,0,1,1,0,0,1,Download Sensitive Data,36.09,4.75,46.4,75,8.66,33.8,Low,0
DIA-01395,ASVspoof2021-LA,audio,Replay,0,1,0,0,0,0,Access Internal Portal,14.36,43.84,4.42,35,10.2,19.06,Low,0
DIA-01396,DFDC,video,Video Manipulation,0,0,1,0,0,0,Download Sensitive Data,0,66.27,0,75,11.06,23.4,Low,0
DIA-01397,Celeb-DF++,video,Talking Face,0,1,0,1,0,0,Change MFA,36.58,33.57,46.91,70,11.87,38.27,Low,0
DIA-01398,ASVspoof2021-PA,audio,Audio Manipulation,0,1,0,1,0,1,Create Privileged Account,29.04,26.32,88.09,95,32.17,50.96,Medium,0
DIA-01399,ASVspoof2021-DF,audio,Replay,0,1,0,0,0,0,Transfer Funds,28.65,39.26,14.75,100,23.66,37.17,Low,0
DIA-01400,Celeb-DF,video,Face Swap,0,1,1,0,0,1,Transfer Funds,20.12,5.74,46,100,33.07,37.71,Low,0
DIA-01401,Celeb-DF++,video,Face Reenactment,0,1,1,0,1,0,Reset Password,9.27,3.13,29.56,55,21.43,21.7,Low,0
DIA-01402,DFDC,video,Video Manipulation,1,1,1,0,0,0,Approve Payment,70.9,16.49,16.44,80,72.16,53.46,Medium,1
DIA-01403,ASVspoof2021-PA,audio,TTS,1,1,1,0,0,0,Approve Payment,71.81,22.75,4.95,80,96.72,57.29,Medium,1
DIA-01404,Celeb-DF,video,Face Swap,0,1,0,1,0,0,Create Privileged Account,19.92,43.16,45.37,95,12.92,38.36,Low,0
DIA-01405,DFDC,video,Video Manipulation,1,1,1,1,0,0,Create Privileged Account,85.45,3.55,43.14,95,100,69.05,Medium,1
DIA-01406,Celeb-DF,video,Face Swap,0,0,0,0,1,0,Read Information,28.4,93.91,32.04,20,32.67,38.55,Low,0
DIA-01407,ASVspoof2021-PA,audio,Audio Manipulation,0,1,1,1,0,0,Create Privileged Account,29.21,20.44,47.93,95,31.47,41.96,Low,0
DIA-01408,DFDC,video,Video Manipulation,1,1,1,1,0,0,Change MFA,58.79,13.91,52.05,70,91.36,58.91,Medium,1
DIA-01409,ASVspoof2021-LA,audio,Replay,0,1,1,0,0,0,Transfer Funds,4.24,17.6,0.53,100,16.96,22.41,Low,0
DIA-01410,ASVspoof2021-DF,audio,Replay,0,1,1,1,0,0,Download Sensitive Data,36.19,11.5,46.78,75,20.95,37.38,Low,0
DIA-01411,ASVspoof2021-LA,audio,TTS,0,1,1,1,0,0,Change MFA,0,11.92,44.4,70,28.97,26.96,Low,0
DIA-01412,ASVspoof2021-PA,audio,Voice Conversion,1,1,1,1,0,0,Access Internal Portal,70,9.72,52.99,35,86.95,55.7,Medium,1
DIA-01413,ASVspoof2021-LA,audio,Audio Manipulation,1,0,0,0,0,0,Transfer Funds,67.61,99.9,12.12,100,80.44,68.78,Medium,1
DIA-01414,ASVspoof2021-PA,audio,Audio Manipulation,0,1,0,0,0,1,Access Internal Portal,17.61,45.4,37.79,35,20.38,28.98,Low,0
DIA-01415,DFDC,video,Face Reenactment,0,0,0,0,0,0,Read Information,17.61,90.56,13.45,20,26.74,29.9,Low,0
DIA-01416,ASVspoof2021-LA,audio,Audio Manipulation,0,1,1,1,0,0,Access Internal Portal,27.62,21.04,49.63,35,28.91,32.4,Low,0
DIA-01417,ASVspoof2021-DF,audio,Audio Manipulation,1,1,1,0,0,0,Download Sensitive Data,59.54,3.58,15.55,75,72.11,47.18,Low,1
DIA-01418,ASVspoof2021-DF,audio,TTS,0,1,1,0,0,0,Reset Password,27.7,13.63,5.48,55,28.65,25.43,Low,0
DIA-01419,ASVspoof2021-PA,audio,Replay,1,1,1,0,1,1,Download Sensitive Data,77.41,4.17,74.13,75,92.56,68.44,Medium,1
DIA-01420,ASVspoof2021-PA,audio,Replay,1,0,1,0,0,0,Create Privileged Account,64.02,60.95,16.05,95,79.9,61.79,Medium,1
DIA-01421,ASVspoof2021-DF,audio,Replay,0,0,0,0,0,0,Reset Password,8.91,84.07,10.48,55,6.81,26.99,Low,0
DIA-01422,Celeb-DF++,video,Video Manipulation,1,1,1,1,0,1,Read Information,75,9.75,99.68,20,98.62,66.62,Medium,1
DIA-01423,Celeb-DF++,video,Video Manipulation,0,1,0,0,0,0,Reset Password,41.22,44.96,13.44,55,36.06,37.26,Low,0
DIA-01424,Celeb-DF,video,Talking Face,0,0,1,0,0,0,Download Sensitive Data,9.67,69.37,22.34,75,28.55,34.73,Low,0
DIA-01425,Celeb-DF,video,Face Reenactment,0,1,1,0,0,0,Approve Payment,34.84,10.33,27.65,80,8.94,31.32,Low,0
DIA-01426,Celeb-DF,video,Video Manipulation,0,1,1,0,0,0,Read Information,0,13.61,0,20,10.11,7.06,Low,0
DIA-01427,DFDC,video,Video Manipulation,1,1,0,1,0,0,Transfer Funds,61.53,23.55,58.06,100,82.9,65.18,Medium,1
DIA-01428,DFDC,video,Talking Face,1,1,1,1,0,0,Download Sensitive Data,65.03,19.57,53.61,75,96.78,63.77,Medium,1
DIA-01429,ASVspoof2021-LA,audio,Replay,0,0,0,1,0,0,Change MFA,33.44,77.02,51.7,70,27.63,47.95,Low,0
DIA-01430,Celeb-DF++,video,Face Swap,0,1,1,0,0,0,Reset Password,18.61,9.34,5.37,55,14.64,19.24,Low,0
DIA-01431,ASVspoof2021-PA,audio,Voice Conversion,1,0,0,1,0,1,Transfer Funds,90.41,94.37,78.76,100,91.06,90.24,High,1
DIA-01432,ASVspoof2021-DF,audio,TTS,0,1,1,0,1,0,Access Internal Portal,14.34,18.56,27.63,35,22.01,22.26,Low,0
DIA-01433,DFDC,video,Talking Face,0,1,1,0,0,0,Change MFA,17.41,16.91,25.56,70,23.08,27.99,Low,0
DIA-01434,DFDC,video,Video Manipulation,1,1,0,0,0,0,Change MFA,62.38,39.6,13.41,70,97.72,57.38,Medium,1
DIA-01435,DFDC,video,Face Swap,1,0,0,0,1,0,Download Sensitive Data,88.29,100,25.49,75,100,77.84,High,1
DIA-01436,ASVspoof2021-PA,audio,Audio Manipulation,1,1,1,0,0,0,Access Internal Portal,53.68,31.12,2.63,35,91.64,44.88,Low,1
DIA-01437,DFDC,video,Face Swap,0,0,1,0,0,0,Transfer Funds,12.41,70.06,0,100,8.22,30.88,Low,0
DIA-01438,Celeb-DF++,video,Face Swap,0,1,0,0,0,0,Change MFA,7.24,39.2,18.34,70,7.48,23.72,Low,0
DIA-01439,ASVspoof2021-PA,audio,Audio Manipulation,0,1,1,0,0,0,Approve Payment,24.31,13.72,10.32,80,9.16,25.25,Low,0
DIA-01440,ASVspoof2021-PA,audio,TTS,1,0,0,0,0,1,Approve Payment,58.45,90.11,48.56,80,85.42,69.85,Medium,1
DIA-01441,DFDC,video,Talking Face,0,0,1,0,0,0,Access Internal Portal,38.04,73.01,10.02,35,17.28,33.07,Low,0
DIA-01442,DFDC,video,Video Manipulation,0,1,1,1,0,0,Transfer Funds,23.89,25.17,56.63,100,23.33,41.93,Low,0
DIA-01443,DFDC,video,Face Reenactment,0,0,1,0,0,0,Change MFA,22.54,50.08,7.22,70,24.29,31.08,Low,0
DIA-01444,DFDC,video,Face Swap,1,1,1,0,0,0,Download Sensitive Data,71.09,13.64,12.07,75,86.99,54.44,Medium,1
DIA-01445,DFDC,video,Face Reenactment,1,1,1,0,0,0,Approve Payment,65.78,26.91,11.92,80,91.61,56.48,Medium,1
DIA-01446,ASVspoof2021-DF,audio,TTS,1,0,0,0,0,1,Download Sensitive Data,72.34,98.15,36.88,75,79.54,70.96,Medium,1
DIA-01447,ASVspoof2021-PA,audio,Replay,0,0,1,0,0,0,Approve Payment,18.93,73.31,4.94,80,3.7,30.4,Low,0
DIA-01448,Celeb-DF++,video,Video Manipulation,1,1,1,0,0,0,Download Sensitive Data,71.71,2.19,7.88,75,78.84,50.44,Medium,1
DIA-01449,ASVspoof2021-DF,audio,Audio Manipulation,0,0,1,0,1,0,Approve Payment,8.95,75.62,37.25,80,22.05,37.89,Low,0
DIA-01450,DFDC,video,Video Manipulation,0,1,0,0,1,1,Change MFA,12.09,48.07,79.72,70,31.86,43.65,Low,0
DIA-01451,ASVspoof2021-LA,audio,Audio Manipulation,0,0,0,0,0,0,Create Privileged Account,27.03,96.6,10.81,95,32.35,45.48,Low,0
DIA-01452,ASVspoof2021-DF,audio,Audio Manipulation,1,0,1,0,0,0,Download Sensitive Data,65.98,64.76,9.39,75,81.99,59.03,Medium,1
DIA-01453,ASVspoof2021-LA,audio,Audio Manipulation,0,0,0,0,0,1,Transfer Funds,0.93,98.54,47.17,100,21.18,43.73,Low,0
DIA-01454,ASVspoof2021-PA,audio,Replay,1,0,1,1,0,1,Download Sensitive Data,70.77,61.7,83.9,75,72.52,73.02,Medium,1
DIA-01455,Celeb-DF,video,Video Manipulation,0,0,1,0,0,0,Download Sensitive Data,34.83,60.64,9.84,75,34.97,39.76,Low,0
DIA-01456,DFDC,video,Face Reenactment,0,1,0,0,0,0,Change MFA,16.24,46.42,20.61,70,21.13,30.68,Low,0
DIA-01457,DFDC,video,Face Reenactment,1,1,1,0,1,0,Change MFA,60.16,23.77,33.44,70,89.51,56.7,Medium,1
DIA-01458,Celeb-DF++,video,Video Manipulation,1,1,1,0,0,1,Create Privileged Account,54.56,9.06,46.83,95,63.79,54.1,Medium,1
DIA-01459,ASVspoof2021-PA,audio,Voice Conversion,0,0,1,0,0,0,Approve Payment,11.75,60.68,5.49,80,19.48,29.62,Low,0
DIA-01460,Celeb-DF,video,Face Reenactment,1,1,1,0,0,0,Change MFA,53.2,7.98,18.83,70,97.29,50.88,Medium,1
DIA-01461,ASVspoof2021-LA,audio,TTS,0,0,1,0,0,0,Create Privileged Account,22.72,71.58,3.62,95,20.75,36.68,Low,0
DIA-01462,ASVspoof2021-DF,audio,Voice Conversion,0,1,1,0,0,0,Read Information,18.54,5.69,9.5,20,16.23,14.56,Low,0
DIA-01463,DFDC,video,Talking Face,1,0,0,0,0,0,Read Information,62,100,16.88,20,80.63,56.1,Medium,1
DIA-01464,Celeb-DF,video,Video Manipulation,1,1,1,1,1,0,Approve Payment,62.62,11.28,68.94,80,76.6,61.59,Medium,1
DIA-01465,ASVspoof2021-DF,audio,TTS,0,0,1,0,0,0,Change MFA,34.79,72.93,16.08,70,21.94,39.48,Low,0
DIA-01466,ASVspoof2021-DF,audio,Replay,0,0,0,0,1,1,Create Privileged Account,15.24,89.05,55.66,95,5.3,44.37,Low,0
DIA-01467,Celeb-DF++,video,Video Manipulation,1,1,0,0,0,0,Approve Payment,58.28,44.67,2.36,80,86.07,53.87,Medium,1
DIA-01468,DFDC,video,Video Manipulation,0,1,1,0,0,0,Create Privileged Account,15.33,20.33,9.34,95,26.27,29.02,Low,0
DIA-01469,ASVspoof2021-DF,audio,Audio Manipulation,1,1,1,0,1,0,Reset Password,64.87,1.58,51.87,55,79.8,54.28,Medium,1
DIA-01470,DFDC,video,Face Swap,1,0,1,0,0,0,Reset Password,71.3,64.56,11.02,55,88.73,59.27,Medium,1
DIA-01471,ASVspoof2021-PA,audio,Voice Conversion,1,0,1,1,1,0,Reset Password,81.23,68.75,76.17,55,87.18,75.6,High,1
DIA-01472,DFDC,video,Video Manipulation,0,1,1,0,1,0,Approve Payment,27.41,10.8,43.03,80,22.86,35.02,Low,0
DIA-01473,DFDC,video,Video Manipulation,1,1,1,0,0,0,Approve Payment,92.73,21.97,2.4,80,98.83,63.36,Medium,1
DIA-01474,Celeb-DF++,video,Talking Face,0,1,1,0,0,0,Transfer Funds,0,10.22,0,100,16.18,19.77,Low,0
DIA-01475,Celeb-DF++,video,Video Manipulation,0,1,1,1,0,1,Access Internal Portal,30.54,20.72,97.14,35,27.83,42.51,Low,0
DIA-01476,Celeb-DF++,video,Talking Face,0,0,1,0,0,1,Read Information,17.27,73.88,49.23,20,21.46,33.4,Low,0
DIA-01477,Celeb-DF++,video,Face Swap,0,1,1,1,1,0,Transfer Funds,45.11,14.14,71.88,100,31.5,51.33,Medium,0
DIA-01478,ASVspoof2021-PA,audio,Audio Manipulation,1,0,0,0,0,0,Download Sensitive Data,67.93,100,10.4,75,87.28,66.17,Medium,1
DIA-01479,Celeb-DF++,video,Face Swap,1,0,1,0,0,1,Reset Password,48.67,57.7,52.36,55,82.6,58.5,Medium,1
DIA-01480,Celeb-DF++,video,Face Reenactment,1,0,1,1,0,1,Reset Password,80.78,69.51,84.1,55,93.87,78.5,High,1
DIA-01481,Celeb-DF++,video,Face Swap,1,1,1,0,0,0,Transfer Funds,68.94,8.81,11.01,100,84.03,56.01,Medium,1
DIA-01482,DFDC,video,Talking Face,1,1,1,0,0,0,Create Privileged Account,74.34,14.14,24.25,95,90.08,61.54,Medium,1
DIA-01483,ASVspoof2021-DF,audio,TTS,1,0,1,0,0,1,Access Internal Portal,63.04,66.24,36.3,35,75.19,56.4,Medium,1
DIA-01484,DFDC,video,Talking Face,1,0,1,1,0,1,Reset Password,79.61,70.48,88.62,55,71.04,74.64,Medium,1
DIA-01485,ASVspoof2021-DF,audio,Audio Manipulation,1,0,0,1,0,0,Create Privileged Account,68.02,95.08,41.45,95,85.28,74.26,Medium,1
DIA-01486,DFDC,video,Video Manipulation,1,1,1,0,0,0,Approve Payment,58.62,16.11,20.94,80,74.91,51.17,Medium,1
DIA-01487,ASVspoof2021-PA,audio,Voice Conversion,0,1,1,1,0,1,Create Privileged Account,31.77,16.43,87.05,95,37.76,51.21,Medium,0
DIA-01488,Celeb-DF++,video,Video Manipulation,1,0,1,0,0,0,Access Internal Portal,67.68,74.59,5.19,35,77.15,53.21,Medium,1
DIA-01489,ASVspoof2021-PA,audio,Voice Conversion,0,0,1,0,0,0,Download Sensitive Data,29.55,59.93,0,75,26.69,34.44,Low,0
DIA-01490,Celeb-DF++,video,Talking Face,0,1,1,1,1,0,Read Information,23.3,19.07,72.55,20,11.84,29.73,Low,0
DIA-01491,DFDC,video,Talking Face,1,0,1,0,0,0,Change MFA,72.64,57.9,11.3,70,85.35,60.31,Medium,1
DIA-01492,ASVspoof2021-LA,audio,TTS,0,1,1,0,0,0,Read Information,4.72,0,18.11,20,3.53,8.74,Low,0
DIA-01493,ASVspoof2021-DF,audio,TTS,0,1,1,1,0,0,Reset Password,38.34,30.78,42.34,55,11.1,35.06,Low,0
DIA-01494,ASVspoof2021-LA,audio,TTS,0,1,0,0,0,0,Reset Password,9.45,32.49,4.23,55,17.33,20.27,Low,0
DIA-01495,Celeb-DF++,video,Video Manipulation,0,1,1,1,0,0,Access Internal Portal,32.93,11.42,46.52,35,17.05,29.56,Low,0
DIA-01496,ASVspoof2021-DF,audio,Audio Manipulation,1,1,0,0,0,0,Create Privileged Account,68.89,25.09,4.57,95,91.3,57.85,Medium,1
DIA-01497,ASVspoof2021-LA,audio,Voice Conversion,1,1,1,0,0,0,Reset Password,67.5,11.36,6.4,55,95.5,50.58,Medium,1
DIA-01498,ASVspoof2021-DF,audio,Audio Manipulation,0,1,1,1,1,1,Access Internal Portal,36.36,16.65,100,35,7.13,40.08,Low,0
DIA-01499,Celeb-DF,video,Face Swap,1,1,1,0,0,1,Transfer Funds,47.46,16.94,47.92,100,88.7,59.1,Medium,1
DIA-01500,ASVspoof2021-DF,audio,Audio Manipulation,1,1,1,0,1,0,Read Information,59.69,5.35,31.62,20,73.27,42.69,Low,1
DIA-01501,ASVspoof2021-DF,audio,TTS,1,1,1,1,0,0,Access Internal Portal,79.21,11.45,50.08,35,83.8,57.51,Medium,1
DIA-01502,ASVspoof2021-PA,audio,TTS,0,0,0,0,1,1,Create Privileged Account,44.14,97.95,72.13,95,10.42,58.69,Medium,0
DIA-01503,Celeb-DF,video,Video Manipulation,0,1,0,0,0,0,Change MFA,17.73,41.91,0.34,70,4.09,22.99,Low,0
DIA-01504,Celeb-DF++,video,Face Reenactment,0,1,1,0,0,0,Reset Password,0,16.03,14.16,55,0,13.49,Low,0
DIA-01505,ASVspoof2021-LA,audio,Voice Conversion,0,1,1,0,1,0,Reset Password,14.51,21.08,36.47,55,11.99,25.46,Low,0
DIA-01506,Celeb-DF++,video,Video Manipulation,1,0,0,0,1,0,Download Sensitive Data,65.34,94.13,36.47,75,83.89,69.04,Medium,1
DIA-01507,ASVspoof2021-DF,audio,Voice Conversion,0,0,0,0,1,0,Reset Password,30.2,100,34.07,55,16.21,42.37,Low,0
DIA-01508,Celeb-DF++,video,Video Manipulation,1,0,1,1,1,0,Read Information,71.53,67.65,73.11,20,68.77,62.98,Medium,1
DIA-01509,DFDC,video,Face Swap,1,0,1,0,0,0,Transfer Funds,51.96,75.56,10.38,100,62.38,56.47,Medium,1
DIA-01510,ASVspoof2021-LA,audio,TTS,0,1,1,1,0,0,Transfer Funds,33.6,20.84,50.67,100,20.49,42.44,Low,0
DIA-01511,DFDC,video,Face Reenactment,0,0,1,1,1,0,Access Internal Portal,29.25,56.89,66.74,35,26.41,41.19,Low,0
DIA-01512,DFDC,video,Talking Face,1,1,1,0,0,0,Download Sensitive Data,58.31,18.53,21.03,75,83.81,52.49,Medium,1
DIA-01513,ASVspoof2021-DF,audio,TTS,1,0,1,1,1,0,Change MFA,78.92,64.88,70.13,70,100,77.93,High,1
DIA-01514,ASVspoof2021-LA,audio,TTS,0,0,1,0,1,0,Read Information,11.99,61.93,35.47,20,14.65,25.91,Low,0
DIA-01515,ASVspoof2021-PA,audio,Replay,1,0,1,0,0,0,Change MFA,62.72,66.6,18.16,70,85.52,60.04,Medium,1
DIA-01516,Celeb-DF,video,Face Reenactment,1,1,1,1,0,0,Approve Payment,65.17,16.29,47.61,80,83.1,60.14,Medium,1
DIA-01517,DFDC,video,Face Reenactment,1,1,1,1,0,1,Read Information,72.59,2.48,86.66,20,78.11,58.1,Medium,1
DIA-01518,ASVspoof2021-PA,audio,TTS,0,1,1,0,1,0,Reset Password,27.97,15.22,19.66,55,17.52,26.36,Low,0
DIA-01519,DFDC,video,Face Swap,1,1,1,0,0,0,Reset Password,46.36,13.26,0,55,86.14,41.38,Low,1
DIA-01520,DFDC,video,Face Swap,1,0,1,0,0,0,Reset Password,78.15,78.31,9.82,55,94.43,64.29,Medium,1
DIA-01521,Celeb-DF,video,Talking Face,0,0,0,1,0,0,Approve Payment,24.94,89.93,51.33,80,21.45,47.53,Low,0
DIA-01522,Celeb-DF++,video,Face Swap,1,1,1,0,1,1,Change MFA,66.71,24.52,77.74,70,97.92,69.32,Medium,1
DIA-01523,ASVspoof2021-PA,audio,TTS,1,0,1,0,0,0,Create Privileged Account,66.23,73.09,15.61,95,87.67,65.74,Medium,1
DIA-01524,ASVspoof2021-LA,audio,Audio Manipulation,0,1,1,0,0,0,Download Sensitive Data,8,14.73,0,75,16.94,19.25,Low,0
DIA-01525,ASVspoof2021-DF,audio,Voice Conversion,1,1,0,0,0,0,Approve Payment,48.05,50.19,18.88,80,92.53,56.23,Medium,1
DIA-01526,DFDC,video,Talking Face,1,1,1,0,0,0,Download Sensitive Data,56.31,30.38,1.67,75,74.64,47.96,Low,1
DIA-01527,Celeb-DF,video,Face Reenactment,1,1,1,0,1,0,Create Privileged Account,45.15,13.32,41.04,95,91.14,56.23,Medium,1
DIA-01528,Celeb-DF++,video,Video Manipulation,1,0,1,0,0,0,Access Internal Portal,51.12,64.08,6.84,35,71.01,45.77,Low,1
DIA-01529,DFDC,video,Video Manipulation,0,0,1,0,0,1,Transfer Funds,5.15,73.43,64.01,100,10.89,42.54,Low,0
DIA-01530,Celeb-DF,video,Face Reenactment,0,0,0,0,0,0,Create Privileged Account,31.46,83.62,5.87,95,3.34,38.07,Low,0
DIA-01531,Celeb-DF,video,Talking Face,0,1,1,0,0,0,Access Internal Portal,3.87,4.59,9.48,35,15.23,12.04,Low,0
DIA-01532,DFDC,video,Face Reenactment,1,1,0,0,0,0,Read Information,65.55,50.45,11.11,20,95.32,51.52,Medium,1
DIA-01533,ASVspoof2021-DF,audio,Audio Manipulation,0,1,1,1,1,0,Read Information,35.28,19.57,73.3,20,12.38,33.66,Low,0
DIA-01534,ASVspoof2021-DF,audio,Voice Conversion,1,1,0,0,0,0,Approve Payment,75.35,33.13,3.02,80,83.29,56.84,Medium,1
DIA-01535,DFDC,video,Video Manipulation,0,1,0,0,0,0,Change MFA,14.75,65.08,25.43,70,13.69,32.51,Low,0
DIA-01536,Celeb-DF++,video,Talking Face,0,1,1,0,0,1,Access Internal Portal,19.8,3.94,40.73,35,15.02,22.93,Low,0
DIA-01537,ASVspoof2021-LA,audio,Replay,1,0,1,0,1,0,Reset Password,67.98,74.96,30.47,55,74.56,60.89,Medium,1
DIA-01538,ASVspoof2021-LA,audio,Voice Conversion,1,1,1,1,0,0,Change MFA,94.23,8.63,49.23,70,90.9,68.09,Medium,1
DIA-01539,ASVspoof2021-LA,audio,Audio Manipulation,0,0,1,1,0,0,Read Information,27.54,84.25,51.35,20,33.02,40.77,Low,0
DIA-01540,Celeb-DF++,video,Talking Face,0,1,0,0,0,0,Download Sensitive Data,25.35,35.75,5.21,75,13.83,28.03,Low,0
DIA-01541,ASVspoof2021-LA,audio,Audio Manipulation,0,1,1,0,1,0,Read Information,42.93,12.72,41.67,20,24.8,31.08,Low,0
DIA-01542,Celeb-DF,video,Video Manipulation,0,0,1,0,0,1,Approve Payment,26.06,55.53,46.07,80,20.51,41.46,Low,0
DIA-01543,Celeb-DF,video,Face Swap,0,0,1,0,0,0,Read Information,30.63,86.66,10.14,20,16.1,30.44,Low,0
DIA-01544,DFDC,video,Video Manipulation,1,0,1,0,0,0,Create Privileged Account,71.25,65.06,13.91,95,87.32,65.63,Medium,1
DIA-01545,Celeb-DF++,video,Video Manipulation,0,0,1,1,0,0,Reset Password,28.09,73.84,44.06,55,15.6,39.68,Low,0
DIA-01546,Celeb-DF,video,Face Swap,0,1,0,0,1,0,Download Sensitive Data,7.4,40.04,30.9,75,17.61,29.18,Low,0
DIA-01547,Celeb-DF,video,Video Manipulation,0,0,1,1,0,0,Change MFA,10.58,65.59,49.85,70,14.01,36.28,Low,0
DIA-01548,ASVspoof2021-LA,audio,Replay,0,0,1,0,0,0,Transfer Funds,12.36,52.18,16.51,100,2.44,30.32,Low,0
DIA-01549,Celeb-DF,video,Face Reenactment,1,1,1,0,1,0,Create Privileged Account,75.7,13.17,33.29,95,69.73,59.54,Medium,1
DIA-01550,Celeb-DF,video,Face Swap,0,1,1,0,0,0,Transfer Funds,27.18,12.83,7.78,100,0,26.63,Low,0
DIA-01551,DFDC,video,Face Reenactment,0,1,1,0,0,1,Approve Payment,37.67,17.55,30.24,80,17.72,35.53,Low,0
DIA-01552,Celeb-DF++,video,Face Swap,1,0,1,1,0,1,Transfer Funds,75.88,87.16,80.15,100,93.45,85.56,High,1
DIA-01553,Celeb-DF,video,Talking Face,1,0,1,0,0,0,Access Internal Portal,71.92,75.16,0,35,78.41,53.78,Medium,1
DIA-01554,Celeb-DF,video,Talking Face,1,0,1,0,1,1,Reset Password,76.96,76.88,60.19,55,84.02,71.71,Medium,1
DIA-01555,DFDC,video,Talking Face,1,1,1,1,1,0,Create Privileged Account,69.82,12.56,77.56,95,78.57,68.31,Medium,1
DIA-01556,ASVspoof2021-LA,audio,Replay,1,1,1,0,0,1,Read Information,67.46,4.49,68.23,20,76.35,52.83,Medium,1
DIA-01557,ASVspoof2021-PA,audio,Voice Conversion,1,1,1,0,1,0,Access Internal Portal,49.67,12.77,36.36,35,99.24,49.19,Low,1
DIA-01558,Celeb-DF++,video,Talking Face,1,1,1,0,0,0,Approve Payment,64.32,9.12,12.33,80,75.9,50.31,Medium,1
DIA-01559,ASVspoof2021-DF,audio,Audio Manipulation,0,1,1,0,0,0,Change MFA,16.86,14.6,4.68,70,4.04,19.49,Low,0
DIA-01560,ASVspoof2021-LA,audio,TTS,1,1,1,1,0,0,Reset Password,83.48,11.05,42.66,55,79.82,59.45,Medium,1
DIA-01561,ASVspoof2021-PA,audio,Voice Conversion,1,1,1,0,1,1,Reset Password,84.56,1.58,84.39,55,88.81,68.5,Medium,1
DIA-01562,ASVspoof2021-DF,audio,Audio Manipulation,1,1,0,0,0,0,Create Privileged Account,67.6,50.14,4.36,95,78.74,58.67,Medium,1
DIA-01563,ASVspoof2021-PA,audio,Audio Manipulation,0,0,1,0,0,1,Change MFA,45.7,68.87,31,70,26,45.94,Low,0
DIA-01564,ASVspoof2021-PA,audio,Audio Manipulation,1,1,0,0,0,0,Read Information,68.09,37.36,11.72,20,77.45,46.86,Low,1
DIA-01565,ASVspoof2021-LA,audio,TTS,0,1,1,0,0,0,Download Sensitive Data,29.36,6.16,6.99,75,14.05,25.19,Low,0
DIA-01566,Celeb-DF++,video,Face Reenactment,1,1,1,0,0,0,Create Privileged Account,64.9,11.2,14.17,95,76.86,53.61,Medium,1
DIA-01567,DFDC,video,Face Swap,0,0,1,0,0,0,Access Internal Portal,5.46,63.09,20.97,35,12.54,23.05,Low,0
DIA-01568,DFDC,video,Video Manipulation,1,0,0,0,1,0,Read Information,61.32,85.45,37.58,20,88.75,59.48,Medium,1
DIA-01569,Celeb-DF++,video,Talking Face,1,1,0,0,1,0,Approve Payment,82.21,41.3,36.59,80,94.93,69.16,Medium,1
DIA-01570,Celeb-DF++,video,Face Swap,0,0,1,0,0,1,Transfer Funds,20.09,66.25,49.62,100,29.69,46.83,Low,0
DIA-01571,Celeb-DF++,video,Face Swap,0,0,1,0,1,0,Read Information,12.87,75.99,53.93,20,3.4,29.73,Low,0
DIA-01572,ASVspoof2021-DF,audio,Replay,0,1,0,0,1,0,Approve Payment,17.96,37.12,50.95,80,7.13,34.57,Low,0
DIA-01573,ASVspoof2021-DF,audio,Audio Manipulation,1,1,0,0,1,0,Create Privileged Account,61.72,40.92,32.79,95,74.16,60.29,Medium,1
DIA-01574,ASVspoof2021-LA,audio,Audio Manipulation,1,1,0,1,0,0,Access Internal Portal,84.13,40.69,56.65,35,88,65.52,Medium,1
DIA-01575,DFDC,video,Video Manipulation,1,1,1,0,1,1,Reset Password,91.74,18.08,82.5,55,80.24,71.03,Medium,1
DIA-01576,DFDC,video,Video Manipulation,0,1,1,0,0,0,Download Sensitive Data,18.07,8.27,14.85,75,10.31,22.94,Low,0
DIA-01577,ASVspoof2021-LA,audio,Audio Manipulation,1,1,1,0,0,0,Download Sensitive Data,71.95,22.19,9.54,75,91.15,56.3,Medium,1
DIA-01578,ASVspoof2021-LA,audio,Audio Manipulation,1,1,0,0,0,0,Download Sensitive Data,76.69,30.56,6.52,75,95.8,59.3,Medium,1
DIA-01579,ASVspoof2021-PA,audio,Audio Manipulation,0,1,1,0,0,0,Access Internal Portal,19.19,15.34,10.69,35,23.04,20.05,Low,0
DIA-01580,ASVspoof2021-LA,audio,Voice Conversion,0,1,1,0,1,0,Transfer Funds,8.34,5.36,27.02,100,16.97,27.1,Low,0
DIA-01581,ASVspoof2021-PA,audio,Audio Manipulation,0,1,1,0,0,0,Change MFA,13.5,14.03,16.27,70,9.41,21.79,Low,0
DIA-01582,Celeb-DF,video,Video Manipulation,0,1,1,1,0,1,Download Sensitive Data,32.53,22.13,94.74,75,20.32,47.34,Low,0
DIA-01583,Celeb-DF++,video,Face Swap,0,1,0,0,0,0,Download Sensitive Data,22.33,44.44,7.22,75,27.85,31.63,Low,0
DIA-01584,Celeb-DF,video,Talking Face,0,1,1,0,1,0,Download Sensitive Data,0,23.47,31.85,75,17.95,24.73,Low,0
DIA-01585,ASVspoof2021-DF,audio,Voice Conversion,0,0,0,0,0,0,Reset Password,13.2,92.57,2.61,55,23.26,31.27,Low,0
DIA-01586,ASVspoof2021-PA,audio,TTS,0,1,1,0,1,0,Reset Password,9.89,22.27,38.27,55,23.03,26.82,Low,0
DIA-01587,Celeb-DF,video,Face Swap,0,1,1,0,0,1,Access Internal Portal,32.71,9.46,44.92,35,17.22,28.91,Low,0
DIA-01588,ASVspoof2021-DF,audio,TTS,1,1,1,1,0,1,Approve Payment,68.32,11.33,74.9,80,89.78,67.13,Medium,1
DIA-01589,Celeb-DF,video,Video Manipulation,1,1,1,0,0,0,Reset Password,60.93,16.04,30.4,55,78.81,50.78,Medium,1
DIA-01590,DFDC,video,Video Manipulation,0,1,1,0,1,0,Read Information,12.54,21.8,22.55,20,20.49,18.64,Low,0
DIA-01591,DFDC,video,Face Swap,1,1,0,0,1,0,Read Information,74.7,35.62,24.92,20,96.72,55.08,Medium,1
DIA-01592,DFDC,video,Talking Face,1,1,1,1,0,0,Transfer Funds,81.66,20.56,56.58,100,100,73.9,Medium,1
DIA-01593,ASVspoof2021-PA,audio,Replay,0,0,1,0,0,0,Change MFA,23.43,71.85,14.6,70,23.21,35.87,Low,0
DIA-01594,Celeb-DF++,video,Talking Face,0,1,1,0,0,0,Download Sensitive Data,30.17,17.7,5,75,23.09,28.57,Low,0
DIA-01595,ASVspoof2021-LA,audio,Replay,0,1,1,0,0,0,Download Sensitive Data,31.59,8.16,4.55,75,32.39,29.34,Low,0
DIA-01596,ASVspoof2021-DF,audio,Audio Manipulation,1,1,1,1,0,0,Create Privileged Account,51.09,11.92,53.21,95,71.99,56.4,Medium,1
DIA-01597,DFDC,video,Talking Face,0,0,1,1,0,0,Transfer Funds,29.51,69.25,52.65,100,32.39,51.25,Medium,0
DIA-01598,DFDC,video,Talking Face,0,1,1,0,0,1,Create Privileged Account,18.93,17.7,40.07,95,17.91,34.18,Low,0
DIA-01599,ASVspoof2021-LA,audio,Replay,1,0,1,1,1,0,Transfer Funds,57.18,63.54,81.96,100,82.54,74.59,Medium,1
DIA-01600,Celeb-DF,video,Face Reenactment,1,1,1,1,0,0,Access Internal Portal,67.48,4.66,54,35,79.81,52.96,Medium,1
DIA-01601,ASVspoof2021-PA,audio,Audio Manipulation,0,1,1,0,0,0,Change MFA,26.04,0,19.36,70,7.95,23.77,Low,0
DIA-01602,DFDC,video,Face Reenactment,1,1,1,0,0,0,Reset Password,82.01,20.97,9.65,55,100,57.93,Medium,1
DIA-01603,ASVspoof2021-DF,audio,Audio Manipulation,0,0,1,0,0,1,Create Privileged Account,8.2,77.55,50.67,95,17.69,42.01,Low,0
DIA-01604,ASVspoof2021-LA,audio,Replay,1,0,1,0,0,0,Reset Password,72.8,53.92,8.4,55,81.88,56.23,Medium,1
DIA-01605,DFDC,video,Talking Face,1,0,1,1,1,0,Create Privileged Account,92.62,70.61,78.79,95,93.31,87.05,High,1
DIA-01606,Celeb-DF,video,Video Manipulation,1,1,1,0,0,1,Access Internal Portal,91.14,11.98,47.5,35,86.75,61.24,Medium,1
DIA-01607,ASVspoof2021-PA,audio,Replay,0,0,1,0,0,0,Approve Payment,0,79.74,15.94,80,0,27.15,Low,0
DIA-01608,Celeb-DF,video,Talking Face,0,1,1,0,0,0,Read Information,41.97,13.32,13.64,20,20.89,24.5,Low,0
DIA-01609,Celeb-DF++,video,Talking Face,1,1,0,0,0,0,Create Privileged Account,76.57,44.36,0,95,73.48,58.57,Medium,1
DIA-01610,Celeb-DF++,video,Talking Face,0,1,1,0,0,0,Create Privileged Account,0,11.6,5.61,95,14.14,19.94,Low,0
DIA-01611,Celeb-DF,video,Face Reenactment,1,0,1,0,1,0,Download Sensitive Data,57.58,64.5,35.58,75,95.67,64.45,Medium,1
DIA-01612,ASVspoof2021-LA,audio,Replay,0,1,1,0,0,0,Download Sensitive Data,31.84,21.14,13.26,75,14.19,29.46,Low,0
DIA-01613,ASVspoof2021-LA,audio,Audio Manipulation,0,1,1,1,1,0,Change MFA,26.96,23.63,80.77,70,25.86,43.46,Low,0
DIA-01614,Celeb-DF,video,Talking Face,0,1,1,0,0,0,Download Sensitive Data,11.69,4.85,13.84,75,9.16,20.08,Low,0
DIA-01615,ASVspoof2021-LA,audio,Audio Manipulation,0,1,1,0,1,1,Download Sensitive Data,23.73,24.14,65.07,75,17.75,38.55,Low,0
DIA-01616,DFDC,video,Video Manipulation,1,1,1,1,1,0,Change MFA,77.01,7.2,81.43,70,78.35,66.64,Medium,1
DIA-01617,DFDC,video,Face Reenactment,0,0,1,0,0,0,Download Sensitive Data,11.63,51.34,4.34,75,20.48,27.4,Low,0
DIA-01618,ASVspoof2021-DF,audio,TTS,1,1,1,0,0,0,Read Information,64.6,15.09,18.84,20,95.27,47.47,Low,1
DIA-01619,ASVspoof2021-PA,audio,Voice Conversion,1,1,1,0,1,0,Change MFA,75.87,19.06,44.31,70,87.7,62.52,Medium,1
DIA-01620,DFDC,video,Video Manipulation,1,1,1,1,1,0,Change MFA,63.29,2.87,74.93,70,87.64,62.43,Medium,1
DIA-01621,DFDC,video,Video Manipulation,1,1,1,0,0,0,Transfer Funds,51.07,0,5.46,100,84.57,48.33,Low,1
DIA-01622,Celeb-DF++,video,Talking Face,1,1,1,0,1,0,Reset Password,58.99,11.04,30.13,55,79.51,49.53,Low,1
DIA-01623,ASVspoof2021-LA,audio,Audio Manipulation,1,1,0,0,1,0,Transfer Funds,56.22,34.97,27.34,100,92.82,61.14,Medium,1
DIA-01624,DFDC,video,Face Swap,0,1,1,1,0,0,Transfer Funds,16.35,25.96,43.54,100,11.43,34.79,Low,0
DIA-01625,Celeb-DF,video,Talking Face,1,1,1,1,0,0,Create Privileged Account,52,15.1,48.74,95,65.85,55.03,Medium,1
DIA-01626,ASVspoof2021-LA,audio,Replay,1,0,0,0,0,0,Approve Payment,68.59,100,6.08,80,75.86,63.96,Medium,1
DIA-01627,Celeb-DF,video,Talking Face,0,1,1,0,0,0,Reset Password,27.54,16.68,0,55,24.43,23.9,Low,0
DIA-01628,DFDC,video,Talking Face,1,1,1,0,1,0,Access Internal Portal,57.07,27.55,31.62,35,77.79,48.39,Low,1
DIA-01629,DFDC,video,Face Reenactment,0,0,1,0,1,0,Create Privileged Account,10.83,62.87,35.65,95,15.54,37.17,Low,0
DIA-01630,Celeb-DF++,video,Talking Face,1,1,1,0,0,0,Approve Payment,63.94,14.3,7.63,80,80.84,51.02,Medium,1
DIA-01631,Celeb-DF++,video,Talking Face,0,0,1,1,0,0,Create Privileged Account,12.98,57.45,43.74,95,16.87,38.88,Low,0
DIA-01632,ASVspoof2021-LA,audio,Audio Manipulation,1,0,0,0,0,0,Download Sensitive Data,76.82,100,0,75,96.05,68.51,Medium,1
DIA-01633,ASVspoof2021-DF,audio,TTS,0,0,0,1,0,0,Transfer Funds,13.22,100,58.02,100,29.04,51.38,Medium,0
DIA-01634,ASVspoof2021-DF,audio,Voice Conversion,1,1,1,0,0,0,Read Information,60.22,21.98,9.72,20,73.33,40.97,Low,1
DIA-01635,ASVspoof2021-PA,audio,Voice Conversion,0,0,1,1,0,0,Read Information,14.6,69,52.24,20,24.04,32.99,Low,0
DIA-01636,Celeb-DF++,video,Face Swap,1,1,0,0,0,0,Read Information,77.08,28.08,11.27,20,88.04,50.2,Medium,1
DIA-01637,Celeb-DF++,video,Face Reenactment,0,1,0,0,0,0,Reset Password,15.46,39.31,13.48,55,4.86,22.45,Low,0
DIA-01638,ASVspoof2021-PA,audio,Voice Conversion,1,0,0,1,1,0,Access Internal Portal,92.92,89.58,76.68,35,94.68,80.84,High,1
DIA-01639,Celeb-DF,video,Face Reenactment,0,1,1,0,0,0,Read Information,21.89,22.38,10.69,20,34.11,21.88,Low,0
DIA-01640,ASVspoof2021-DF,audio,Voice Conversion,0,0,1,1,0,0,Create Privileged Account,35.74,66.59,55.34,95,14.29,48.89,Low,0
DIA-01641,ASVspoof2021-LA,audio,Replay,0,1,1,1,1,0,Access Internal Portal,19.43,11.42,81.85,35,14.8,32.12,Low,0
DIA-01642,DFDC,video,Talking Face,1,1,0,1,1,0,Create Privileged Account,60.63,57.39,84.68,95,67.7,71.52,Medium,1
DIA-01643,Celeb-DF++,video,Face Reenactment,0,1,1,1,0,0,Approve Payment,22.64,21.39,44.18,80,16.61,34.16,Low,0
DIA-01644,DFDC,video,Video Manipulation,1,0,0,0,0,0,Download Sensitive Data,58.53,100,11.75,75,83.07,62.77,Medium,1
DIA-01645,DFDC,video,Face Reenactment,0,1,1,0,0,1,Read Information,1.02,10.9,33.76,20,30.02,17.7,Low,0
DIA-01646,Celeb-DF++,video,Talking Face,1,0,0,0,0,0,Read Information,77.15,86.2,6.63,20,77.88,55.98,Medium,1
DIA-01647,Celeb-DF,video,Face Swap,0,1,1,0,0,0,Access Internal Portal,18.36,23.53,8.62,35,25.27,21.07,Low,0
DIA-01648,ASVspoof2021-LA,audio,TTS,0,0,0,0,0,1,Reset Password,15.3,100,50.19,55,18.53,41.58,Low,0
DIA-01649,ASVspoof2021-PA,audio,Voice Conversion,0,1,1,0,0,0,Transfer Funds,22.14,4.71,9.18,100,37.64,31.71,Low,0
DIA-01650,ASVspoof2021-LA,audio,Voice Conversion,0,0,1,0,0,0,Change MFA,18.52,65.86,14.71,70,18.21,32.52,Low,0
DIA-01651,Celeb-DF,video,Face Reenactment,0,1,1,0,1,0,Access Internal Portal,33.51,7.69,32.58,35,19.91,26.95,Low,0
DIA-01652,Celeb-DF,video,Face Swap,0,1,0,0,0,0,Reset Password,22.76,43.85,5.96,55,25.31,27.91,Low,0
DIA-01653,Celeb-DF,video,Face Reenactment,1,0,1,1,0,1,Reset Password,74.27,78.69,79.38,55,89.97,76.2,High,1
DIA-01654,DFDC,video,Talking Face,1,1,1,1,0,0,Download Sensitive Data,78.63,12.05,54.84,75,95.08,66.63,Medium,1
DIA-01655,ASVspoof2021-PA,audio,Replay,0,1,0,0,0,1,Create Privileged Account,22.6,37.03,42.35,95,22.7,39.59,Low,0
DIA-01656,Celeb-DF++,video,Face Swap,1,0,0,0,0,1,Read Information,73.02,79.35,28.01,20,71.98,56.81,Medium,1
DIA-01657,DFDC,video,Face Reenactment,0,0,1,0,0,1,Create Privileged Account,36.49,62.37,49.45,95,25.82,49.61,Low,0
DIA-01658,ASVspoof2021-LA,audio,Replay,0,0,0,0,1,0,Read Information,5.15,100,28.5,20,17.78,28.8,Low,0
DIA-01659,Celeb-DF,video,Talking Face,0,0,1,0,1,0,Reset Password,8.5,73.94,36.35,55,7.47,30.65,Low,0
DIA-01660,DFDC,video,Video Manipulation,0,0,1,1,1,0,Download Sensitive Data,18.39,77.41,67.1,75,19.2,45.64,Low,0
DIA-01661,DFDC,video,Face Reenactment,0,1,1,0,0,0,Read Information,15,12.08,10.1,20,0,11.33,Low,0
DIA-01662,ASVspoof2021-DF,audio,Replay,1,1,0,0,1,1,Reset Password,83.72,37.82,49.91,55,90.23,67.07,Medium,1
DIA-01663,ASVspoof2021-LA,audio,Audio Manipulation,1,0,1,0,0,0,Approve Payment,50.44,70.15,9.76,80,85.77,56.76,Medium,1
DIA-01664,DFDC,video,Face Reenactment,1,0,1,0,0,0,Approve Payment,65.68,72.59,3.87,80,92.05,61.78,Medium,1
DIA-01665,ASVspoof2021-PA,audio,Audio Manipulation,0,1,1,0,0,1,Read Information,16.94,26.01,36.13,20,22.54,23.72,Low,0
DIA-01666,ASVspoof2021-LA,audio,Voice Conversion,0,1,1,0,0,0,Create Privileged Account,36.71,9.62,15.35,95,13.2,32.42,Low,0
DIA-01667,ASVspoof2021-LA,audio,Voice Conversion,1,1,0,1,0,1,Change MFA,85.72,38.9,84.17,70,75.24,73.93,Medium,1
DIA-01668,DFDC,video,Talking Face,0,0,1,0,1,0,Download Sensitive Data,20.63,63.65,33.29,75,25.63,38.77,Low,0
DIA-01669,DFDC,video,Talking Face,0,1,0,0,0,0,Access Internal Portal,28.66,24.25,4.93,35,22.81,23.03,Low,0
DIA-01670,ASVspoof2021-LA,audio,Replay,0,0,1,0,1,0,Transfer Funds,3.49,77.36,41.26,100,17.31,39.36,Low,0
DIA-01671,Celeb-DF,video,Face Swap,0,0,0,0,0,0,Create Privileged Account,40.3,100,6.96,95,37.21,50.17,Medium,0
DIA-01672,ASVspoof2021-DF,audio,TTS,1,1,0,0,0,1,Approve Payment,61.74,46.12,55.41,80,67.97,62.12,Medium,1
DIA-01673,ASVspoof2021-LA,audio,Audio Manipulation,0,1,1,0,0,0,Access Internal Portal,31.83,16.84,18.61,35,36.18,28.28,Low,0
DIA-01674,DFDC,video,Video Manipulation,0,1,1,0,0,0,Create Privileged Account,24.07,29.83,19.98,95,12.96,32.53,Low,0
DIA-01675,ASVspoof2021-LA,audio,Audio Manipulation,1,1,0,0,1,1,Change MFA,73.91,43.67,76.78,70,92.9,73.16,Medium,1
DIA-01676,ASVspoof2021-PA,audio,Replay,1,1,1,0,0,0,Approve Payment,79.37,21.42,5.76,80,86.72,57.52,Medium,1
DIA-01677,ASVspoof2021-DF,audio,Audio Manipulation,0,1,1,0,0,0,Approve Payment,28.96,16.13,10.37,80,16.13,28.41,Low,0
DIA-01678,Celeb-DF++,video,Face Reenactment,0,0,1,0,0,0,Create Privileged Account,19.18,72.35,8.58,95,3.22,33.22,Low,0
DIA-01679,ASVspoof2021-LA,audio,TTS,1,1,0,1,1,1,Create Privileged Account,71.36,38.94,100,95,78.79,77.26,High,1
DIA-01680,Celeb-DF++,video,Face Swap,0,1,1,0,0,1,Change MFA,24.35,21.66,44.93,70,22.29,34.5,Low,0
DIA-01681,ASVspoof2021-LA,audio,Voice Conversion,0,1,1,1,0,0,Read Information,21.87,6.27,48.3,20,20.66,24.29,Low,0
DIA-01682,ASVspoof2021-LA,audio,Voice Conversion,0,0,1,0,0,0,Change MFA,21.89,73.35,21.61,70,26.04,37.6,Low,0
DIA-01683,ASVspoof2021-LA,audio,Audio Manipulation,0,1,1,0,0,1,Change MFA,34.23,8.18,42.71,70,14.33,33.4,Low,0
DIA-01684,Celeb-DF,video,Face Reenactment,1,1,1,1,0,1,Reset Password,81.15,19.08,80.63,55,94.01,70.39,Medium,1
DIA-01685,DFDC,video,Talking Face,1,0,0,0,0,0,Change MFA,68.03,100,7.19,70,84.6,64.27,Medium,1
DIA-01686,DFDC,video,Face Reenactment,1,1,1,0,0,0,Download Sensitive Data,58.81,20.6,17.5,75,87.4,52.96,Medium,1
DIA-01687,Celeb-DF++,video,Talking Face,1,1,0,1,0,0,Download Sensitive Data,74.57,49.39,51.31,75,90.26,69.34,Medium,1
DIA-01688,Celeb-DF++,video,Talking Face,1,1,0,0,0,0,Reset Password,47.34,47.22,13.21,55,74.59,47.1,Low,1
DIA-01689,ASVspoof2021-DF,audio,TTS,1,0,1,1,0,0,Download Sensitive Data,62.23,51.39,51.65,75,84.83,64.92,Medium,1
DIA-01690,Celeb-DF,video,Face Reenactment,1,0,1,0,0,0,Transfer Funds,72.67,68.95,0,100,89.32,65.01,Medium,1
DIA-01691,ASVspoof2021-LA,audio,TTS,0,1,0,1,0,0,Approve Payment,32.74,43.58,42.52,80,27.26,42.32,Low,0
DIA-01692,ASVspoof2021-PA,audio,Audio Manipulation,0,0,1,0,0,1,Download Sensitive Data,22.77,53.29,43.05,75,31.24,40.93,Low,0
DIA-01693,Celeb-DF,video,Talking Face,1,0,1,0,0,0,Reset Password,68.21,67.73,12.2,55,78.34,56.98,Medium,1
DIA-01694,ASVspoof2021-DF,audio,Audio Manipulation,0,0,0,1,0,1,Reset Password,32.07,94.37,78.11,55,9.52,49.55,Low,0
DIA-01695,ASVspoof2021-DF,audio,Audio Manipulation,0,0,0,0,1,0,Read Information,25.5,85.15,27.89,20,29.95,34.99,Low,0
DIA-01696,Celeb-DF++,video,Face Swap,0,0,1,0,1,1,Download Sensitive Data,20.78,62.24,67.81,75,5.62,41.51,Low,0
DIA-01697,DFDC,video,Talking Face,1,1,1,1,0,0,Read Information,60.19,25.7,59.28,20,91.35,55.04,Medium,1
DIA-01698,ASVspoof2021-LA,audio,TTS,0,1,1,1,0,0,Create Privileged Account,27.26,0,34.93,95,10.63,31.54,Low,0
DIA-01699,ASVspoof2021-PA,audio,Audio Manipulation,0,0,0,0,0,0,Transfer Funds,39.54,97.17,0,100,16.22,44.68,Low,0
DIA-01700,ASVspoof2021-DF,audio,Audio Manipulation,0,1,1,0,1,0,Create Privileged Account,7.85,24.31,47.15,95,13.25,32.33,Low,0
DIA-01701,ASVspoof2021-PA,audio,Replay,0,1,0,1,0,0,Access Internal Portal,21.6,39.78,39.29,35,4.34,26.42,Low,0
DIA-01702,ASVspoof2021-PA,audio,Audio Manipulation,1,0,1,0,1,0,Approve Payment,61.75,81.27,32.16,80,73.71,63.89,Medium,1
DIA-01703,Celeb-DF,video,Video Manipulation,0,0,1,0,0,0,Change MFA,44.55,66.58,0,70,8.08,35.47,Low,0
DIA-01704,ASVspoof2021-DF,audio,Audio Manipulation,0,0,1,0,0,1,Read Information,12.43,62.76,42.88,20,21.13,28.94,Low,0
DIA-01705,Celeb-DF++,video,Face Swap,0,0,1,0,1,0,Approve Payment,16.23,69.92,34.05,80,15.95,37.36,Low,0
DIA-01706,ASVspoof2021-PA,audio,TTS,1,1,0,1,0,0,Create Privileged Account,66.99,36.95,61.27,95,83.88,68.92,Medium,1
DIA-01707,DFDC,video,Video Manipulation,1,0,1,0,1,0,Change MFA,52.2,65.43,40.04,70,79.5,59.88,Medium,1
DIA-01708,Celeb-DF++,video,Face Reenactment,0,0,0,1,0,0,Transfer Funds,8.6,93.56,41.02,100,13.99,42.62,Low,0
DIA-01709,ASVspoof2021-LA,audio,Voice Conversion,0,1,1,0,0,0,Read Information,24.25,8.66,0,20,13.72,14.32,Low,0
DIA-01710,Celeb-DF,video,Face Swap,1,1,0,0,0,0,Create Privileged Account,73.8,33.3,13.5,95,94.06,62.9,Medium,1
DIA-01711,ASVspoof2021-LA,audio,Replay,1,0,0,0,0,0,Approve Payment,59.85,86.02,6.36,80,66.09,57.35,Medium,1
DIA-01712,Celeb-DF,video,Video Manipulation,0,1,1,1,0,0,Approve Payment,38.5,18.33,44.94,80,8.64,37.02,Low,0
DIA-01713,ASVspoof2021-PA,audio,Audio Manipulation,0,1,0,0,0,0,Download Sensitive Data,0,32.01,18.29,75,24.22,24.55,Low,0
DIA-01714,ASVspoof2021-PA,audio,Replay,0,1,1,0,0,0,Read Information,4.16,5.06,0,20,15.44,8.09,Low,0
DIA-01715,Celeb-DF,video,Talking Face,0,1,1,0,0,0,Change MFA,8.93,6.41,7.44,70,0,15.63,Low,0
DIA-01716,ASVspoof2021-LA,audio,Replay,1,1,0,0,1,0,Transfer Funds,65.9,41.65,39.42,100,86.35,66.17,Medium,1
DIA-01717,Celeb-DF,video,Face Reenactment,1,0,0,0,1,1,Change MFA,66.04,100,61.74,70,69.2,71.5,Medium,1
DIA-01718,ASVspoof2021-DF,audio,Replay,1,1,1,0,0,0,Read Information,63.79,21.01,19.09,20,94.65,48.04,Low,1
DIA-01719,ASVspoof2021-DF,audio,Audio Manipulation,1,0,0,0,1,1,Change MFA,76.34,96.71,62.92,70,94.36,79.36,High,1
DIA-01720,ASVspoof2021-LA,audio,Voice Conversion,0,1,1,0,1,0,Access Internal Portal,34.03,19.28,34.51,35,39.38,33.13,Low,0
DIA-01721,DFDC,video,Face Reenactment,1,1,1,0,0,1,Change MFA,79.83,14.56,40.15,70,84.27,61.52,Medium,1
DIA-01722,DFDC,video,Talking Face,0,1,1,0,1,0,Approve Payment,18.62,18.64,15.82,80,5.7,24.69,Low,0
DIA-01723,ASVspoof2021-DF,audio,Replay,0,0,1,1,0,0,Read Information,22.12,73.52,47.06,20,12.66,32.61,Low,0
DIA-01724,ASVspoof2021-DF,audio,TTS,1,0,1,1,1,0,Change MFA,83.12,64.16,80.55,70,83.12,77.79,High,1
DIA-01725,Celeb-DF++,video,Face Reenactment,0,1,1,0,0,1,Download Sensitive Data,43.73,6.39,37.76,75,26.4,38.16,Low,0
DIA-01726,DFDC,video,Talking Face,1,0,1,0,1,0,Create Privileged Account,73.02,80.82,30.6,95,68.77,68.15,Medium,1
DIA-01727,Celeb-DF,video,Talking Face,1,1,1,0,0,0,Read Information,60.61,16,6.38,20,82.1,41.28,Low,1
DIA-01728,ASVspoof2021-LA,audio,Replay,1,1,1,0,0,0,Approve Payment,68.85,23.41,13.75,80,75.08,53.93,Medium,1
DIA-01729,DFDC,video,Video Manipulation,1,0,0,0,1,0,Download Sensitive Data,72.38,86.2,32.48,75,80.48,68.49,Medium,1
DIA-01730,Celeb-DF,video,Talking Face,0,1,1,0,0,0,Read Information,11.89,11.76,10.16,20,27.42,15.85,Low,0
DIA-01731,ASVspoof2021-PA,audio,Replay,0,0,1,0,0,0,Read Information,27.52,58.99,10.25,20,27.91,27.74,Low,0
DIA-01732,DFDC,video,Face Reenactment,1,1,0,0,0,0,Approve Payment,68.9,45.17,6.34,80,90.79,58.87,Medium,1
DIA-01733,ASVspoof2021-LA,audio,Voice Conversion,1,0,1,0,0,1,Create Privileged Account,83.81,65.08,56.83,95,93.68,79.26,High,1
DIA-01734,Celeb-DF,video,Video Manipulation,1,1,0,0,0,0,Create Privileged Account,55.26,35.57,2.82,95,78.43,52.41,Medium,1
DIA-01735,ASVspoof2021-LA,audio,Voice Conversion,0,1,0,0,0,0,Create Privileged Account,0,55.65,14.92,95,11.56,27.89,Low,0
DIA-01736,ASVspoof2021-LA,audio,Replay,0,1,1,0,0,0,Create Privileged Account,13.68,20.33,18.93,95,1.27,25.44,Low,0
DIA-01737,ASVspoof2021-PA,audio,TTS,0,0,1,0,0,0,Download Sensitive Data,18.26,75.23,9.03,75,5.46,30.91,Low,0
DIA-01738,DFDC,video,Face Swap,1,1,1,1,1,0,Access Internal Portal,51.19,5.38,75.43,35,80.94,52.69,Medium,1
DIA-01739,Celeb-DF++,video,Face Swap,1,1,1,0,0,0,Download Sensitive Data,59.31,0.14,13.71,75,71.75,46.16,Low,1
DIA-01740,ASVspoof2021-LA,audio,TTS,1,1,1,0,0,0,Reset Password,80.12,22.77,7.4,55,93.24,55.83,Medium,1
DIA-01741,Celeb-DF,video,Talking Face,0,1,1,1,0,1,Reset Password,33.87,0,71.73,55,20.02,36.76,Low,0
DIA-01742,DFDC,video,Talking Face,0,1,0,0,1,0,Read Information,19.52,35.99,33.25,20,14.2,23.74,Low,0
DIA-01743,DFDC,video,Talking Face,0,0,1,0,0,0,Read Information,6.39,63.51,21.52,20,8.13,20.37,Low,0
DIA-01744,ASVspoof2021-PA,audio,Voice Conversion,0,1,0,0,0,1,Create Privileged Account,36.75,32.6,48.98,95,25.25,45.01,Low,0
DIA-01745,ASVspoof2021-DF,audio,Replay,0,1,1,0,1,1,Access Internal Portal,18.41,11.47,70.54,35,22.7,31.14,Low,0
DIA-01746,ASVspoof2021-DF,audio,TTS,1,1,1,0,0,0,Approve Payment,67.04,6.55,15.29,80,75.84,51.32,Medium,1
DIA-01747,ASVspoof2021-LA,audio,Voice Conversion,0,1,1,0,1,0,Reset Password,22.48,5.27,33.99,55,12.9,25.16,Low,0
DIA-01748,Celeb-DF++,video,Face Swap,0,1,1,1,0,0,Change MFA,24.88,17.04,50.21,70,16.53,33.87,Low,0
DIA-01749,Celeb-DF++,video,Face Swap,1,1,1,0,1,0,Change MFA,82.41,23.53,31.98,70,90.49,63.25,Medium,1
DIA-01750,Celeb-DF++,video,Face Swap,1,1,1,0,0,0,Reset Password,72.33,1.11,13.34,55,87.86,50.36,Medium,1
DIA-01751,ASVspoof2021-DF,audio,TTS,0,0,1,0,0,0,Change MFA,21.72,71.56,6.25,70,16.51,32.3,Low,0
DIA-01752,DFDC,video,Face Reenactment,0,1,1,0,0,0,Create Privileged Account,17.05,19.33,7.79,95,22.64,28.35,Low,0
DIA-01753,ASVspoof2021-PA,audio,Replay,1,0,1,0,0,0,Download Sensitive Data,70.75,73.57,16.15,75,83.47,63.43,Medium,1
DIA-01754,ASVspoof2021-LA,audio,Replay,1,1,1,0,1,0,Create Privileged Account,63.69,13.23,33.64,95,70.35,56.14,Medium,1
DIA-01755,Celeb-DF,video,Face Reenactment,1,0,1,0,0,0,Transfer Funds,68.08,65.22,13.96,100,96.06,67.21,Medium,1
DIA-01756,ASVspoof2021-DF,audio,TTS,0,0,1,0,0,0,Change MFA,14.24,76.07,14.54,70,24.38,33.97,Low,0
DIA-01757,DFDC,video,Face Swap,1,1,1,0,0,0,Create Privileged Account,60.51,17.68,9.46,95,69.73,50.89,Medium,1
DIA-01758,ASVspoof2021-PA,audio,Replay,1,1,1,1,1,0,Read Information,60.92,0,72.55,20,83.84,52.55,Medium,1
DIA-01759,ASVspoof2021-PA,audio,Audio Manipulation,0,1,0,0,1,1,Download Sensitive Data,20.02,38.23,60.76,75,28.71,40.88,Low,0
DIA-01760,ASVspoof2021-PA,audio,Voice Conversion,0,0,1,0,0,0,Change MFA,14.3,70.44,2.33,70,12.84,28.39,Low,0
DIA-01761,Celeb-DF,video,Face Swap,1,1,1,0,0,1,Read Information,91.12,6.25,49.26,20,96.73,60.47,Medium,1
DIA-01762,DFDC,video,Face Reenactment,0,1,1,1,1,1,Transfer Funds,38.91,13.05,100,100,31.72,54.97,Medium,0
DIA-01763,DFDC,video,Face Swap,1,1,1,0,1,0,Approve Payment,64.53,18.93,28.07,80,85.55,56.92,Medium,1
DIA-01764,DFDC,video,Face Swap,1,1,1,0,0,1,Download Sensitive Data,66.34,8.38,47.77,75,100,61.96,Medium,1
DIA-01765,DFDC,video,Face Reenactment,0,1,1,1,0,0,Approve Payment,29.77,16.86,51.51,80,25.29,38.82,Low,0
DIA-01766,DFDC,video,Video Manipulation,1,1,0,0,0,0,Create Privileged Account,87.37,32.08,16.55,95,89.76,66.54,Medium,1
DIA-01767,ASVspoof2021-PA,audio,Replay,0,0,0,0,0,0,Create Privileged Account,26.76,85.11,25.16,95,17.19,43.51,Low,0
DIA-01768,DFDC,video,Video Manipulation,1,0,1,0,1,0,Reset Password,47.08,74.92,39.02,55,78.34,57.08,Medium,1
DIA-01769,DFDC,video,Face Reenactment,1,1,1,0,1,0,Change MFA,75.49,24.39,30.16,70,80.79,59,Medium,1
DIA-01770,ASVspoof2021-LA,audio,Voice Conversion,1,1,1,0,1,1,Reset Password,82.44,5.53,75.2,55,77.59,64.37,Medium,1
DIA-01771,ASVspoof2021-DF,audio,Voice Conversion,0,0,1,1,1,0,Transfer Funds,47.19,77.62,67.71,100,15.71,57.48,Medium,0
DIA-01772,ASVspoof2021-LA,audio,TTS,1,0,1,0,1,1,Read Information,68.27,69.9,85.55,20,82.78,67.63,Medium,1
DIA-01773,ASVspoof2021-DF,audio,Voice Conversion,1,0,0,0,0,1,Transfer Funds,72.52,77.29,36.42,100,92.36,74.11,Medium,1
DIA-01774,ASVspoof2021-PA,audio,Voice Conversion,1,0,1,0,1,1,Reset Password,75.95,58.52,73.07,55,88.93,72.21,Medium,1
DIA-01775,ASVspoof2021-DF,audio,Voice Conversion,1,1,1,0,0,0,Create Privileged Account,57.6,19.87,10.01,95,82.92,53.1,Medium,1
DIA-01776,Celeb-DF++,video,Face Swap,0,0,1,0,0,0,Access Internal Portal,8.6,57.01,7.1,35,33.23,24.45,Low,0
DIA-01777,ASVspoof2021-DF,audio,Replay,1,1,1,1,0,0,Create Privileged Account,75.39,10.05,46.66,95,100,67.71,Medium,1
DIA-01778,Celeb-DF++,video,Video Manipulation,0,1,1,0,0,0,Download Sensitive Data,1.03,14.35,19.53,75,4.04,18.43,Low,0
DIA-01779,Celeb-DF,video,Video Manipulation,0,1,1,1,0,0,Transfer Funds,8.51,18.58,53.97,100,20.47,35.23,Low,0
DIA-01780,Celeb-DF++,video,Face Swap,1,1,1,0,0,0,Change MFA,74.97,16.48,8.93,70,75.06,52.26,Medium,1
DIA-01781,DFDC,video,Face Swap,1,1,1,0,0,1,Transfer Funds,76.48,27.55,57.13,100,88.53,71.21,Medium,1
DIA-01782,ASVspoof2021-LA,audio,Audio Manipulation,1,1,1,0,0,0,Create Privileged Account,79.75,8.47,9.17,95,74.58,56.2,Medium,1
DIA-01783,Celeb-DF,video,Video Manipulation,0,0,0,1,0,0,Read Information,28.1,95.79,55.14,20,13.56,39.54,Low,0
DIA-01784,DFDC,video,Talking Face,0,1,1,0,0,0,Change MFA,18.11,18.62,0.62,70,22.14,23.28,Low,0
DIA-01785,Celeb-DF,video,Face Reenactment,0,1,1,0,0,0,Change MFA,32.18,20.7,0.99,70,15.95,26.65,Low,0
DIA-01786,ASVspoof2021-LA,audio,Replay,0,1,0,0,0,1,Access Internal Portal,18.35,48.41,49.97,35,6.88,29.39,Low,0
DIA-01787,Celeb-DF,video,Talking Face,1,1,1,0,1,0,Transfer Funds,62.33,11.53,37.16,100,76.4,58.14,Medium,1
DIA-01788,ASVspoof2021-DF,audio,Audio Manipulation,1,1,1,0,0,0,Read Information,65.29,20.21,25.03,20,74.83,45.59,Low,1
DIA-01789,ASVspoof2021-LA,audio,Replay,0,1,1,1,0,0,Reset Password,27.96,7.59,45.06,55,22.7,31.33,Low,0
DIA-01790,DFDC,video,Face Swap,0,1,1,0,0,1,Reset Password,22.27,14.38,49.73,55,28.39,32.71,Low,0
DIA-01791,ASVspoof2021-LA,audio,Replay,0,0,1,0,0,0,Change MFA,1.66,74.01,8.28,70,10.64,25.88,Low,0
DIA-01792,Celeb-DF,video,Video Manipulation,1,1,0,0,0,0,Approve Payment,63.07,47.8,15.94,80,92.03,59.68,Medium,1
DIA-01793,DFDC,video,Face Reenactment,1,1,1,0,1,0,Read Information,65.65,19.56,40.38,20,78.25,49.36,Low,1
DIA-01794,ASVspoof2021-DF,audio,TTS,0,0,1,0,0,0,Approve Payment,19.26,70.72,9.81,80,15.91,33.53,Low,0
DIA-01795,ASVspoof2021-PA,audio,TTS,0,1,1,0,1,1,Change MFA,18.06,14.36,64.82,70,32.57,37.55,Low,0
DIA-01796,Celeb-DF,video,Video Manipulation,0,0,1,0,0,0,Download Sensitive Data,23.56,74.39,7.63,75,16.29,34.26,Low,0
DIA-01797,ASVspoof2021-DF,audio,Voice Conversion,0,1,1,0,0,0,Read Information,0.28,32.51,2.21,20,21.7,12.74,Low,0
DIA-01798,Celeb-DF,video,Talking Face,1,1,1,1,0,1,Create Privileged Account,80.57,21.84,87.55,95,80.66,75.34,High,1
DIA-01799,ASVspoof2021-DF,audio,Audio Manipulation,1,1,1,0,1,0,Download Sensitive Data,85.72,18.05,15.34,75,88.25,60.39,Medium,1
DIA-01800,ASVspoof2021-DF,audio,TTS,0,1,0,0,1,0,Reset Password,11.33,29.05,30.93,55,7.11,23.61,Low,0
DIA-01801,ASVspoof2021-DF,audio,TTS,1,0,1,0,0,0,Create Privileged Account,66.63,63.24,16.33,95,84.26,63.84,Medium,1
DIA-01802,ASVspoof2021-DF,audio,Audio Manipulation,0,1,0,0,0,1,Change MFA,20.28,37.41,51.16,70,19.23,36.27,Low,0
DIA-01803,DFDC,video,Talking Face,0,1,0,0,0,1,Change MFA,20.47,47.28,33.72,70,23.93,35.26,Low,0
DIA-01804,ASVspoof2021-DF,audio,TTS,1,1,0,0,0,0,Access Internal Portal,54.69,32.51,14.08,35,75.46,44.44,Low,1
DIA-01805,ASVspoof2021-DF,audio,Replay,0,0,0,0,0,0,Change MFA,39.91,100,2.01,70,20.47,41.97,Low,0
DIA-01806,ASVspoof2021-DF,audio,TTS,0,1,1,0,1,0,Access Internal Portal,22.24,15.96,32.35,35,28.26,26.44,Low,0
DIA-01807,DFDC,video,Video Manipulation,1,1,1,0,0,0,Approve Payment,58.62,17.84,15.36,80,70.77,49.49,Low,1
DIA-01808,Celeb-DF++,video,Video Manipulation,1,0,1,1,0,0,Reset Password,62.37,68.27,43.17,55,60.32,57.9,Medium,1
DIA-01809,Celeb-DF++,video,Video Manipulation,0,1,1,1,0,1,Read Information,28.68,10.23,94.99,20,13.29,34.79,Low,0
DIA-01810,DFDC,video,Face Reenactment,1,1,1,0,0,0,Approve Payment,42.16,7.21,11.8,80,83.03,44.7,Low,1
DIA-01811,DFDC,video,Face Reenactment,0,1,1,0,1,0,Create Privileged Account,29.58,19.89,38.24,95,20.14,37.78,Low,0
DIA-01812,Celeb-DF++,video,Video Manipulation,1,1,0,1,0,0,Create Privileged Account,65.35,39.39,57.54,95,74.73,66.22,Medium,1
DIA-01813,ASVspoof2021-LA,audio,Replay,0,0,0,0,0,0,Change MFA,22.28,86.38,16.23,70,18.21,37.03,Low,0
DIA-01814,DFDC,video,Talking Face,1,1,1,0,0,0,Reset Password,70.79,16.79,15.62,55,81.4,51.41,Medium,1
DIA-01815,ASVspoof2021-LA,audio,TTS,0,0,1,0,1,0,Access Internal Portal,28.62,97.39,30.4,35,5.06,35.54,Low,0
DIA-01816,ASVspoof2021-DF,audio,Replay,1,1,1,1,0,0,Change MFA,76.42,13.39,42.22,70,83.04,60.49,Medium,1
DIA-01817,ASVspoof2021-LA,audio,Replay,1,1,1,1,0,1,Read Information,84.17,28.23,83.02,20,94.75,68.04,Medium,1
DIA-01818,Celeb-DF++,video,Face Reenactment,0,0,1,0,0,0,Transfer Funds,29.21,49.32,13.32,100,16.8,37.18,Low,0
DIA-01819,Celeb-DF++,video,Video Manipulation,1,1,1,0,1,0,Access Internal Portal,62.37,12.84,26,35,68.97,44.88,Low,1
DIA-01820,ASVspoof2021-DF,audio,TTS,0,1,1,0,0,0,Create Privileged Account,41.67,22.64,14.08,95,37.95,40.55,Low,0
DIA-01821,ASVspoof2021-PA,audio,Replay,1,1,1,0,1,0,Change MFA,69.88,15.12,37.62,70,75.53,56.36,Medium,1
DIA-01822,Celeb-DF++,video,Video Manipulation,0,1,1,0,1,1,Approve Payment,22.69,9.86,68.73,80,21.03,38.24,Low,0
DIA-01823,Celeb-DF++,video,Talking Face,0,0,1,0,0,0,Transfer Funds,8.75,69.79,10.43,100,21.7,34.52,Low,0
DIA-01824,ASVspoof2021-DF,audio,TTS,1,1,1,0,0,0,Change MFA,63.72,22.88,10.46,70,86.73,52.49,Medium,1
DIA-01825,ASVspoof2021-DF,audio,Replay,0,1,0,0,1,0,Transfer Funds,22.42,57.15,38.09,100,15.51,41.02,Low,0
DIA-01826,DFDC,video,Talking Face,1,1,1,0,0,1,Reset Password,72.05,23.52,50.22,55,68.66,57.17,Medium,1
DIA-01827,Celeb-DF++,video,Talking Face,1,1,0,0,1,1,Reset Password,91.1,35.96,90.1,55,100,78.99,High,1
DIA-01828,Celeb-DF++,video,Face Reenactment,0,1,1,1,1,0,Approve Payment,18.71,13.14,76.18,80,6.18,36.06,Low,0
DIA-01829,ASVspoof2021-PA,audio,Replay,0,0,1,0,0,1,Access Internal Portal,30.47,68.2,40.49,35,28.37,38.39,Low,0
DIA-01830,Celeb-DF++,video,Face Reenactment,1,1,0,0,0,1,Read Information,58.62,33.06,31.66,20,91.65,50.21,Medium,1
DIA-01831,Celeb-DF++,video,Talking Face,1,1,0,0,0,1,Reset Password,95.02,38.76,35.14,55,79.76,65.55,Medium,1
DIA-01832,ASVspoof2021-PA,audio,Replay,0,1,1,1,0,1,Download Sensitive Data,14.87,12.81,79.7,75,4.59,34.49,Low,0
DIA-01833,Celeb-DF++,video,Talking Face,0,1,0,1,0,0,Change MFA,45.82,30.4,54.83,70,19.92,43.76,Low,0
DIA-01834,DFDC,video,Video Manipulation,1,1,1,0,0,0,Read Information,64.51,21.71,7.24,20,91.4,45.34,Low,1
DIA-01835,DFDC,video,Video Manipulation,1,1,0,0,0,0,Download Sensitive Data,41.42,43.37,12.85,75,71.98,47.15,Low,1
DIA-01836,DFDC,video,Video Manipulation,1,1,1,1,1,1,Download Sensitive Data,90.87,9.87,100,75,90.56,78.1,High,1
DIA-01837,DFDC,video,Video Manipulation,0,1,0,0,0,1,Reset Password,23.91,41.18,48.19,55,13.46,33.93,Low,0
DIA-01838,Celeb-DF++,video,Video Manipulation,1,0,0,0,0,0,Download Sensitive Data,61.01,87.28,16.11,75,89.32,63.73,Medium,1
DIA-01839,ASVspoof2021-LA,audio,TTS,1,1,0,1,0,0,Reset Password,78.06,35.58,47.18,55,80.8,62.6,Medium,1
DIA-01840,ASVspoof2021-DF,audio,Voice Conversion,0,1,0,0,0,0,Read Information,25.31,45.5,13.04,20,11.84,22.39,Low,0
DIA-01841,DFDC,video,Talking Face,0,1,1,1,0,0,Approve Payment,27.56,18.77,46.92,80,9.6,34.39,Low,0
DIA-01842,ASVspoof2021-DF,audio,Voice Conversion,0,1,1,0,1,0,Change MFA,30.49,10.89,26.38,70,10.05,28.57,Low,0
DIA-01843,DFDC,video,Talking Face,1,1,1,1,0,0,Transfer Funds,73.78,17.49,53.88,100,95.02,69.54,Medium,1
DIA-01844,ASVspoof2021-PA,audio,TTS,0,1,0,1,0,0,Access Internal Portal,30.15,39.4,52.89,35,16.32,34.05,Low,0
DIA-01845,DFDC,video,Face Swap,1,1,1,0,0,0,Read Information,60.26,7.02,14.15,20,73.51,39.66,Low,1
DIA-01846,ASVspoof2021-DF,audio,Replay,1,1,1,0,0,0,Create Privileged Account,74.42,13.66,16.69,95,70.57,56.08,Medium,1
DIA-01847,Celeb-DF,video,Video Manipulation,0,1,0,0,0,0,Create Privileged Account,12.31,43.46,8.26,95,12.64,28.64,Low,0
DIA-01848,ASVspoof2021-DF,audio,Voice Conversion,1,0,1,1,0,1,Transfer Funds,63.63,72.45,83.77,100,75.52,76.81,High,1
DIA-01849,Celeb-DF++,video,Face Reenactment,1,0,0,0,0,0,Transfer Funds,63.73,81.46,8.01,100,73.84,62.71,Medium,1
DIA-01850,ASVspoof2021-LA,audio,Replay,0,0,0,0,0,0,Reset Password,14.97,96.33,12.42,55,8.77,31.43,Low,0
DIA-01851,DFDC,video,Face Reenactment,1,1,1,1,0,0,Approve Payment,81.21,15.2,49.03,80,88.4,66.13,Medium,1
DIA-01852,ASVspoof2021-PA,audio,TTS,1,0,1,0,0,0,Read Information,50.01,54.81,10.88,20,69.06,42.21,Low,1
DIA-01853,Celeb-DF++,video,Talking Face,0,1,1,0,0,0,Change MFA,30.03,8.54,4.96,70,16.75,25.13,Low,0
DIA-01854,ASVspoof2021-LA,audio,Audio Manipulation,1,1,1,0,1,0,Transfer Funds,59.15,18.93,27.81,100,89.76,59.1,Medium,1
DIA-01855,ASVspoof2021-LA,audio,Replay,1,0,0,1,0,1,Approve Payment,48.89,100,78.64,80,74.24,72.24,Medium,1
DIA-01856,ASVspoof2021-PA,audio,Audio Manipulation,0,0,1,0,0,0,Create Privileged Account,4.72,56.88,12.92,95,3.6,27.5,Low,0
DIA-01857,DFDC,video,Talking Face,1,1,1,1,1,0,Transfer Funds,67.62,22.83,74.7,100,93.4,72.33,Medium,1
DIA-01858,Celeb-DF,video,Video Manipulation,1,0,1,0,0,1,Create Privileged Account,75.89,54.96,41.55,95,85.18,70.61,Medium,1
DIA-01859,Celeb-DF,video,Face Swap,1,1,0,1,0,1,Approve Payment,74.53,51.18,89.64,80,84.06,76.78,High,1
DIA-01860,Celeb-DF,video,Face Swap,0,1,1,0,1,0,Reset Password,4.7,13.09,45.2,55,17.86,24.24,Low,0
DIA-01861,ASVspoof2021-DF,audio,TTS,0,1,0,0,0,1,Download Sensitive Data,14.44,34.28,41.54,75,14.83,32,Low,0
DIA-01862,ASVspoof2021-PA,audio,Audio Manipulation,0,1,0,1,0,0,Read Information,9.88,42.84,42.41,20,15.1,23.89,Low,0
DIA-01863,ASVspoof2021-PA,audio,Replay,1,0,1,1,0,1,Download Sensitive Data,78.85,62.3,91.62,75,72.57,77.09,High,1
DIA-01864,Celeb-DF++,video,Face Swap,1,1,1,0,1,0,Transfer Funds,65,19.13,35.11,100,75.7,59.53,Medium,1
DIA-01865,ASVspoof2021-DF,audio,Audio Manipulation,1,1,1,0,0,0,Access Internal Portal,72.75,14.01,8.72,35,100,50.92,Medium,1
DIA-01866,ASVspoof2021-LA,audio,Voice Conversion,0,0,0,0,0,1,Change MFA,3.53,64.52,52.12,70,3.52,32.36,Low,0
DIA-01867,ASVspoof2021-PA,audio,Replay,1,0,1,0,0,1,Transfer Funds,65.13,63.51,43.16,100,83.9,69.48,Medium,1
DIA-01868,DFDC,video,Face Swap,1,0,0,0,0,0,Reset Password,88.32,96.53,12.78,55,100,71.78,Medium,1
DIA-01869,Celeb-DF++,video,Face Swap,1,0,0,1,0,0,Download Sensitive Data,78.05,100,51.12,75,92.69,78.43,High,1
DIA-01870,ASVspoof2021-LA,audio,Voice Conversion,1,0,1,0,0,1,Create Privileged Account,67.74,72.65,67.71,95,86.55,76.32,High,1
DIA-01871,Celeb-DF,video,Face Swap,1,1,1,0,0,0,Create Privileged Account,55.14,23.4,9.06,95,73.57,50.83,Medium,1
DIA-01872,Celeb-DF++,video,Talking Face,0,1,0,0,0,0,Approve Payment,30.19,32.85,16.56,80,13.94,32.08,Low,0
DIA-01873,ASVspoof2021-PA,audio,TTS,1,0,0,0,0,0,Read Information,82.86,100,8.25,20,84.93,61.49,Medium,1
DIA-01874,ASVspoof2021-PA,audio,TTS,1,1,1,0,0,1,Read Information,58.36,20.96,48.15,20,84.63,50.21,Medium,1
DIA-01875,ASVspoof2021-PA,audio,Replay,1,1,1,1,0,0,Create Privileged Account,59.41,1.95,48.63,95,93.3,60.75,Medium,1
DIA-01876,ASVspoof2021-LA,audio,Voice Conversion,0,1,1,0,0,0,Transfer Funds,21.07,23.8,15.57,100,18.32,31.67,Low,0
DIA-01877,Celeb-DF,video,Talking Face,1,1,1,0,0,0,Reset Password,70.1,17.62,9.33,55,79.39,49.67,Low,1
DIA-01878,Celeb-DF,video,Talking Face,0,1,0,0,0,0,Download Sensitive Data,23.31,37.75,13.52,75,16.96,30,Low,0
DIA-01879,ASVspoof2021-DF,audio,Audio Manipulation,0,0,1,0,1,0,Read Information,38.28,67.61,29.71,20,26.26,35.82,Low,0
DIA-01880,ASVspoof2021-DF,audio,Audio Manipulation,0,1,0,0,0,0,Access Internal Portal,7.31,31.7,4.42,35,16.86,16.45,Low,0
DIA-01881,Celeb-DF++,video,Face Swap,0,1,1,0,0,0,Change MFA,18.44,20.05,0,70,14.37,21.91,Low,0
DIA-01882,ASVspoof2021-DF,audio,Replay,0,1,0,0,1,1,Read Information,30.93,42.42,72.56,20,9.65,35.08,Low,0
DIA-01883,Celeb-DF++,video,Talking Face,0,0,1,0,0,0,Download Sensitive Data,25.81,74.66,5.46,75,28.15,36.91,Low,0
DIA-01884,ASVspoof2021-LA,audio,Replay,1,1,0,0,0,0,Download Sensitive Data,58.87,40.63,25.37,75,79.36,55.95,Medium,1
DIA-01885,Celeb-DF,video,Video Manipulation,0,1,1,0,0,0,Read Information,11.31,16.65,6.69,20,17.04,13.64,Low,0
DIA-01886,Celeb-DF,video,Face Swap,1,1,0,0,1,1,Download Sensitive Data,65.95,37.63,78.72,75,77.4,67.9,Medium,1
DIA-01887,DFDC,video,Face Reenactment,1,1,1,0,0,0,Change MFA,84.74,23.61,18.01,70,81.86,59.44,Medium,1
DIA-01888,DFDC,video,Video Manipulation,1,1,1,0,0,0,Read Information,55.24,19.85,8.28,20,85.29,41.26,Low,1
DIA-01889,ASVspoof2021-LA,audio,Audio Manipulation,0,1,1,0,0,0,Access Internal Portal,14.43,16.38,4.84,35,4.21,13.85,Low,0
DIA-01890,Celeb-DF++,video,Face Swap,0,1,1,0,0,0,Download Sensitive Data,26.53,13.92,9.06,75,8.16,24.74,Low,0
DIA-01891,DFDC,video,Face Reenactment,1,1,1,0,0,0,Create Privileged Account,54.02,0.86,17.94,95,94.08,52.99,Medium,1
DIA-01892,ASVspoof2021-LA,audio,Voice Conversion,1,1,1,0,1,0,Change MFA,68.84,0,51,70,91.65,59.68,Medium,1
DIA-01893,ASVspoof2021-DF,audio,TTS,1,1,1,0,1,1,Approve Payment,50.11,12.05,61.36,80,83.28,57.77,Medium,1
DIA-01894,DFDC,video,Face Swap,0,0,1,1,0,0,Change MFA,25.12,80.15,50.1,70,8.63,41.8,Low,0
DIA-01895,Celeb-DF,video,Talking Face,1,0,1,0,1,1,Create Privileged Account,71.58,64.36,65.77,95,86.88,75.91,High,1
DIA-01896,DFDC,video,Talking Face,1,1,1,0,1,1,Transfer Funds,72.8,9.68,67.47,100,84.54,68.69,Medium,1
DIA-01897,ASVspoof2021-DF,audio,Replay,1,1,1,0,1,0,Change MFA,56.44,7.22,46.95,70,77.13,53.33,Medium,1
DIA-01898,Celeb-DF,video,Face Reenactment,1,1,1,0,1,0,Reset Password,68.5,4.68,29.61,55,83.32,52.09,Medium,1
DIA-01899,DFDC,video,Video Manipulation,1,1,0,1,1,0,Download Sensitive Data,70.57,32.69,63.75,75,71.76,64.43,Medium,1
DIA-01900,DFDC,video,Talking Face,1,0,1,0,0,0,Transfer Funds,80.29,72.23,11.41,100,68.45,65.89,Medium,1
DIA-01901,ASVspoof2021-DF,audio,Audio Manipulation,1,1,1,1,0,0,Download Sensitive Data,78.02,11.07,52.66,75,89.18,64.68,Medium,1
DIA-01902,DFDC,video,Face Reenactment,1,1,0,0,0,0,Reset Password,50.06,35.7,7.05,55,80.97,46.23,Low,1
DIA-01903,ASVspoof2021-LA,audio,TTS,1,0,0,0,0,0,Create Privileged Account,56.84,89.99,5.23,95,83.48,62.54,Medium,1
DIA-01904,DFDC,video,Face Reenactment,0,0,1,0,1,1,Access Internal Portal,16.22,71.9,71.12,35,22.98,39.72,Low,0
DIA-01905,ASVspoof2021-DF,audio,Replay,1,0,1,0,1,1,Reset Password,72.98,73.12,60.55,55,89.85,71.19,Medium,1
DIA-01906,Celeb-DF++,video,Face Reenactment,1,0,0,0,1,0,Access Internal Portal,64.14,80.05,37.95,35,96.4,63.37,Medium,1
DIA-01907,Celeb-DF++,video,Video Manipulation,0,1,0,0,1,1,Transfer Funds,21.09,33.92,67.57,100,27.89,45.51,Low,0
DIA-01908,DFDC,video,Face Swap,0,1,1,0,0,0,Transfer Funds,49,14.28,19.71,100,24.77,40.74,Low,0
DIA-01909,ASVspoof2021-LA,audio,Replay,1,1,1,1,0,1,Transfer Funds,70.36,18.51,87.23,100,86.01,73.53,Medium,1
DIA-01910,ASVspoof2021-PA,audio,Voice Conversion,1,1,0,1,0,0,Read Information,86.3,41.02,48.93,20,90.6,62.95,Medium,1
DIA-01911,DFDC,video,Face Swap,0,1,0,0,0,0,Transfer Funds,16.38,46.58,8.39,100,2.29,29.04,Low,0
DIA-01912,DFDC,video,Talking Face,0,1,1,0,1,0,Access Internal Portal,0,3.71,21.46,35,20.28,14.15,Low,0
DIA-01913,ASVspoof2021-PA,audio,Audio Manipulation,0,1,1,1,0,1,Transfer Funds,30.1,18.32,84.13,100,24.79,48.56,Low,0
DIA-01914,ASVspoof2021-DF,audio,Replay,1,0,1,0,0,1,Reset Password,83.31,86.41,43.58,55,72.91,69.5,Medium,1
DIA-01915,DFDC,video,Face Swap,1,1,1,1,0,1,Reset Password,82.97,15.38,85.36,55,100,72.52,Medium,1
DIA-01916,DFDC,video,Face Swap,1,1,1,0,0,1,Approve Payment,73.82,15.71,43.67,80,81.6,61.56,Medium,1
DIA-01917,ASVspoof2021-DF,audio,Voice Conversion,0,0,1,1,1,0,Create Privileged Account,23.26,74.15,85,95,16.7,52.69,Medium,0
DIA-01918,ASVspoof2021-DF,audio,Replay,1,0,1,0,1,0,Change MFA,60.56,65.64,33.12,70,80.85,61.31,Medium,1
DIA-01919,ASVspoof2021-DF,audio,Voice Conversion,1,1,1,0,0,0,Create Privileged Account,75.86,7.43,4.09,95,84.42,55.82,Medium,1
DIA-01920,ASVspoof2021-PA,audio,Voice Conversion,1,1,0,1,1,0,Read Information,66.22,40.46,63.35,20,100,61.6,Medium,1
DIA-01921,Celeb-DF++,video,Video Manipulation,0,0,0,1,0,0,Transfer Funds,15.96,81.77,46.88,100,13.64,44.16,Low,0
DIA-01922,Celeb-DF,video,Face Swap,0,1,0,1,0,0,Download Sensitive Data,27.52,43.17,42.67,75,15.96,37.71,Low,0
DIA-01923,Celeb-DF++,video,Face Swap,1,1,0,0,0,0,Download Sensitive Data,62.7,44.52,0.91,75,82.85,53.49,Medium,1
DIA-01924,Celeb-DF,video,Face Swap,0,0,0,0,1,1,Transfer Funds,37.09,82.17,67.82,100,13.64,54.74,Medium,0
DIA-01925,DFDC,video,Video Manipulation,1,1,1,0,1,0,Read Information,71.14,16.3,42.97,20,87.41,52.86,Medium,1
DIA-01926,DFDC,video,Face Reenactment,1,1,1,0,0,0,Transfer Funds,57.44,13.27,16.55,100,73.97,52.33,Medium,1
DIA-01927,Celeb-DF,video,Face Swap,0,1,0,0,0,0,Access Internal Portal,5.41,51.82,1.03,35,17.86,18.42,Low,0
DIA-01928,ASVspoof2021-DF,audio,Voice Conversion,0,1,1,0,1,0,Transfer Funds,11.69,25.48,35.26,100,5.54,30.49,Low,0
DIA-01929,DFDC,video,Video Manipulation,1,1,1,1,1,0,Approve Payment,96.72,21.73,77.96,80,85.89,77.05,High,1
DIA-01930,Celeb-DF++,video,Talking Face,1,1,0,1,0,0,Reset Password,68.39,49.69,54.09,55,75.05,62.05,Medium,1
DIA-01931,ASVspoof2021-DF,audio,TTS,0,1,1,0,0,0,Read Information,26.34,12.08,21.23,20,13.8,19.72,Low,0
DIA-01932,ASVspoof2021-DF,audio,TTS,0,1,0,0,0,0,Read Information,3.64,42.08,1.81,20,0,10.77,Low,0
DIA-01933,ASVspoof2021-LA,audio,TTS,1,0,1,0,1,0,Read Information,54.09,67.98,28.8,20,58.51,46.89,Low,1
DIA-01934,ASVspoof2021-LA,audio,Audio Manipulation,0,0,1,0,0,1,Read Information,20.93,62.02,40.36,20,14.33,29.52,Low,0
DIA-01935,ASVspoof2021-DF,audio,TTS,1,1,0,0,0,1,Download Sensitive Data,89.71,40.66,47.56,75,75.6,68.89,Medium,1
DIA-01936,DFDC,video,Face Reenactment,1,0,0,1,1,0,Create Privileged Account,56.8,94.33,55.95,95,96.8,75.99,High,1
DIA-01937,Celeb-DF++,video,Face Reenactment,0,1,1,0,0,0,Create Privileged Account,11.07,13.38,8.4,95,11.54,23.57,Low,0
DIA-01938,ASVspoof2021-DF,audio,Replay,1,1,1,0,0,0,Approve Payment,75.92,14.53,0,80,92.36,55.43,Medium,1
DIA-01939,Celeb-DF,video,Talking Face,1,1,1,0,1,0,Transfer Funds,83.52,15.49,34.98,100,90.66,67.51,Medium,1
DIA-01940,DFDC,video,Video Manipulation,0,0,1,0,0,0,Approve Payment,22.81,77.1,24.49,80,8.14,36.93,Low,0
DIA-01941,DFDC,video,Face Reenactment,1,1,1,0,0,0,Read Information,73.43,10.32,16.31,20,81.57,46.15,Low,1
DIA-01942,Celeb-DF++,video,Face Reenactment,1,1,1,0,0,1,Change MFA,61.13,4.76,36.42,70,88.95,54.63,Medium,1
DIA-01943,Celeb-DF++,video,Face Reenactment,1,1,1,0,0,0,Create Privileged Account,51.45,20.42,7.07,95,85.94,51.35,Medium,1
DIA-01944,DFDC,video,Face Swap,0,1,1,0,0,0,Change MFA,5.4,21.85,3.77,70,21.15,20.38,Low,0
DIA-01945,ASVspoof2021-LA,audio,Replay,1,1,1,0,0,0,Reset Password,56.39,17.86,19.06,55,75.19,46.7,Low,1
DIA-01946,ASVspoof2021-PA,audio,Replay,0,1,1,0,0,0,Change MFA,20.48,5.89,0,70,22.38,22,Low,0
DIA-01947,DFDC,video,Face Reenactment,1,0,1,1,0,1,Create Privileged Account,62.58,68.95,81.93,95,77.2,75.19,High,1
DIA-01948,ASVspoof2021-PA,audio,Audio Manipulation,1,1,1,1,1,0,Reset Password,73.75,17.28,70.12,55,94.54,65.9,Medium,1
DIA-01949,DFDC,video,Face Swap,0,1,0,1,0,0,Reset Password,19.53,31.45,41.79,55,25.7,32.32,Low,0
DIA-01950,ASVspoof2021-PA,audio,Audio Manipulation,0,0,0,1,1,0,Change MFA,16.81,88.88,86.61,70,3.84,46.96,Low,0
DIA-01951,ASVspoof2021-PA,audio,Replay,1,0,0,1,1,0,Change MFA,80.74,93.83,64.04,70,89.67,79.54,High,1
DIA-01952,DFDC,video,Face Swap,0,0,1,1,0,0,Access Internal Portal,12.45,79.46,41.64,35,5.25,30.28,Low,0
DIA-01953,ASVspoof2021-LA,audio,Replay,1,1,0,0,0,0,Reset Password,81.79,41.8,21.17,55,94.9,62.27,Medium,1
DIA-01954,ASVspoof2021-PA,audio,Audio Manipulation,1,1,1,0,0,0,Read Information,75.14,10.42,9.3,20,75.63,44.09,Low,1
DIA-01955,ASVspoof2021-PA,audio,Voice Conversion,1,0,1,0,0,0,Create Privileged Account,55.11,68.39,8.77,95,83.68,59.53,Medium,1
DIA-01956,ASVspoof2021-PA,audio,Voice Conversion,0,1,0,1,0,0,Access Internal Portal,36.22,34.67,45.62,35,27.7,35.98,Low,0
DIA-01957,ASVspoof2021-DF,audio,Audio Manipulation,0,1,1,1,0,0,Transfer Funds,10.81,11.7,49.98,100,15.31,33.06,Low,0
DIA-01958,DFDC,video,Face Swap,0,1,0,0,1,0,Transfer Funds,32.22,45.78,32,100,27.81,43.5,Low,0
DIA-01959,ASVspoof2021-LA,audio,TTS,1,1,1,1,0,0,Approve Payment,74.66,0,44.86,80,88.3,61.03,Medium,1
DIA-01960,ASVspoof2021-DF,audio,Replay,1,1,1,0,0,0,Transfer Funds,48.63,25.52,0.19,100,93.26,52.11,Medium,1
DIA-01961,ASVspoof2021-DF,audio,Audio Manipulation,1,1,1,0,1,0,Create Privileged Account,51.75,32.51,35.28,95,70.02,55.71,Medium,1
DIA-01962,Celeb-DF++,video,Talking Face,0,1,0,0,1,1,Create Privileged Account,18.55,41.3,65.82,95,13.18,41.81,Low,0
DIA-01963,ASVspoof2021-DF,audio,TTS,0,1,1,0,1,1,Reset Password,32.55,8.35,66.72,55,2.86,33.18,Low,0
DIA-01964,DFDC,video,Talking Face,0,1,1,0,0,1,Create Privileged Account,21.12,24.31,49.62,95,14.61,37.08,Low,0
DIA-01965,ASVspoof2021-DF,audio,Voice Conversion,1,0,1,0,0,0,Reset Password,63.85,72.22,6.46,55,72.28,53.99,Medium,1
DIA-01966,DFDC,video,Video Manipulation,0,1,0,0,0,0,Read Information,18.44,35.79,9.23,20,4.13,16.57,Low,0
DIA-01967,ASVspoof2021-DF,audio,Replay,0,1,1,0,0,0,Download Sensitive Data,0,7.22,21.72,75,0,16.68,Low,0
DIA-01968,ASVspoof2021-LA,audio,Voice Conversion,1,1,0,1,0,1,Read Information,85.07,36.75,87.69,20,84.01,68.37,Medium,1
DIA-01969,Celeb-DF++,video,Talking Face,1,1,1,0,1,1,Read Information,85.74,16.54,66.22,20,90.72,62.59,Medium,1
DIA-01970,Celeb-DF++,video,Talking Face,0,0,1,0,0,0,Read Information,26.68,77.16,2.32,20,22.97,27.64,Low,0
DIA-01971,Celeb-DF,video,Talking Face,1,1,1,0,1,0,Transfer Funds,61.34,17.27,34.07,100,91.35,61.08,Medium,1
DIA-01972,ASVspoof2021-PA,audio,Voice Conversion,0,1,0,1,0,0,Read Information,13.26,43.63,55.51,20,23.81,29.39,Low,0
DIA-01973,ASVspoof2021-DF,audio,Replay,0,1,1,0,0,0,Change MFA,6.1,12.33,5.87,70,3.37,16.03,Low,0
DIA-01974,Celeb-DF,video,Face Swap,0,1,1,0,1,0,Approve Payment,5.54,21.84,34.7,80,6.7,25.22,Low,0
DIA-01975,DFDC,video,Face Reenactment,0,1,1,0,0,0,Create Privileged Account,42.91,13.35,5.69,95,24.46,35.16,Low,0
DIA-01976,DFDC,video,Face Reenactment,1,0,0,0,0,0,Read Information,65.13,100,7.15,20,85.16,56,Medium,1
DIA-01977,Celeb-DF++,video,Talking Face,1,1,1,0,0,1,Transfer Funds,80.95,9.78,36.06,100,99.66,67.9,Medium,1
DIA-01978,ASVspoof2021-PA,audio,Audio Manipulation,1,0,1,0,0,1,Transfer Funds,80.35,73.16,46.47,100,84.5,76.27,High,1
DIA-01979,ASVspoof2021-DF,audio,Audio Manipulation,0,1,1,1,0,1,Transfer Funds,29.57,32.52,85.59,100,26.3,51.13,Medium,0
DIA-01980,DFDC,video,Face Reenactment,1,1,1,0,0,0,Approve Payment,55.75,23.34,19.9,80,79.65,52.14,Medium,1
DIA-01981,ASVspoof2021-LA,audio,Replay,1,0,0,1,0,0,Download Sensitive Data,76.71,100,50.3,75,89.4,77.2,High,1
DIA-01982,Celeb-DF,video,Face Swap,0,1,1,0,1,0,Access Internal Portal,6.09,17.37,29.55,35,17.02,19,Low,0
DIA-01983,ASVspoof2021-LA,audio,Voice Conversion,1,0,0,0,1,0,Read Information,72.63,95.42,44.71,20,84.96,65.04,Medium,1
DIA-01984,Celeb-DF,video,Talking Face,1,1,0,0,1,1,Create Privileged Account,59.59,38.61,72.09,95,73.11,66.96,Medium,1
DIA-01985,ASVspoof2021-DF,audio,Replay,1,1,1,0,1,0,Create Privileged Account,61.2,10.51,35.86,95,84.79,58.32,Medium,1
DIA-01986,ASVspoof2021-PA,audio,Audio Manipulation,0,1,0,0,0,0,Create Privileged Account,13.18,27.71,9.44,95,21.08,28.46,Low,0
DIA-01987,Celeb-DF,video,Face Reenactment,1,1,1,1,0,0,Download Sensitive Data,86.39,20.12,50.6,75,89.56,68.22,Medium,1
DIA-01988,ASVspoof2021-DF,audio,Audio Manipulation,1,0,1,0,1,0,Download Sensitive Data,39.22,57.7,28.48,75,51.94,47.76,Low,1
DIA-01989,ASVspoof2021-PA,audio,Audio Manipulation,1,1,1,1,0,0,Access Internal Portal,96.64,20.21,48.93,35,89.57,64.97,Medium,1
DIA-01990,DFDC,video,Talking Face,1,1,0,0,0,0,Read Information,57.14,37.53,7.97,20,87.39,44.84,Low,1
DIA-01991,DFDC,video,Face Swap,0,0,1,0,0,0,Access Internal Portal,16.64,62.36,12,35,7.34,23.46,Low,0
DIA-01992,ASVspoof2021-DF,audio,Voice Conversion,1,0,0,0,0,0,Change MFA,70.55,100,17.32,70,94.23,68.97,Medium,1
DIA-01993,Celeb-DF,video,Video Manipulation,1,0,1,0,0,0,Reset Password,69.6,58.41,16.26,55,78.89,56.92,Medium,1
DIA-01994,DFDC,video,Talking Face,1,0,1,0,1,0,Download Sensitive Data,75.28,64.67,38.08,75,82.94,67.74,Medium,1
DIA-01995,Celeb-DF++,video,Video Manipulation,0,1,0,0,0,1,Create Privileged Account,29.71,35.42,32.44,95,21.28,39.22,Low,0
DIA-01996,ASVspoof2021-LA,audio,Audio Manipulation,0,1,1,0,0,0,Approve Payment,40.41,16.2,6.46,80,13.81,30.61,Low,0
DIA-01997,Celeb-DF,video,Face Swap,0,0,1,0,0,0,Create Privileged Account,26.05,65.1,0,95,26.72,37.17,Low,0
DIA-01998,Celeb-DF,video,Video Manipulation,0,1,0,0,0,0,Reset Password,16.71,51.69,17.08,55,27.56,29.94,Low,0
DIA-01999,ASVspoof2021-LA,audio,Voice Conversion,1,1,1,0,0,0,Transfer Funds,59.92,4.03,8.66,100,72.08,49.73,Low,1
DIA-02000,Celeb-DF++,video,Video Manipulation,0,0,0,0,0,0,Create Privileged Account,11.63,100,8.47,95,13.24,37.08,Low,0
DIA-02001,ASVspoof2021-LA,audio,Replay,1,1,0,0,1,0,Reset Password,80.23,31.53,29.7,55,100,62.99,Medium,1
DIA-02002,Celeb-DF++,video,Face Reenactment,1,0,1,0,0,1,Reset Password,90.31,93.65,53.35,55,99.47,79.95,High,1
DIA-02003,ASVspoof2021-PA,audio,TTS,1,1,1,1,0,0,Transfer Funds,82.05,23.74,50.21,100,72.99,67.82,Medium,1
DIA-02004,ASVspoof2021-DF,audio,TTS,0,0,0,1,0,0,Transfer Funds,0,94.12,48.7,100,22.5,43.36,Low,0
DIA-02005,DFDC,video,Talking Face,1,1,0,0,0,1,Change MFA,46.28,41.81,45.38,70,47.78,49.29,Low,1
DIA-02006,ASVspoof2021-PA,audio,Replay,1,1,1,1,0,0,Read Information,70.92,11.97,50.92,20,90.26,54.31,Medium,1
DIA-02007,Celeb-DF++,video,Talking Face,1,0,1,1,0,0,Download Sensitive Data,69.17,72.78,48.56,75,76.58,67.95,Medium,1
DIA-02008,DFDC,video,Face Swap,0,1,1,0,0,0,Create Privileged Account,18.22,9.1,18.34,95,20.69,28.89,Low,0
DIA-02009,DFDC,video,Talking Face,1,1,1,1,0,0,Change MFA,84.77,20.67,58.27,70,90.41,68.77,Medium,1
DIA-02010,ASVspoof2021-DF,audio,TTS,0,0,1,0,0,0,Access Internal Portal,31.22,71.46,10.16,35,21.01,31.57,Low,0
DIA-02011,DFDC,video,Face Swap,1,0,1,0,0,1,Approve Payment,72.92,62.08,39.06,80,90.5,69.1,Medium,1
DIA-02012,Celeb-DF,video,Face Reenactment,0,0,1,0,0,0,Create Privileged Account,1.24,73.42,11.79,95,7.85,29.56,Low,0
DIA-02013,DFDC,video,Talking Face,0,1,1,1,0,0,Create Privileged Account,9.48,17.92,45.34,95,8.98,30.65,Low,0
DIA-02014,Celeb-DF++,video,Talking Face,1,1,0,1,0,1,Create Privileged Account,76.74,34.26,94.49,95,94.56,80.22,High,1
DIA-02015,Celeb-DF++,video,Video Manipulation,0,1,1,1,0,0,Change MFA,27.59,11.58,60.5,70,18.95,36.4,Low,0
DIA-02016,Celeb-DF++,video,Video Manipulation,1,1,1,0,1,0,Reset Password,52.61,19.1,39.55,55,75.03,49.81,Low,1
DIA-02017,Celeb-DF,video,Face Reenactment,1,1,1,1,0,1,Access Internal Portal,83.27,23.73,76.38,35,86.21,66.31,Medium,1
DIA-02018,DFDC,video,Video Manipulation,0,1,1,0,0,0,Read Information,0,13.86,6.25,20,9.62,8.25,Low,0
DIA-02019,ASVspoof2021-DF,audio,TTS,0,1,0,1,0,1,Create Privileged Account,0,47.45,83.11,95,8.89,39.77,Low,0
DIA-02020,Celeb-DF,video,Video Manipulation,0,1,1,1,1,0,Transfer Funds,13.37,24.34,68.63,100,19.33,40.25,Low,0
DIA-02021,ASVspoof2021-DF,audio,Voice Conversion,1,1,1,0,0,0,Approve Payment,81.1,25.43,7.39,80,79.44,57.51,Medium,1
DIA-02022,DFDC,video,Video Manipulation,1,1,0,0,0,1,Transfer Funds,87.75,43.34,46.14,100,100,77.05,High,1
DIA-02023,DFDC,video,Video Manipulation,0,1,1,1,1,0,Reset Password,5.46,7.79,78.2,55,15.38,29.77,Low,0
DIA-02024,Celeb-DF,video,Talking Face,1,0,1,1,0,1,Create Privileged Account,59.3,77.13,93.53,95,65.3,75.38,High,1
DIA-02025,Celeb-DF++,video,Video Manipulation,0,0,0,1,0,1,Change MFA,36.37,93.47,84.36,70,23.57,57.02,Medium,0
DIA-02026,Celeb-DF,video,Face Swap,1,1,0,0,0,0,Change MFA,61.15,44.05,7.42,70,73.92,51.72,Medium,1
DIA-02027,ASVspoof2021-LA,audio,TTS,1,0,1,0,1,1,Approve Payment,86.03,64.97,60.5,80,88.26,77.31,High,1
DIA-02028,Celeb-DF,video,Talking Face,0,0,1,0,0,1,Access Internal Portal,31.19,65.2,46.95,35,18.43,37.46,Low,0
DIA-02029,Celeb-DF++,video,Talking Face,1,1,1,0,1,1,Change MFA,81.08,9.39,66.35,70,93.37,68.18,Medium,1
DIA-02030,ASVspoof2021-DF,audio,TTS,0,1,1,1,0,0,Change MFA,13.96,4.4,48.06,70,21.49,29.26,Low,0
DIA-02031,DFDC,video,Talking Face,1,1,1,0,1,0,Change MFA,70.88,10.31,30.56,70,86.71,56.76,Medium,1
DIA-02032,Celeb-DF++,video,Face Swap,1,1,0,0,0,0,Approve Payment,88.18,31.74,5.76,80,100,64.37,Medium,1
DIA-02033,Celeb-DF,video,Video Manipulation,1,1,1,0,0,0,Reset Password,67.56,19.53,14.55,55,77.37,49.83,Low,1
DIA-02034,Celeb-DF++,video,Face Swap,0,1,0,1,0,1,Access Internal Portal,27.5,31.48,84.13,35,31.17,41.28,Low,0
DIA-02035,DFDC,video,Face Reenactment,1,0,0,0,1,1,Download Sensitive Data,66.21,89.64,80.46,75,96.09,79.87,High,1
DIA-02036,ASVspoof2021-LA,audio,Audio Manipulation,0,1,0,0,0,0,Read Information,0.38,40.03,1.7,20,15.13,12.48,Low,0
DIA-02037,ASVspoof2021-PA,audio,Replay,1,1,0,0,0,0,Transfer Funds,53.91,54.5,18.28,100,84.61,59.93,Medium,1
DIA-02038,DFDC,video,Talking Face,0,0,1,0,0,1,Transfer Funds,13.19,64.46,41.08,100,23.85,41.61,Low,0
DIA-02039,ASVspoof2021-DF,audio,Replay,1,0,1,0,0,0,Change MFA,47.91,58.94,9.14,70,76.14,50.77,Medium,1
DIA-02040,ASVspoof2021-LA,audio,Audio Manipulation,0,0,1,0,0,0,Approve Payment,1.02,59.51,12.99,80,7.7,25.37,Low,0
DIA-02041,Celeb-DF,video,Face Reenactment,1,0,1,0,1,0,Download Sensitive Data,39.07,63.11,41.71,75,72.68,55.32,Medium,1
DIA-02042,ASVspoof2021-LA,audio,Audio Manipulation,1,0,1,0,0,0,Approve Payment,57.39,64.75,16.99,80,83.98,59.12,Medium,1
DIA-02043,ASVspoof2021-DF,audio,Replay,0,1,0,0,1,1,Access Internal Portal,30.43,58.44,76.85,35,15.39,41.59,Low,0
DIA-02044,ASVspoof2021-PA,audio,Audio Manipulation,1,0,1,0,1,0,Transfer Funds,62.52,77.73,33.07,100,76.13,67.26,Medium,1
DIA-02045,ASVspoof2021-PA,audio,Replay,1,1,1,0,1,0,Transfer Funds,62.57,12.48,47.22,100,73.32,59.75,Medium,1
DIA-02046,DFDC,video,Face Swap,0,1,0,0,0,1,Download Sensitive Data,31.43,54.82,48.84,75,11,40.87,Low,0
DIA-02047,Celeb-DF++,video,Talking Face,1,1,1,0,0,1,Transfer Funds,89.58,10.1,23.93,100,83.64,64.9,Medium,1
DIA-02048,ASVspoof2021-DF,audio,Audio Manipulation,1,1,1,0,0,1,Reset Password,96.01,11.71,44.95,55,85.45,64.89,Medium,1
DIA-02049,DFDC,video,Face Swap,1,1,1,1,0,1,Create Privileged Account,77.59,11.23,82.05,95,87.36,73.09,Medium,1
DIA-02050,Celeb-DF,video,Video Manipulation,0,1,1,1,0,0,Transfer Funds,19.9,23.21,47.52,100,9.99,35.95,Low,0
DIA-02051,ASVspoof2021-PA,audio,TTS,1,1,0,0,1,1,Approve Payment,66.46,39.44,74.17,80,88.04,70.3,Medium,1
DIA-02052,DFDC,video,Video Manipulation,0,1,1,0,0,0,Transfer Funds,24.5,27.06,11.87,100,35.84,35.95,Low,0
DIA-02053,Celeb-DF++,video,Video Manipulation,1,1,1,1,0,0,Access Internal Portal,69.28,18.47,44.99,35,95.57,56.92,Medium,1
DIA-02054,ASVspoof2021-LA,audio,TTS,0,0,1,0,0,0,Read Information,16.32,77.27,20.24,20,6.53,24.84,Low,0
DIA-02055,Celeb-DF,video,Talking Face,0,1,1,1,1,0,Download Sensitive Data,22.05,0.47,65.72,75,14.82,34.04,Low,0
DIA-02056,Celeb-DF++,video,Face Swap,0,1,1,1,0,0,Reset Password,12.64,1.41,40.25,55,3.72,21.05,Low,0
DIA-02057,ASVspoof2021-PA,audio,Replay,0,1,1,0,1,1,Approve Payment,0,1.67,62.12,80,13.76,27.43,Low,0
DIA-02058,Celeb-DF++,video,Video Manipulation,1,0,0,0,0,0,Reset Password,58.64,91.58,12.83,55,83.94,58.93,Medium,1
DIA-02059,DFDC,video,Face Swap,1,1,0,1,0,0,Create Privileged Account,87.03,27.69,52.29,95,90.32,73.03,Medium,1
DIA-02060,DFDC,video,Face Swap,1,1,1,0,1,1,Read Information,86.52,24.92,64.03,20,79.18,61.34,Medium,1
DIA-02061,ASVspoof2021-PA,audio,Voice Conversion,1,1,1,0,0,1,Transfer Funds,81.34,13.41,40.55,100,81.49,65.82,Medium,1
DIA-02062,Celeb-DF,video,Face Reenactment,0,0,0,0,0,1,Access Internal Portal,17.57,99.92,44.69,35,24.99,39.44,Low,0
DIA-02063,Celeb-DF++,video,Face Swap,0,0,1,0,1,0,Reset Password,9.3,66.06,27.24,55,17.9,29.98,Low,0
DIA-02064,DFDC,video,Face Reenactment,1,0,1,1,0,0,Read Information,88.87,76.6,55.31,20,81.4,68.49,Medium,1
DIA-02065,Celeb-DF++,video,Face Reenactment,1,0,1,0,0,0,Approve Payment,54.09,54.28,20.68,80,68.97,54.3,Medium,1
DIA-02066,ASVspoof2021-PA,audio,TTS,1,1,1,0,1,1,Approve Payment,71.43,14.61,68.48,80,84.2,66.16,Medium,1
DIA-02067,Celeb-DF++,video,Face Reenactment,0,1,0,0,0,1,Transfer Funds,41.58,44.01,47.15,100,21.29,47.76,Low,0
DIA-02068,ASVspoof2021-PA,audio,TTS,1,1,1,0,1,0,Read Information,67.36,19.68,35.48,20,72.26,47.71,Low,1
DIA-02069,Celeb-DF,video,Video Manipulation,0,1,0,0,1,0,Change MFA,14.77,37.46,44.29,70,12.92,31.99,Low,0
DIA-02070,Celeb-DF++,video,Video Manipulation,1,0,0,1,0,0,Transfer Funds,83.76,81.31,63.31,100,83.58,81.7,High,1
DIA-02071,ASVspoof2021-LA,audio,Voice Conversion,0,0,0,0,0,0,Read Information,18.79,100,7.22,20,11.41,27.36,Low,0
DIA-02072,Celeb-DF++,video,Video Manipulation,1,1,0,0,0,0,Download Sensitive Data,68.16,36.86,9.95,75,80.19,55.26,Medium,1
DIA-02073,Celeb-DF,video,Face Reenactment,0,1,0,1,0,0,Access Internal Portal,39.66,37.56,55.73,35,24.38,38.8,Low,0
DIA-02074,ASVspoof2021-LA,audio,Audio Manipulation,1,1,1,0,0,0,Reset Password,38.01,32.75,12.14,55,77.31,42.46,Low,1
DIA-02075,Celeb-DF,video,Face Swap,0,1,0,0,1,0,Create Privileged Account,21.95,40.77,28.34,95,28.78,38.37,Low,0
DIA-02076,Celeb-DF++,video,Face Reenactment,1,1,1,0,1,0,Create Privileged Account,57.57,10.85,22.06,95,83.17,54.19,Medium,1
DIA-02077,ASVspoof2021-PA,audio,Replay,0,1,0,0,1,0,Read Information,15.72,35.37,30.54,20,23.17,23.76,Low,0
DIA-02078,DFDC,video,Face Swap,1,1,1,0,1,0,Approve Payment,67.24,20.16,37.02,80,71.9,56.98,Medium,1
DIA-02079,Celeb-DF,video,Video Manipulation,0,1,1,0,0,0,Change MFA,10.57,8.43,6.96,70,16.01,19.53,Low,0
DIA-02080,DFDC,video,Face Reenactment,0,1,1,1,0,0,Create Privileged Account,25.51,19.09,42.34,95,15.03,36.24,Low,0
DIA-02081,Celeb-DF,video,Face Reenactment,1,0,1,0,0,0,Create Privileged Account,70.24,78.81,5.66,95,91.07,66.49,Medium,1
DIA-02082,DFDC,video,Face Reenactment,0,1,1,0,0,1,Transfer Funds,25.24,14.29,57.54,100,20.6,40.34,Low,0
DIA-02083,ASVspoof2021-DF,audio,Audio Manipulation,0,1,1,0,1,0,Read Information,19.23,22.9,26.82,20,30.98,23.76,Low,0
DIA-02084,DFDC,video,Face Swap,1,1,1,0,1,1,Create Privileged Account,69.71,14.45,67.52,95,76.04,66.04,Medium,1
DIA-02085,ASVspoof2021-DF,audio,Audio Manipulation,1,0,1,0,1,0,Transfer Funds,64.92,64.5,31.11,100,76.83,65.74,Medium,1
DIA-02086,Celeb-DF,video,Video Manipulation,1,1,1,1,0,0,Create Privileged Account,71.87,1.68,63.42,95,88.04,66.36,Medium,1
DIA-02087,Celeb-DF,video,Video Manipulation,0,0,1,0,0,0,Change MFA,7.63,72.2,0,70,12.74,26.17,Low,0
DIA-02088,Celeb-DF,video,Video Manipulation,1,1,1,0,0,0,Approve Payment,79.97,17.37,4.23,80,78.5,55.14,Medium,1
DIA-02089,ASVspoof2021-DF,audio,Audio Manipulation,1,1,1,0,0,0,Read Information,65,22.85,10.18,20,86.61,45.29,Low,1
DIA-02090,Celeb-DF++,video,Talking Face,0,1,1,0,0,0,Change MFA,13.56,22.08,10.91,70,10.93,22.25,Low,0
DIA-02091,Celeb-DF,video,Face Reenactment,1,0,1,0,1,0,Create Privileged Account,70.35,86.54,42.58,95,88.64,74.58,Medium,1
DIA-02092,ASVspoof2021-LA,audio,Voice Conversion,0,0,0,0,0,1,Approve Payment,21.74,90.35,51.86,80,2.14,42.87,Low,0
DIA-02093,ASVspoof2021-DF,audio,Audio Manipulation,1,0,1,0,0,0,Reset Password,79.67,72.85,4.8,55,84.28,60.89,Medium,1
DIA-02094,DFDC,video,Face Reenactment,1,0,1,1,1,0,Download Sensitive Data,80.84,64.5,76.93,75,88.62,78.29,High,1
DIA-02095,ASVspoof2021-PA,audio,Replay,0,1,1,1,0,0,Read Information,24.02,22.44,48.52,20,19.53,27.18,Low,0
DIA-02096,Celeb-DF,video,Face Swap,0,1,0,0,0,0,Transfer Funds,28.33,32.58,6.53,100,25.37,34.77,Low,0
DIA-02097,DFDC,video,Face Reenactment,0,1,1,0,1,0,Download Sensitive Data,20.59,22.31,41.85,75,14.95,32.13,Low,0
DIA-02098,Celeb-DF++,video,Face Reenactment,0,1,1,0,1,0,Download Sensitive Data,5.3,9.11,36.51,75,17.35,24.98,Low,0
DIA-02099,DFDC,video,Face Reenactment,1,1,1,0,0,0,Reset Password,75.79,21.13,20.89,55,85.32,55.4,Medium,1
DIA-02100,DFDC,video,Talking Face,1,0,1,0,0,0,Access Internal Portal,45.1,79.65,13.07,35,84.87,50.32,Medium,1
DIA-02101,ASVspoof2021-LA,audio,Replay,1,0,1,0,0,0,Reset Password,27.31,57.57,16.22,55,59.99,40.32,Low,1
DIA-02102,DFDC,video,Face Reenactment,0,0,0,0,0,1,Change MFA,30.68,84.22,25.73,70,0,37.48,Low,0
DIA-02103,ASVspoof2021-LA,audio,TTS,1,1,0,0,0,0,Change MFA,70.88,41.88,10.37,70,96,59.32,Medium,1
DIA-02104,ASVspoof2021-PA,audio,Replay,0,0,1,0,0,0,Change MFA,22.14,71.03,12.77,70,12.42,32.83,Low,0
DIA-02105,ASVspoof2021-DF,audio,TTS,0,0,1,0,0,0,Download Sensitive Data,33.29,67.66,13.42,75,4.99,35.07,Low,0
DIA-02106,ASVspoof2021-DF,audio,Audio Manipulation,1,0,1,0,0,0,Change MFA,65.73,66.19,20.57,70,81.99,60.66,Medium,1
DIA-02107,ASVspoof2021-DF,audio,Audio Manipulation,1,1,0,1,0,0,Reset Password,66.84,33.16,54.09,55,79.04,59.9,Medium,1
DIA-02108,ASVspoof2021-PA,audio,TTS,1,1,0,0,0,0,Download Sensitive Data,74.76,42.65,1.28,75,89.01,58.13,Medium,1
DIA-02109,Celeb-DF,video,Face Reenactment,1,0,1,0,0,0,Access Internal Portal,58.15,62.28,13.54,35,85.97,51.94,Medium,1
DIA-02110,DFDC,video,Face Swap,0,0,1,0,0,0,Transfer Funds,15.38,72.93,15.63,100,12.09,36.1,Low,0
DIA-02111,Celeb-DF++,video,Face Reenactment,1,1,1,0,0,1,Approve Payment,73.78,10.4,40.5,80,93.81,62.56,Medium,1
DIA-02112,Celeb-DF++,video,Face Swap,1,1,0,1,0,0,Reset Password,74.66,36.62,46.89,55,74.77,60.47,Medium,1
DIA-02113,DFDC,video,Video Manipulation,1,1,1,0,0,0,Approve Payment,62.34,24.73,15.29,80,61.43,49.76,Low,1
DIA-02114,ASVspoof2021-DF,audio,TTS,0,1,1,0,0,0,Transfer Funds,12.6,22.64,9.81,100,16.48,27.43,Low,0
DIA-02115,DFDC,video,Talking Face,0,0,1,1,1,0,Create Privileged Account,10.68,62.02,82.45,95,12.35,45.72,Low,0
DIA-02116,ASVspoof2021-PA,audio,Replay,0,1,1,0,0,1,Create Privileged Account,14.34,8.02,46.1,95,0,28.98,Low,0
DIA-02117,Celeb-DF,video,Face Swap,0,1,0,0,0,0,Access Internal Portal,38.01,46.22,0,35,26.99,28.98,Low,0
DIA-02118,DFDC,video,Video Manipulation,0,0,1,0,0,0,Access Internal Portal,15.08,58.53,10.21,35,0.48,20.69,Low,0
DIA-02119,DFDC,video,Face Swap,1,1,1,0,1,0,Download Sensitive Data,68.08,26.63,32.02,75,83.01,58.67,Medium,1
DIA-02120,Celeb-DF,video,Video Manipulation,1,1,1,0,0,0,Reset Password,49.6,16.08,14.12,55,86.3,45.63,Low,1
DIA-02121,Celeb-DF,video,Talking Face,0,1,1,0,0,0,Read Information,46.2,10.37,12.78,20,25.86,26.14,Low,0
DIA-02122,DFDC,video,Talking Face,1,1,1,0,0,0,Transfer Funds,56.52,15.08,3.22,100,82.94,51.45,Medium,1
DIA-02123,Celeb-DF,video,Video Manipulation,1,0,0,0,1,0,Reset Password,53.07,100,36.21,55,76,61.61,Medium,1
DIA-02124,DFDC,video,Face Reenactment,1,0,1,0,0,0,Create Privileged Account,65.33,52.95,13.57,95,84.85,61.48,Medium,1
DIA-02125,Celeb-DF,video,Face Reenactment,1,0,1,0,0,0,Approve Payment,56.18,78.21,12.93,80,85.62,60.3,Medium,1
DIA-02126,Celeb-DF,video,Face Swap,1,1,1,0,0,0,Access Internal Portal,70.01,24.56,16.66,35,78.7,49.01,Low,1
DIA-02127,Celeb-DF,video,Video Manipulation,0,0,1,0,1,1,Access Internal Portal,6.37,67.43,62.66,35,3.42,30.49,Low,0
DIA-02128,Celeb-DF,video,Face Reenactment,0,1,0,0,0,0,Download Sensitive Data,30.51,39.43,8.73,75,26.72,33.41,Low,0
DIA-02129,DFDC,video,Video Manipulation,1,0,1,0,0,0,Download Sensitive Data,76.34,71.09,0,75,100,64.82,Medium,1
DIA-02130,DFDC,video,Face Reenactment,1,1,0,0,1,0,Reset Password,64.69,45.87,43.08,55,96.63,62.48,Medium,1
DIA-02131,DFDC,video,Video Manipulation,1,1,0,0,0,0,Access Internal Portal,47.79,34.16,10.68,35,55.31,37.91,Low,1
DIA-02132,ASVspoof2021-LA,audio,Audio Manipulation,1,1,0,1,0,0,Approve Payment,62.07,39.88,49.22,80,93.78,65.2,Medium,1
DIA-02133,ASVspoof2021-PA,audio,Voice Conversion,0,0,1,0,0,1,Access Internal Portal,23.69,69.2,44.1,35,12.21,34,Low,0
DIA-02134,ASVspoof2021-PA,audio,Voice Conversion,0,0,1,1,0,1,Access Internal Portal,14.68,75.43,88.36,35,31.88,45.02,Low,0
DIA-02135,Celeb-DF++,video,Video Manipulation,1,1,0,0,0,0,Change MFA,54.47,61.4,17.28,70,71.27,53.76,Medium,1
DIA-02136,Celeb-DF++,video,Face Swap,0,1,0,0,0,1,Reset Password,34.54,34.13,42.96,55,10.48,34.42,Low,0
DIA-02137,Celeb-DF,video,Face Swap,1,0,1,0,0,0,Change MFA,67.7,70.63,12.87,70,83.48,60.67,Medium,1
DIA-02138,ASVspoof2021-LA,audio,Voice Conversion,1,1,0,0,0,0,Change MFA,67.36,33.91,12.79,70,80.22,54.4,Medium,1
DIA-02139,ASVspoof2021-LA,audio,Replay,1,1,1,1,0,1,Download Sensitive Data,81.8,11.09,69.61,75,84.28,68.23,Medium,1
DIA-02140,ASVspoof2021-LA,audio,TTS,0,0,1,0,0,1,Download Sensitive Data,21.2,61.39,40.04,75,25.79,39.98,Low,0
DIA-02141,ASVspoof2021-PA,audio,Voice Conversion,1,1,1,0,0,0,Read Information,65.35,2.76,13.05,20,94.47,44.52,Low,1
DIA-02142,Celeb-DF++,video,Video Manipulation,0,0,1,1,0,1,Access Internal Portal,33.02,79.46,93.64,35,11.76,48.15,Low,0
DIA-02143,ASVspoof2021-LA,audio,TTS,1,1,1,0,0,0,Download Sensitive Data,74.9,17.85,19.51,75,100,60.3,Medium,1
DIA-02144,ASVspoof2021-LA,audio,TTS,0,0,1,0,0,0,Approve Payment,23.48,70.74,1.43,80,6.79,31.3,Low,0
DIA-02145,Celeb-DF,video,Face Reenactment,1,1,1,0,0,1,Read Information,87.06,8.01,52,20,83.33,57.39,Medium,1
DIA-02146,ASVspoof2021-PA,audio,TTS,0,0,1,1,1,1,Create Privileged Account,28.27,69.4,100,95,41.87,61.52,Medium,0
DIA-02147,DFDC,video,Face Swap,0,1,0,0,0,0,Read Information,3.18,30.75,12.89,20,16.12,14.37,Low,0
DIA-02148,ASVspoof2021-PA,audio,TTS,1,0,1,0,0,0,Approve Payment,77.97,69.78,0,80,80.58,61.97,Medium,1
DIA-02149,ASVspoof2021-LA,audio,TTS,0,0,1,0,0,1,Access Internal Portal,20.3,72.67,41.24,35,19.45,34.38,Low,0
DIA-02150,DFDC,video,Video Manipulation,0,1,1,1,0,0,Transfer Funds,14.54,10.66,50.76,100,21.99,35.51,Low,0
DIA-02151,ASVspoof2021-DF,audio,TTS,1,1,1,1,0,1,Approve Payment,83.84,8.95,83.35,80,91,73.36,Medium,1
DIA-02152,DFDC,video,Talking Face,1,1,1,1,1,0,Create Privileged Account,75.08,11.06,59.82,95,97.29,69.86,Medium,1
DIA-02153,ASVspoof2021-LA,audio,Replay,0,1,1,0,1,0,Create Privileged Account,3.93,21.52,33.17,95,5.2,26.33,Low,0
DIA-02154,ASVspoof2021-LA,audio,Replay,1,1,0,0,0,0,Read Information,73.38,41.61,3.49,20,79.46,47.85,Low,1
DIA-02155,ASVspoof2021-DF,audio,Replay,1,1,1,1,1,0,Create Privileged Account,91.62,2.14,79.14,95,81.89,74.26,Medium,1
DIA-02156,ASVspoof2021-LA,audio,Voice Conversion,1,1,1,0,0,0,Read Information,69.56,20.79,13.36,20,76.91,45.04,Low,1
DIA-02157,DFDC,video,Video Manipulation,0,0,1,1,0,0,Download Sensitive Data,20.18,74.35,53.66,75,17.43,42.67,Low,0
DIA-02158,Celeb-DF,video,Face Swap,0,1,1,1,0,1,Approve Payment,9.64,16.5,82.41,80,4.84,34.82,Low,0
DIA-02159,Celeb-DF++,video,Face Swap,1,1,1,0,0,0,Transfer Funds,88.56,28.16,10.14,100,91.76,66.17,Medium,1
DIA-02160,DFDC,video,Video Manipulation,0,1,1,0,1,0,Approve Payment,12.31,15.19,34.41,80,20.77,29.01,Low,0
DIA-02161,Celeb-DF++,video,Face Swap,0,1,1,0,0,0,Approve Payment,2.51,18.45,16.4,80,1.62,19.12,Low,0
DIA-02162,Celeb-DF,video,Face Swap,1,1,0,0,0,0,Transfer Funds,67.22,43.76,6.27,100,78.13,58.61,Medium,1
DIA-02163,Celeb-DF,video,Face Swap,0,0,1,0,0,0,Read Information,29.09,77.02,4.7,20,14.68,27.16,Low,0
DIA-02164,Celeb-DF++,video,Face Swap,1,1,1,0,0,1,Read Information,84.6,13.22,51.73,20,86.18,57.95,Medium,1
DIA-02165,ASVspoof2021-LA,audio,TTS,0,1,1,0,0,0,Access Internal Portal,10.61,9.84,15.75,35,13.17,15.69,Low,0
DIA-02166,Celeb-DF,video,Talking Face,1,1,1,0,0,0,Access Internal Portal,64.92,22.78,13.26,35,91.38,49.07,Low,1
DIA-02167,ASVspoof2021-PA,audio,Replay,1,1,0,0,1,0,Change MFA,66,47.37,46.06,70,92.32,65.08,Medium,1
DIA-02168,Celeb-DF++,video,Face Swap,1,0,1,0,0,0,Create Privileged Account,76.74,80.2,24.62,95,78.91,70.01,Medium,1
DIA-02169,Celeb-DF,video,Video Manipulation,1,1,0,0,0,0,Change MFA,72.52,43.32,18.61,70,91.36,60.75,Medium,1
DIA-02170,Celeb-DF++,video,Face Swap,1,1,1,0,1,0,Transfer Funds,68.98,1.81,29.77,100,96.62,61.24,Medium,1
DIA-02171,Celeb-DF++,video,Talking Face,0,1,1,0,0,0,Approve Payment,28.06,16.31,15.82,80,29.9,32.01,Low,0
DIA-02172,Celeb-DF,video,Video Manipulation,1,1,1,1,0,1,Change MFA,61.02,15.27,85.77,70,84.1,65.07,Medium,1
DIA-02173,Celeb-DF++,video,Talking Face,1,1,0,0,1,0,Create Privileged Account,70.63,49.84,31.06,95,84.17,65.96,Medium,1
DIA-02174,DFDC,video,Face Reenactment,1,1,1,1,0,0,Change MFA,73.44,23.47,44.81,70,72.73,59.56,Medium,1
DIA-02175,Celeb-DF,video,Face Swap,0,0,0,0,0,0,Read Information,17.45,99.9,11.88,20,12.64,28.12,Low,0
DIA-02176,ASVspoof2021-DF,audio,TTS,0,1,1,0,0,0,Create Privileged Account,15.25,0,15.72,95,2.37,22.44,Low,0
DIA-02177,Celeb-DF++,video,Video Manipulation,1,1,1,0,0,1,Access Internal Portal,72.48,8.4,54.66,35,95.38,58.26,Medium,1
DIA-02178,ASVspoof2021-LA,audio,Voice Conversion,1,0,1,0,0,0,Change MFA,59.73,67.09,14.72,70,79.56,57.34,Medium,1
DIA-02179,Celeb-DF,video,Face Swap,0,1,1,0,0,0,Access Internal Portal,48,12.27,14.02,35,23.22,28.94,Low,0
DIA-02180,ASVspoof2021-PA,audio,Replay,0,1,1,1,0,0,Create Privileged Account,37.95,16.33,48.56,95,15.93,40.98,Low,0
DIA-02181,ASVspoof2021-LA,audio,Replay,1,0,1,0,0,0,Approve Payment,78.02,81.84,11.52,80,73.81,64.75,Medium,1
DIA-02182,ASVspoof2021-PA,audio,TTS,0,0,0,1,0,0,Transfer Funds,17.17,100,39.54,100,22.71,47.6,Low,0
DIA-02183,ASVspoof2021-LA,audio,TTS,1,0,1,0,0,0,Create Privileged Account,55.47,62.65,13.96,95,85.39,60.16,Medium,1
DIA-02184,DFDC,video,Face Swap,0,0,1,0,0,0,Reset Password,15.67,63.37,13.02,55,24.32,29.92,Low,0
DIA-02185,Celeb-DF++,video,Face Swap,0,1,1,0,0,1,Reset Password,24.26,7.65,58.4,55,2.29,28.81,Low,0
DIA-02186,DFDC,video,Talking Face,0,0,1,0,0,0,Reset Password,2.07,69.07,9.72,55,24.39,26.05,Low,0
DIA-02187,ASVspoof2021-LA,audio,TTS,1,1,1,1,0,0,Access Internal Portal,76.28,21.44,58.34,35,84.94,60.01,Medium,1
DIA-02188,ASVspoof2021-DF,audio,Replay,1,1,1,0,1,0,Transfer Funds,77.9,22.71,31.68,100,93.47,66.81,Medium,1
DIA-02189,Celeb-DF,video,Face Swap,0,0,1,1,0,0,Read Information,0,66.99,61.88,20,0,25.42,Low,0
DIA-02190,ASVspoof2021-PA,audio,Audio Manipulation,0,0,1,0,1,0,Change MFA,8.1,69.76,45.15,70,17.72,35.97,Low,0
DIA-02191,DFDC,video,Talking Face,0,0,1,0,0,0,Reset Password,31.51,83.39,17.92,55,19.21,37.64,Low,0
DIA-02192,ASVspoof2021-DF,audio,Voice Conversion,0,1,0,0,0,1,Read Information,27.11,28.12,45.42,20,16.79,27.79,Low,0
DIA-02193,ASVspoof2021-DF,audio,Voice Conversion,1,0,1,0,0,0,Create Privileged Account,56.47,75.1,8.44,95,80.23,60.19,Medium,1
DIA-02194,DFDC,video,Face Swap,0,1,1,0,0,0,Download Sensitive Data,26.09,19.24,7.4,75,13.16,26.08,Low,0
DIA-02195,ASVspoof2021-DF,audio,TTS,1,0,0,0,0,0,Transfer Funds,59.46,92.63,3.19,100,69.16,61.2,Medium,1
DIA-02196,ASVspoof2021-LA,audio,Replay,0,0,1,0,0,0,Download Sensitive Data,15.4,69.85,13.27,75,4.47,29.9,Low,0
DIA-02197,DFDC,video,Face Swap,0,1,1,1,0,0,Change MFA,10.47,18.36,48.26,70,14.86,29.02,Low,0
DIA-02198,Celeb-DF++,video,Talking Face,0,0,1,1,1,1,Access Internal Portal,28.19,67.64,100,35,30.85,50.02,Medium,0
DIA-02199,Celeb-DF,video,Face Reenactment,0,1,1,0,0,1,Download Sensitive Data,34.2,9.9,46.19,75,30.51,38.33,Low,0
DIA-02200,ASVspoof2021-DF,audio,TTS,0,1,1,0,0,0,Approve Payment,12.75,9.3,2.48,80,17.26,21.17,Low,0
DIA-02201,DFDC,video,Talking Face,0,0,1,0,1,1,Read Information,30.1,84.9,77.43,20,15.13,43.28,Low,0
DIA-02202,ASVspoof2021-PA,audio,Replay,0,1,1,0,0,1,Access Internal Portal,22.45,11.48,45.67,35,36.18,30.08,Low,0
DIA-02203,ASVspoof2021-PA,audio,Replay,1,1,1,0,0,0,Reset Password,77.87,16.61,16.04,55,92.6,55.83,Medium,1
DIA-02204,DFDC,video,Face Swap,0,1,1,1,0,0,Read Information,17.91,21.28,41.84,20,21.83,24.3,Low,0
DIA-02205,Celeb-DF,video,Talking Face,0,1,1,1,0,1,Read Information,45.11,13.31,79.65,20,11.28,36.72,Low,0
DIA-02206,ASVspoof2021-DF,audio,Audio Manipulation,0,1,1,0,0,0,Access Internal Portal,25.5,15.29,7.25,35,20.67,20.78,Low,0
DIA-02207,ASVspoof2021-DF,audio,Voice Conversion,1,1,1,0,1,0,Reset Password,68.68,19.02,36.7,55,73.03,53.65,Medium,1
DIA-02208,Celeb-DF++,video,Video Manipulation,1,1,0,0,0,0,Download Sensitive Data,69.09,33.22,9.28,75,100,58.82,Medium,1
DIA-02209,DFDC,video,Talking Face,1,1,1,0,0,0,Create Privileged Account,60.89,2.71,19.55,95,74.65,51.76,Medium,1
DIA-02210,DFDC,video,Face Reenactment,1,1,0,0,1,1,Create Privileged Account,65.18,34.16,77.24,95,77.83,69.94,Medium,1
DIA-02211,ASVspoof2021-PA,audio,Audio Manipulation,1,1,1,1,0,1,Change MFA,78.88,28.83,79.88,70,80.88,70.64,Medium,1
DIA-02212,Celeb-DF++,video,Video Manipulation,0,1,1,1,1,1,Download Sensitive Data,14.81,10.4,100,75,12.37,39.73,Low,0
DIA-02213,ASVspoof2021-LA,audio,TTS,1,0,1,0,1,0,Read Information,59.38,71.05,34.41,20,87.88,55.93,Medium,1
DIA-02214,Celeb-DF++,video,Video Manipulation,1,1,1,1,0,1,Create Privileged Account,65.69,4.39,94.04,95,83.45,70.11,Medium,1
DIA-02215,ASVspoof2021-PA,audio,TTS,0,1,1,0,0,0,Access Internal Portal,24.29,25.74,8.01,35,18.45,21.69,Low,0
DIA-02216,DFDC,video,Face Swap,0,1,1,0,0,0,Read Information,24.46,12.59,14.37,20,24.59,20.02,Low,0
DIA-02217,DFDC,video,Face Swap,0,1,0,1,0,1,Download Sensitive Data,41.95,36.36,91.65,75,8.83,49.38,Low,0
DIA-02218,ASVspoof2021-PA,audio,Voice Conversion,0,0,0,0,0,1,Reset Password,19.32,93.93,34.47,55,23.56,39.74,Low,0
DIA-02219,ASVspoof2021-PA,audio,Audio Manipulation,1,1,0,0,0,0,Change MFA,57.11,60.1,22.23,70,82.49,57.59,Medium,1
DIA-02220,Celeb-DF,video,Talking Face,0,1,1,0,0,0,Change MFA,1.84,18.53,4.53,70,6.13,15.96,Low,0
DIA-02221,Celeb-DF,video,Talking Face,1,0,1,0,0,0,Approve Payment,68.98,68.75,7.56,80,85.43,61.6,Medium,1
DIA-02222,Celeb-DF++,video,Face Swap,1,1,0,0,1,0,Create Privileged Account,81.36,16.94,30.76,95,88.36,65.02,Medium,1
DIA-02223,Celeb-DF++,video,Talking Face,0,0,1,0,0,0,Download Sensitive Data,17.18,80.82,6.03,75,0,29.73,Low,0
DIA-02224,DFDC,video,Face Reenactment,0,1,1,0,0,0,Download Sensitive Data,18.29,9.44,6.36,75,28.95,25.21,Low,0
DIA-02225,ASVspoof2021-PA,audio,Voice Conversion,1,1,1,0,0,1,Create Privileged Account,70.93,8.18,36.64,95,95.61,63.21,Medium,1
DIA-02226,Celeb-DF,video,Face Reenactment,1,0,1,0,0,0,Create Privileged Account,68.79,63.89,15.33,95,72.44,62.02,Medium,1
DIA-02227,ASVspoof2021-DF,audio,TTS,0,1,1,0,0,0,Access Internal Portal,28.97,26.72,10.81,35,12.44,22.6,Low,0
DIA-02228,DFDC,video,Video Manipulation,0,1,1,1,0,0,Reset Password,44.11,14.66,49.03,55,35.21,40.53,Low,0
DIA-02229,DFDC,video,Talking Face,1,0,1,0,0,0,Change MFA,71.48,57.82,17.11,70,90.85,62.21,Medium,1
DIA-02230,ASVspoof2021-DF,audio,Voice Conversion,1,1,0,0,0,0,Transfer Funds,72.21,38.37,22.36,100,88.55,64.6,Medium,1
DIA-02231,Celeb-DF,video,Face Swap,0,0,1,1,0,0,Download Sensitive Data,20.37,63.35,39.08,75,21.01,38.88,Low,0
DIA-02232,ASVspoof2021-DF,audio,Audio Manipulation,0,1,1,1,0,0,Create Privileged Account,21.81,17.88,61.36,95,20.82,39.91,Low,0
DIA-02233,DFDC,video,Face Reenactment,1,1,1,0,0,0,Create Privileged Account,64.67,11.91,9.84,95,73.58,52.12,Medium,1
DIA-02234,ASVspoof2021-PA,audio,Voice Conversion,0,0,0,0,1,0,Transfer Funds,13.97,82.45,25.54,100,10.41,38.75,Low,0
DIA-02235,ASVspoof2021-LA,audio,Replay,0,1,1,0,0,1,Download Sensitive Data,24.4,14.34,47.89,75,27.08,35.72,Low,0
DIA-02236,ASVspoof2021-LA,audio,TTS,1,1,1,0,0,0,Reset Password,72.87,14.55,9.18,55,91.12,52.35,Medium,1
DIA-02237,DFDC,video,Talking Face,0,0,1,0,1,0,Change MFA,18.7,59.97,41.02,70,19.23,37.16,Low,0
DIA-02238,Celeb-DF,video,Video Manipulation,0,1,0,0,0,0,Read Information,14.91,24.32,11.02,20,9.9,15.3,Low,0
DIA-02239,Celeb-DF,video,Face Reenactment,1,1,1,0,0,0,Approve Payment,67.39,17.26,12.5,80,92.75,55.86,Medium,1
DIA-02240,Celeb-DF++,video,Face Swap,1,0,1,0,0,0,Download Sensitive Data,55.44,67.75,6.95,75,72.16,53.87,Medium,1
DIA-02241,Celeb-DF,video,Face Swap,1,1,1,0,0,1,Access Internal Portal,79.84,13.28,37.8,35,100,58.75,Medium,1
DIA-02242,DFDC,video,Face Swap,0,1,0,0,0,0,Change MFA,13.46,45.97,15.19,70,8.84,26.24,Low,0
DIA-02243,Celeb-DF,video,Talking Face,1,0,1,1,0,0,Approve Payment,58.3,54.49,46.33,80,73.73,61.68,Medium,1
DIA-02244,Celeb-DF,video,Face Reenactment,1,1,1,0,1,0,Create Privileged Account,71.08,15.48,37.82,95,85.04,62.47,Medium,1
DIA-02245,Celeb-DF,video,Face Swap,1,0,1,0,0,1,Create Privileged Account,76.63,75.3,55.4,95,88.07,77.23,High,1
DIA-02246,DFDC,video,Talking Face,1,0,1,1,0,0,Read Information,61.54,68.54,48.88,20,83.26,58.17,Medium,1
DIA-02247,Celeb-DF,video,Face Swap,1,1,1,0,1,0,Reset Password,72.86,3.67,39.9,55,73.31,53.3,Medium,1
DIA-02248,ASVspoof2021-DF,audio,Voice Conversion,1,1,1,0,0,0,Download Sensitive Data,72.97,9.71,9.79,75,89.04,54.36,Medium,1
DIA-02249,Celeb-DF,video,Video Manipulation,1,0,1,0,1,1,Read Information,92.72,66.39,67.45,20,99,74.06,Medium,1
DIA-02250,Celeb-DF,video,Face Swap,0,0,0,0,1,0,Access Internal Portal,15.41,82.37,24.06,35,15.12,30.06,Low,0
DIA-02251,Celeb-DF++,video,Face Swap,1,1,1,0,1,1,Transfer Funds,70.4,17.97,69.72,100,70.69,66.9,Medium,1
DIA-02252,ASVspoof2021-LA,audio,Voice Conversion,1,1,0,0,0,1,Download Sensitive Data,64.33,40.03,43.85,75,81.18,61.56,Medium,1
DIA-02253,Celeb-DF,video,Talking Face,0,1,1,0,0,0,Download Sensitive Data,23.43,9.86,3.9,75,7.66,22.07,Low,0
DIA-02254,ASVspoof2021-DF,audio,TTS,0,0,0,0,1,0,Access Internal Portal,17.95,100,20.75,35,0,29.78,Low,0
DIA-02255,ASVspoof2021-PA,audio,Audio Manipulation,1,0,1,0,0,1,Approve Payment,81.87,65.82,33.31,80,82.53,69.6,Medium,1
DIA-02256,Celeb-DF++,video,Face Swap,0,0,1,0,0,0,Transfer Funds,13.23,81.84,22.5,100,29.92,41.73,Low,0
DIA-02257,ASVspoof2021-PA,audio,Audio Manipulation,1,1,1,1,0,0,Transfer Funds,76.19,12.85,50.26,100,85.3,66.9,Medium,1
DIA-02258,ASVspoof2021-LA,audio,Replay,1,0,1,0,0,0,Access Internal Portal,63.38,62.36,0,35,80.39,49.7,Low,1
DIA-02259,DFDC,video,Face Swap,0,1,1,0,1,0,Access Internal Portal,0,7.61,30.79,35,18.39,16.23,Low,0
DIA-02260,Celeb-DF++,video,Face Swap,0,1,1,0,1,0,Download Sensitive Data,24.91,15.73,35.07,75,23.73,32.84,Low,0
DIA-02261,ASVspoof2021-DF,audio,TTS,1,1,0,0,0,1,Transfer Funds,51.77,31.44,48.14,100,66.75,58.22,Medium,1
DIA-02262,ASVspoof2021-PA,audio,Voice Conversion,0,1,1,1,0,0,Read Information,21.25,16.16,48.37,20,34.13,28.3,Low,0
DIA-02263,Celeb-DF++,video,Face Reenactment,1,1,1,0,0,0,Access Internal Portal,64.42,11.8,24.15,35,84.88,48.15,Low,1
DIA-02264,DFDC,video,Talking Face,0,1,0,1,0,0,Access Internal Portal,22.91,36.61,64.48,35,25.89,35.69,Low,0
DIA-02265,ASVspoof2021-DF,audio,Voice Conversion,0,1,1,0,0,0,Create Privileged Account,18.52,14.67,12.68,95,11.27,26.8,Low,0
DIA-02266,DFDC,video,Talking Face,1,0,0,0,0,0,Change MFA,66.41,100,7.44,70,66.01,60.11,Medium,1
DIA-02267,ASVspoof2021-LA,audio,Voice Conversion,0,1,1,0,0,0,Approve Payment,21.99,10.66,12.68,80,16.45,26.02,Low,0
DIA-02268,Celeb-DF++,video,Face Reenactment,1,1,1,1,0,1,Read Information,74.8,16.47,75.7,20,75.78,58.21,Medium,1
DIA-02269,ASVspoof2021-DF,audio,Voice Conversion,1,1,0,0,0,1,Access Internal Portal,99.77,43.55,52,35,100,72.11,Medium,1
DIA-02270,ASVspoof2021-LA,audio,Voice Conversion,0,1,1,0,0,0,Download Sensitive Data,14.23,5.32,11.2,75,2.81,19.12,Low,0
DIA-02271,ASVspoof2021-DF,audio,Audio Manipulation,0,1,1,1,1,0,Change MFA,9.55,19.18,66.55,70,14.63,32.48,Low,0
DIA-02272,ASVspoof2021-DF,audio,TTS,1,0,1,0,0,0,Access Internal Portal,50.49,76.52,5.91,35,85.02,50.06,Medium,1
DIA-02273,ASVspoof2021-LA,audio,Voice Conversion,1,1,1,0,0,0,Reset Password,73.24,22.73,14.01,55,89.14,54.26,Medium,1
DIA-02274,ASVspoof2021-LA,audio,Audio Manipulation,1,1,1,0,0,1,Approve Payment,53.49,6.13,33.34,80,75.86,50.81,Medium,1
DIA-02275,ASVspoof2021-LA,audio,Replay,1,0,1,1,0,1,Read Information,62.69,61.69,78.75,20,66.65,60.14,Medium,1
DIA-02276,DFDC,video,Face Swap,0,1,1,0,0,1,Create Privileged Account,8.11,14.57,41.74,95,0.46,27.31,Low,0
DIA-02277,ASVspoof2021-DF,audio,Audio Manipulation,0,0,1,0,1,0,Access Internal Portal,23.03,69.11,41.83,35,10.94,33.08,Low,0
DIA-02278,DFDC,video,Face Swap,1,1,1,1,0,0,Create Privileged Account,85.64,15.15,62,95,75.72,69.76,Medium,1
DIA-02279,ASVspoof2021-LA,audio,TTS,1,0,1,0,0,0,Approve Payment,55.62,67.15,12.65,80,80.23,57.33,Medium,1
DIA-02280,ASVspoof2021-DF,audio,Voice Conversion,1,1,1,0,0,0,Read Information,70.64,16.49,0,20,77.8,42.23,Low,1
DIA-02281,Celeb-DF++,video,Talking Face,0,1,0,0,0,0,Create Privileged Account,0,19.57,2.18,95,0.36,17.69,Low,0
DIA-02282,DFDC,video,Face Swap,1,1,1,0,0,1,Change MFA,62.81,20.26,69.47,70,69.9,60.26,Medium,1
DIA-02283,Celeb-DF,video,Video Manipulation,1,1,1,0,1,1,Reset Password,77.63,26.78,71.1,55,72.08,64.19,Medium,1
DIA-02284,ASVspoof2021-DF,audio,TTS,0,0,1,0,0,1,Read Information,19.56,65.58,26.76,20,16.38,27.33,Low,0
DIA-02285,DFDC,video,Video Manipulation,1,1,1,0,1,0,Read Information,76.93,16.62,51.61,20,79.63,54.82,Medium,1
DIA-02286,DFDC,video,Face Swap,1,1,1,1,1,0,Change MFA,46.43,28.45,65.65,70,78.84,57.59,Medium,1
DIA-02287,ASVspoof2021-PA,audio,Voice Conversion,0,0,1,0,1,0,Reset Password,9.92,70.27,39.01,55,13.78,32.32,Low,0
DIA-02288,ASVspoof2021-LA,audio,Replay,0,0,0,0,0,0,Create Privileged Account,22.98,97.44,1.98,95,15.92,39.34,Low,0
DIA-02289,DFDC,video,Face Reenactment,0,1,0,0,0,0,Download Sensitive Data,22.84,54.73,25.42,75,23.54,36.1,Low,0
DIA-02290,Celeb-DF,video,Talking Face,1,1,1,1,0,0,Read Information,76.69,31.29,40.08,20,72.91,53.3,Medium,1
DIA-02291,ASVspoof2021-PA,audio,Replay,0,0,1,1,0,0,Transfer Funds,25.28,61.51,45.9,100,24.19,45.83,Low,0
DIA-02292,ASVspoof2021-DF,audio,Replay,0,0,1,1,0,0,Reset Password,10.41,66.71,57.34,55,18.14,36.48,Low,0
DIA-02293,ASVspoof2021-DF,audio,Voice Conversion,0,0,0,1,0,1,Download Sensitive Data,19.43,100,81.13,75,15.08,51.32,Medium,0
DIA-02294,Celeb-DF,video,Video Manipulation,0,0,1,1,0,0,Create Privileged Account,48.48,73.98,53.4,95,16.85,53.94,Medium,0
DIA-02295,Celeb-DF,video,Talking Face,0,1,0,1,0,0,Approve Payment,9.15,45.65,55.81,80,14.64,35.68,Low,0
DIA-02296,DFDC,video,Face Reenactment,1,1,1,0,1,0,Change MFA,50.43,0,36.24,70,83.64,49.6,Low,1
DIA-02297,ASVspoof2021-DF,audio,Replay,0,1,1,0,0,0,Read Information,25.48,0,2.22,20,5.77,12.24,Low,0
DIA-02298,DFDC,video,Video Manipulation,0,1,1,0,0,0,Access Internal Portal,6.35,29.27,4.49,35,19.08,16.26,Low,0
DIA-02299,DFDC,video,Video Manipulation,0,0,1,0,0,0,Download Sensitive Data,37.71,76.19,7.32,75,37.08,42.87,Low,0
DIA-02300,ASVspoof2021-DF,audio,Replay,0,1,1,0,0,0,Transfer Funds,48.08,17.83,14.11,100,23.43,39.61,Low,0
DIA-02301,ASVspoof2021-PA,audio,Audio Manipulation,0,1,1,0,0,1,Read Information,20.35,5.06,50.68,20,28.82,25.76,Low,0
DIA-02302,ASVspoof2021-LA,audio,Audio Manipulation,1,1,1,0,0,0,Access Internal Portal,69.4,11.68,11.44,35,88.63,47.84,Low,1
DIA-02303,Celeb-DF++,video,Face Reenactment,1,1,1,0,0,0,Reset Password,45.93,19.56,14.92,55,80.85,44.12,Low,1
DIA-02304,Celeb-DF++,video,Talking Face,1,1,1,0,0,1,Create Privileged Account,82.35,3.94,33.86,95,81.28,62.57,Medium,1
DIA-02305,Celeb-DF++,video,Face Swap,0,1,1,0,0,1,Transfer Funds,0,9.36,47.08,100,8.93,27.61,Low,0
DIA-02306,Celeb-DF,video,Face Reenactment,1,0,1,1,0,1,Access Internal Portal,61.27,73,84.55,35,73.49,66.19,Medium,1
DIA-02307,Celeb-DF++,video,Video Manipulation,1,1,1,0,0,1,Download Sensitive Data,72.3,19.72,48.47,75,93.57,64.31,Medium,1
DIA-02308,Celeb-DF++,video,Face Reenactment,0,1,1,0,0,0,Transfer Funds,24.02,10.82,15.27,100,11.31,29.14,Low,0
DIA-02309,ASVspoof2021-DF,audio,Audio Manipulation,0,1,1,0,0,0,Transfer Funds,1.68,22.86,2.64,100,28.28,25.12,Low,0
DIA-02310,ASVspoof2021-PA,audio,Voice Conversion,1,1,1,0,0,0,Create Privileged Account,60.03,22.6,9.23,95,85.95,54.68,Medium,1
DIA-02311,ASVspoof2021-PA,audio,TTS,0,0,1,1,0,0,Create Privileged Account,4.72,55.66,59.34,95,16.73,39.23,Low,0
DIA-02312,DFDC,video,Face Swap,0,1,0,0,0,0,Reset Password,14.51,53.1,12.13,55,3.72,23.74,Low,0
DIA-02313,Celeb-DF,video,Talking Face,1,0,1,1,1,0,Reset Password,62.19,79.33,74.3,55,88.54,71.37,Medium,1
DIA-02314,DFDC,video,Face Reenactment,0,1,1,0,0,0,Transfer Funds,11.01,16.65,1.47,100,12.77,23.65,Low,0
DIA-02315,Celeb-DF,video,Talking Face,1,1,1,1,0,1,Download Sensitive Data,83.16,13.9,88.8,75,82.71,72.58,Medium,1
DIA-02316,Celeb-DF,video,Face Swap,0,1,1,0,1,0,Read Information,21.1,21.31,25.27,20,11.37,19.85,Low,0
DIA-02317,DFDC,video,Face Reenactment,0,0,1,0,0,0,Read Information,24.17,74.27,8.75,20,6.87,24.52,Low,0
DIA-02318,ASVspoof2021-LA,audio,TTS,0,0,1,0,0,0,Create Privileged Account,16.58,67.83,6.56,95,16.23,33.96,Low,0
DIA-02319,Celeb-DF++,video,Face Reenactment,0,1,0,0,0,0,Access Internal Portal,25.89,52.85,12.75,35,16.97,26.89,Low,0
DIA-02320,ASVspoof2021-PA,audio,Audio Manipulation,1,1,0,1,1,0,Approve Payment,70.61,23.16,70.81,80,72.83,65.39,Medium,1
DIA-02321,DFDC,video,Face Swap,1,1,0,0,0,0,Reset Password,60.59,34.68,7.7,55,86.78,50.52,Medium,1
DIA-02322,DFDC,video,Talking Face,1,1,1,0,0,1,Access Internal Portal,77.28,18.58,38.63,35,100,58.95,Medium,1
DIA-02323,Celeb-DF++,video,Face Swap,1,1,1,1,1,0,Read Information,66.34,14.58,73.26,20,70.77,53.9,Medium,1
DIA-02324,DFDC,video,Talking Face,0,0,0,0,1,0,Download Sensitive Data,14.38,100,36.5,75,14.57,40.78,Low,0
DIA-02325,Celeb-DF,video,Video Manipulation,0,1,1,1,0,0,Create Privileged Account,34.75,3.84,47.57,95,35.61,41.89,Low,0
DIA-02326,ASVspoof2021-PA,audio,Voice Conversion,0,0,1,0,0,0,Read Information,28.71,67.96,7.81,20,12.18,25.8,Low,0
DIA-02327,DFDC,video,Face Swap,1,0,0,0,0,0,Approve Payment,62.73,100,11.15,80,86.64,65.38,Medium,1
DIA-02328,DFDC,video,Talking Face,0,1,1,0,1,0,Download Sensitive Data,27.6,3.05,42.01,75,22.43,32.88,Low,0
DIA-02329,ASVspoof2021-DF,audio,Voice Conversion,0,1,1,0,0,0,Create Privileged Account,3.94,13.08,15.21,95,18.91,24.22,Low,0
DIA-02330,Celeb-DF++,video,Video Manipulation,1,0,0,1,1,0,Download Sensitive Data,67.8,90.75,65.94,75,100,78.39,High,1
DIA-02331,ASVspoof2021-DF,audio,Audio Manipulation,1,1,1,0,0,0,Access Internal Portal,57.73,17.91,15.37,35,65.32,41.39,Low,1
DIA-02332,Celeb-DF,video,Talking Face,0,1,0,0,1,0,Change MFA,17.98,43.14,44.57,70,18.21,34.92,Low,0
DIA-02333,ASVspoof2021-LA,audio,Replay,1,0,1,1,0,0,Transfer Funds,79.08,70.78,54.94,100,82.26,76.78,High,1
DIA-02334,DFDC,video,Talking Face,1,1,1,0,0,0,Create Privileged Account,72.11,12.68,0,95,84.67,54.72,Medium,1
DIA-02335,Celeb-DF++,video,Talking Face,1,0,0,0,1,1,Reset Password,75.62,95.51,71.85,55,86.31,76.89,High,1
DIA-02336,ASVspoof2021-DF,audio,Voice Conversion,0,1,0,0,0,0,Transfer Funds,19.51,38.68,19.68,100,14.23,33.44,Low,0
DIA-02337,ASVspoof2021-LA,audio,Audio Manipulation,0,1,0,0,0,0,Read Information,16.25,39.74,6.86,20,6.28,16.46,Low,0
DIA-02338,Celeb-DF,video,Face Reenactment,0,1,1,1,0,0,Download Sensitive Data,36.21,26.66,70.3,75,11.88,42.55,Low,0
DIA-02339,ASVspoof2021-DF,audio,TTS,1,1,1,0,1,0,Create Privileged Account,48.99,5.38,19.74,95,98.38,53.38,Medium,1
DIA-02340,DFDC,video,Talking Face,1,1,1,0,0,1,Approve Payment,63.67,17.73,46.02,80,70.48,57.06,Medium,1
DIA-02341,DFDC,video,Talking Face,1,1,1,0,0,0,Access Internal Portal,70.52,7.46,15.06,35,95.67,49.67,Low,1
DIA-02342,DFDC,video,Video Manipulation,0,1,0,0,0,1,Access Internal Portal,39.81,55.64,46.2,35,12.64,37.31,Low,0
DIA-02343,ASVspoof2021-DF,audio,Voice Conversion,0,1,0,0,1,0,Approve Payment,14.2,40.71,36.08,80,16.41,32.86,Low,0
DIA-02344,Celeb-DF,video,Face Reenactment,1,1,1,0,1,0,Transfer Funds,63.13,4.86,27.72,100,100,60.21,Medium,1
DIA-02345,ASVspoof2021-DF,audio,Replay,0,1,0,1,0,0,Create Privileged Account,8.81,38.14,45.97,95,21.36,36.08,Low,0
DIA-02346,DFDC,video,Face Reenactment,1,1,1,0,0,1,Create Privileged Account,65.04,3.33,49.02,95,70.32,58.13,Medium,1
DIA-02347,ASVspoof2021-LA,audio,Audio Manipulation,1,1,0,1,0,1,Transfer Funds,83.79,34.93,70.2,100,84.91,76.4,High,1
DIA-02348,ASVspoof2021-LA,audio,Voice Conversion,0,1,1,0,0,0,Transfer Funds,35.37,19.93,16.34,100,20.61,35.99,Low,0
DIA-02349,DFDC,video,Video Manipulation,0,1,1,1,0,0,Create Privileged Account,19.77,25.89,49.2,95,26.22,39.15,Low,0
DIA-02350,DFDC,video,Face Reenactment,0,1,1,0,0,0,Create Privileged Account,9.21,23.65,13.87,95,14.73,26.28,Low,0
DIA-02351,DFDC,video,Face Swap,0,1,1,1,0,0,Create Privileged Account,23.77,14.16,55.92,95,16.51,37.99,Low,0
DIA-02352,ASVspoof2021-LA,audio,Audio Manipulation,1,0,0,0,0,0,Reset Password,48.24,99.56,36.11,55,94.54,63.79,Medium,1
DIA-02353,DFDC,video,Talking Face,0,1,1,0,0,0,Download Sensitive Data,31.59,21.47,19.79,75,34.12,34.73,Low,0
DIA-02354,ASVspoof2021-DF,audio,Replay,0,1,0,0,1,0,Access Internal Portal,4.46,58,26.59,35,19.4,24.49,Low,0
DIA-02355,Celeb-DF++,video,Talking Face,0,0,1,1,0,1,Download Sensitive Data,31.45,65.17,100,75,14.23,53.31,Medium,0
DIA-02356,ASVspoof2021-LA,audio,Voice Conversion,0,1,1,1,1,1,Download Sensitive Data,31.29,27.08,91.01,75,0,42.9,Low,0
DIA-02357,Celeb-DF++,video,Video Manipulation,1,1,1,0,1,0,Read Information,72.91,6.26,31.89,20,73.71,46.93,Low,1
DIA-02358,Celeb-DF++,video,Face Reenactment,1,1,0,0,0,0,Read Information,68.81,49.44,11.22,20,70.31,47.36,Low,1
DIA-02359,ASVspoof2021-PA,audio,Audio Manipulation,1,1,0,0,0,0,Transfer Funds,66.03,35.03,7.73,100,82.96,58.2,Medium,1
DIA-02360,DFDC,video,Face Reenactment,1,1,1,0,0,0,Download Sensitive Data,70.71,9.53,11.97,75,93.12,54.91,Medium,1
DIA-02361,ASVspoof2021-LA,audio,TTS,0,1,1,0,0,0,Read Information,27.18,12.72,8.82,20,36.58,22.14,Low,0
DIA-02362,DFDC,video,Face Swap,1,1,1,0,0,1,Reset Password,90.76,8.79,53.99,55,100,67.59,Medium,1
DIA-02363,Celeb-DF++,video,Video Manipulation,0,1,0,1,0,0,Transfer Funds,10.87,43.41,46.62,100,8.33,35.76,Low,0
DIA-02364,ASVspoof2021-PA,audio,Replay,1,1,0,0,0,0,Approve Payment,45.77,49.81,9.19,80,80.73,51.19,Medium,1
DIA-02365,ASVspoof2021-DF,audio,Voice Conversion,0,1,0,0,1,0,Create Privileged Account,0.98,23.11,47.4,95,15.87,30.66,Low,0
DIA-02366,ASVspoof2021-DF,audio,Audio Manipulation,0,1,1,0,0,0,Approve Payment,0,13.6,16.78,80,0,17.4,Low,0
DIA-02367,Celeb-DF,video,Talking Face,0,1,0,0,0,1,Approve Payment,9.8,31.31,43.81,80,6.59,29.72,Low,0
DIA-02368,Celeb-DF++,video,Talking Face,1,1,1,0,0,1,Access Internal Portal,56.41,22.24,48.31,35,77.23,50.62,Medium,1
DIA-02369,Celeb-DF,video,Talking Face,0,1,0,0,1,0,Create Privileged Account,13.42,51.36,48.11,95,34.52,42.51,Low,0
DIA-02370,Celeb-DF++,video,Face Swap,1,1,1,0,1,0,Approve Payment,75.41,13.6,25.31,80,89.33,59.59,Medium,1
DIA-02371,Celeb-DF++,video,Face Swap,0,1,1,0,0,1,Access Internal Portal,29.89,9.37,37.39,35,7.64,24.63,Low,0
DIA-02372,Celeb-DF,video,Talking Face,1,0,1,0,0,0,Reset Password,59.16,57.08,5.98,55,77.97,51.35,Medium,1
DIA-02373,Celeb-DF,video,Face Swap,1,0,0,0,0,0,Create Privileged Account,60.11,100,11.52,95,86.07,66.8,Medium,1
DIA-02374,Celeb-DF,video,Talking Face,0,1,1,0,0,0,Access Internal Portal,40.12,25.55,16.78,35,19.77,28.43,Low,0
DIA-02375,Celeb-DF,video,Face Swap,0,1,1,1,1,0,Approve Payment,29.54,0,69.65,80,16.18,38.03,Low,0
DIA-02376,DFDC,video,Face Reenactment,0,1,0,1,0,0,Change MFA,24.9,45.24,43.41,70,24.81,38.4,Low,0
DIA-02377,ASVspoof2021-LA,audio,Replay,1,0,0,0,0,0,Reset Password,67.34,86.1,0.82,55,96.45,60.82,Medium,1
DIA-02378,ASVspoof2021-DF,audio,Replay,1,1,1,0,0,0,Access Internal Portal,62.82,10.93,3.4,35,93.65,45.15,Low,1
DIA-02379,DFDC,video,Video Manipulation,0,1,1,1,0,0,Approve Payment,45.03,5.01,45.41,80,20.56,39.45,Low,0
DIA-02380,ASVspoof2021-DF,audio,Replay,0,0,1,0,0,0,Reset Password,15.91,53.99,0,55,14.49,24.02,Low,0
DIA-02381,ASVspoof2021-LA,audio,TTS,0,1,1,0,0,0,Download Sensitive Data,19.64,14.64,6.07,75,14.13,23.38,Low,0
DIA-02382,DFDC,video,Video Manipulation,0,0,1,1,0,1,Reset Password,9.86,85.16,77.65,55,23.97,44.31,Low,0
DIA-02383,DFDC,video,Face Swap,1,1,1,1,0,0,Access Internal Portal,64,7.59,48.85,35,79.5,51.26,Medium,1
DIA-02384,DFDC,video,Face Swap,0,1,1,1,0,0,Read Information,16.94,22.13,61.89,20,0,23.78,Low,0
DIA-02385,DFDC,video,Video Manipulation,0,0,1,1,0,0,Transfer Funds,28.35,78.39,38.85,100,23.43,47.72,Low,0
DIA-02386,ASVspoof2021-LA,audio,TTS,1,1,1,0,1,1,Reset Password,62.47,20.77,77.1,55,87.38,63,Medium,1
DIA-02387,ASVspoof2021-PA,audio,Replay,1,1,1,0,0,0,Download Sensitive Data,66.53,30.97,21.67,75,79.98,56.18,Medium,1
DIA-02388,DFDC,video,Face Reenactment,1,0,1,1,0,1,Change MFA,69.33,77.64,91.75,70,100,81.3,High,1
DIA-02389,ASVspoof2021-LA,audio,Audio Manipulation,0,0,1,0,0,1,Reset Password,10.89,84.44,47.4,55,9.84,35.63,Low,0
DIA-02390,DFDC,video,Face Swap,1,1,1,0,1,0,Create Privileged Account,53.45,5.82,44.2,95,93.12,58.62,Medium,1
DIA-02391,ASVspoof2021-DF,audio,TTS,1,0,1,0,0,0,Transfer Funds,64.09,75.96,14.43,100,70.97,62.7,Medium,1
DIA-02392,ASVspoof2021-LA,audio,Voice Conversion,1,1,0,0,1,0,Access Internal Portal,67.13,52.09,42.77,35,86.27,59.01,Medium,1
DIA-02393,Celeb-DF,video,Face Reenactment,0,1,0,0,0,0,Read Information,15.87,33.82,10.83,20,8.69,16.74,Low,0
DIA-02394,DFDC,video,Video Manipulation,1,0,1,1,0,0,Reset Password,61.84,42.11,42.58,55,81.8,57.99,Medium,1
DIA-02395,ASVspoof2021-DF,audio,Replay,1,1,1,0,0,0,Read Information,64.48,4.86,18.15,20,89.98,44.7,Low,1
DIA-02396,ASVspoof2021-PA,audio,TTS,1,0,0,0,0,0,Read Information,62.45,89.2,28.27,20,77.49,56.27,Medium,1
DIA-02397,Celeb-DF,video,Video Manipulation,1,1,1,0,0,0,Create Privileged Account,54.54,19.49,7.62,95,74.35,49.93,Low,1
DIA-02398,DFDC,video,Face Reenactment,1,1,1,1,0,0,Read Information,71.91,10.47,50.16,20,82.98,52.77,Medium,1
DIA-02399,DFDC,video,Video Manipulation,1,1,1,0,0,0,Read Information,85.91,15.02,10.78,20,100,53.18,Medium,1
DIA-02400,ASVspoof2021-DF,audio,Audio Manipulation,1,1,1,0,1,0,Reset Password,64.35,10.17,24.72,55,84.91,51.01,Medium,1
DIA-02401,ASVspoof2021-DF,audio,TTS,0,0,1,0,0,0,Download Sensitive Data,1.93,68.97,4.06,75,13.77,25.74,Low,0
DIA-02402,ASVspoof2021-LA,audio,Replay,0,1,1,0,0,0,Change MFA,34.15,14.47,12.13,70,24.45,30.23,Low,0
DIA-02403,ASVspoof2021-LA,audio,Voice Conversion,1,1,0,0,0,0,Approve Payment,79.83,34.94,9.34,80,71.51,57.36,Medium,1
DIA-02404,ASVspoof2021-PA,audio,Voice Conversion,1,1,1,1,0,0,Approve Payment,86.76,21.57,50.12,80,96.98,70.68,Medium,1
DIA-02405,ASVspoof2021-LA,audio,Voice Conversion,1,1,1,0,0,0,Read Information,65.54,26.04,10.19,20,89.79,46.56,Low,1
DIA-02406,Celeb-DF,video,Talking Face,1,1,0,1,0,1,Create Privileged Account,67.38,30.81,84.19,95,67.79,69.48,Medium,1
DIA-02407,ASVspoof2021-DF,audio,Voice Conversion,1,1,1,0,1,0,Read Information,56.18,16.74,29.64,20,100,48.29,Low,1
DIA-02408,Celeb-DF,video,Face Swap,1,1,1,0,0,1,Transfer Funds,83.55,3.56,48.04,100,87.92,67.79,Medium,1
DIA-02409,Celeb-DF,video,Face Reenactment,0,1,0,0,0,0,Reset Password,35.66,25.98,12.3,55,10.87,27.48,Low,0
DIA-02410,ASVspoof2021-PA,audio,TTS,1,1,1,0,0,0,Transfer Funds,55.88,23.29,3.84,100,83.79,52.78,Medium,1
DIA-02411,ASVspoof2021-DF,audio,Audio Manipulation,0,1,1,0,0,0,Transfer Funds,0,31.06,12.9,100,3.82,23,Low,0
DIA-02412,ASVspoof2021-PA,audio,Replay,1,1,1,0,0,0,Read Information,65.8,12.37,5.64,20,68.96,39.52,Low,1
DIA-02413,Celeb-DF++,video,Face Reenactment,1,1,1,0,0,0,Change MFA,56.05,29.67,14.57,70,78.56,50.39,Medium,1
DIA-02414,Celeb-DF++,video,Face Reenactment,0,1,0,0,0,1,Read Information,15.22,34.81,44.7,20,13.76,24.48,Low,0
DIA-02415,Celeb-DF++,video,Face Swap,0,1,1,0,0,0,Transfer Funds,15.38,13.12,12.76,100,1.67,24.47,Low,0
DIA-02416,DFDC,video,Face Reenactment,0,1,0,0,0,0,Change MFA,22.51,53.34,11.23,70,10.6,29.62,Low,0
DIA-02417,DFDC,video,Video Manipulation,1,0,1,0,0,0,Create Privileged Account,57.41,62.7,9.61,95,72.05,57.21,Medium,1
DIA-02418,Celeb-DF++,video,Face Swap,0,1,0,0,0,0,Download Sensitive Data,19.5,47.33,12.29,75,13.66,29.39,Low,0
DIA-02419,DFDC,video,Face Swap,0,0,1,0,0,0,Create Privileged Account,16.61,67.21,15.89,95,21.98,36.89,Low,0
DIA-02420,ASVspoof2021-PA,audio,Audio Manipulation,1,1,0,0,0,0,Download Sensitive Data,40.64,34.23,10.84,75,78.43,46.43,Low,1
DIA-02421,DFDC,video,Talking Face,0,1,1,0,0,0,Read Information,23.99,10.93,10.73,20,17.7,17.52,Low,0
DIA-02422,DFDC,video,Face Swap,1,0,0,0,0,0,Change MFA,61.04,77.65,7.52,70,65.83,55.13,Medium,1
DIA-02423,ASVspoof2021-LA,audio,Voice Conversion,1,1,0,0,0,0,Approve Payment,52.1,50.09,0,80,79.77,51.1,Medium,1
DIA-02424,DFDC,video,Talking Face,0,1,1,0,1,0,Transfer Funds,10.01,16.81,35.24,100,4.71,28.51,Low,0
DIA-02425,ASVspoof2021-PA,audio,Voice Conversion,0,1,1,1,1,0,Create Privileged Account,25.23,13.82,66.14,95,2.85,37.69,Low,0
DIA-02426,ASVspoof2021-DF,audio,Voice Conversion,1,1,1,1,0,0,Download Sensitive Data,71.51,9.46,46.04,75,92.78,61.89,Medium,1
DIA-02427,DFDC,video,Talking Face,1,1,1,0,0,1,Create Privileged Account,78.09,17.49,38.94,95,74.54,63,Medium,1
DIA-02428,ASVspoof2021-DF,audio,Replay,0,0,1,0,0,1,Transfer Funds,27.8,77.07,39.98,100,19.8,46.86,Low,0
DIA-02429,ASVspoof2021-DF,audio,Audio Manipulation,1,1,1,0,0,0,Transfer Funds,53.11,12.8,5.41,100,75.89,49.11,Low,1
DIA-02430,ASVspoof2021-LA,audio,TTS,1,1,0,0,1,0,Transfer Funds,33.5,47.71,38.4,100,66.79,53.24,Medium,1
DIA-02431,ASVspoof2021-LA,audio,Voice Conversion,0,1,0,1,0,0,Reset Password,24.33,42.2,52.33,55,29.06,38.16,Low,0
DIA-02432,ASVspoof2021-DF,audio,TTS,1,1,1,0,0,1,Change MFA,77.94,14.25,45.78,70,81.08,61.39,Medium,1
DIA-02433,ASVspoof2021-DF,audio,Replay,0,0,1,0,1,0,Read Information,15.77,77.3,43.47,20,11.15,30.25,Low,0
DIA-02434,Celeb-DF,video,Talking Face,0,1,1,1,1,0,Access Internal Portal,30.27,10.94,96.41,35,12.95,37.84,Low,0
DIA-02435,ASVspoof2021-DF,audio,Voice Conversion,1,0,0,1,0,0,Create Privileged Account,59.98,84.99,53.55,95,83.58,72.42,Medium,1
DIA-02436,ASVspoof2021-PA,audio,Replay,0,1,0,0,0,1,Reset Password,19.19,39.58,51.36,55,15.36,33.29,Low,0
DIA-02437,ASVspoof2021-DF,audio,Voice Conversion,0,1,1,0,0,1,Change MFA,12.87,15.28,46.96,70,8.9,27.83,Low,0
DIA-02438,ASVspoof2021-DF,audio,TTS,0,1,1,1,0,0,Reset Password,30.67,13.22,54.54,55,11.36,32.61,Low,0
DIA-02439,Celeb-DF++,video,Talking Face,1,0,1,0,1,0,Transfer Funds,55.99,79.52,23.63,100,80.62,64.58,Medium,1
DIA-02440,ASVspoof2021-LA,audio,Voice Conversion,1,1,1,0,0,0,Transfer Funds,88.66,19,0,100,83.31,61.11,Medium,1
DIA-02441,ASVspoof2021-PA,audio,Voice Conversion,1,1,0,1,0,0,Approve Payment,65.48,39.08,35.2,80,98.89,64.32,Medium,1
DIA-02442,DFDC,video,Face Reenactment,0,0,1,0,0,0,Transfer Funds,26.78,69.96,5.63,100,13.97,37.45,Low,0
DIA-02443,DFDC,video,Video Manipulation,1,1,1,0,1,0,Download Sensitive Data,60.62,15.65,44.57,75,85.16,57.73,Medium,1
DIA-02444,Celeb-DF++,video,Face Swap,1,1,1,0,0,0,Access Internal Portal,80.71,19.21,11.79,35,86.36,51.97,Medium,1
DIA-02445,Celeb-DF++,video,Face Reenactment,0,0,1,0,0,1,Approve Payment,37.29,70.42,42.27,80,18.72,45.95,Low,0
DIA-02446,ASVspoof2021-DF,audio,Replay,0,1,1,0,1,0,Read Information,14.44,13.76,38.99,20,23.7,21.93,Low,0
DIA-02447,DFDC,video,Face Swap,1,1,1,0,1,0,Change MFA,69.02,4.33,37.47,70,89.48,57.25,Medium,1
DIA-02448,Celeb-DF++,video,Face Swap,0,1,1,0,0,0,Create Privileged Account,32.01,9.32,0.51,95,25.05,30.36,Low,0
DIA-02449,ASVspoof2021-DF,audio,Replay,1,0,1,1,0,0,Access Internal Portal,74.35,72.22,53.28,35,90.54,67.15,Medium,1
DIA-02450,ASVspoof2021-DF,audio,Replay,1,1,0,0,1,0,Download Sensitive Data,55.87,41.5,40.83,75,66.44,55.69,Medium,1
DIA-02451,ASVspoof2021-DF,audio,Replay,0,0,0,0,0,0,Create Privileged Account,18.77,83.12,24.71,95,20.66,41.42,Low,0
DIA-02452,ASVspoof2021-DF,audio,TTS,1,0,1,1,0,1,Create Privileged Account,67.77,65.5,84.44,95,81.72,77.64,High,1
DIA-02453,ASVspoof2021-DF,audio,Audio Manipulation,1,1,1,0,0,0,Download Sensitive Data,67.66,7.56,21.86,75,79.3,52.91,Medium,1
DIA-02454,ASVspoof2021-LA,audio,Voice Conversion,0,1,0,1,1,0,Reset Password,14.34,50.92,72.17,55,46.73,43.97,Low,0
DIA-02455,ASVspoof2021-DF,audio,TTS,1,0,0,0,1,0,Access Internal Portal,70.1,97.01,51.29,35,71.26,65.34,Medium,1
DIA-02456,Celeb-DF++,video,Face Reenactment,0,1,0,0,0,0,Access Internal Portal,0,43.44,5.84,35,11.18,15.17,Low,0
DIA-02457,ASVspoof2021-DF,audio,TTS,1,1,1,0,0,0,Approve Payment,53.66,14.47,14.5,80,78.87,48.94,Low,1
DIA-02458,DFDC,video,Face Reenactment,0,1,1,0,0,0,Reset Password,9.27,9.99,12.01,55,13.58,17.65,Low,0
DIA-02459,Celeb-DF,video,Face Reenactment,0,0,1,0,0,0,Approve Payment,16.24,66.44,20.43,80,6.93,32.31,Low,0
DIA-02460,Celeb-DF++,video,Face Reenactment,0,1,0,0,1,0,Read Information,1.37,43.94,44.48,20,14.37,21.77,Low,0
DIA-02461,ASVspoof2021-LA,audio,Voice Conversion,0,1,1,0,0,0,Reset Password,8.28,12.92,2.7,55,3.96,14,Low,0
DIA-02462,ASVspoof2021-DF,audio,Audio Manipulation,0,1,1,0,0,1,Change MFA,31.56,19.02,42.65,70,22.44,35.84,Low,0
DIA-02463,DFDC,video,Video Manipulation,0,1,0,0,0,1,Create Privileged Account,32.87,41.14,59.88,95,21.63,46.58,Low,0
DIA-02464,ASVspoof2021-DF,audio,Voice Conversion,1,0,0,0,0,0,Read Information,38.13,97.36,10.69,20,74.33,46.05,Low,1
DIA-02465,DFDC,video,Video Manipulation,0,1,1,0,0,1,Change MFA,16.55,17.77,50.7,70,15.48,31.37,Low,0
DIA-02466,ASVspoof2021-DF,audio,Audio Manipulation,0,0,1,0,0,0,Change MFA,32.02,65.79,2.51,70,34.26,37.33,Low,0
DIA-02467,ASVspoof2021-LA,audio,Audio Manipulation,0,0,1,0,0,1,Reset Password,27.25,67.51,43.28,55,24.01,40.01,Low,0
DIA-02468,ASVspoof2021-DF,audio,TTS,1,1,1,1,0,0,Create Privileged Account,75.48,22.27,45.04,95,87.43,66.73,Medium,1
DIA-02469,ASVspoof2021-DF,audio,Voice Conversion,0,0,1,1,0,0,Transfer Funds,29.21,84.61,56.48,100,23.12,52.37,Medium,0
DIA-02470,Celeb-DF,video,Face Reenactment,1,0,1,0,0,0,Read Information,55.45,77.34,15.16,20,81.22,50.51,Medium,1
DIA-02471,Celeb-DF++,video,Face Swap,1,0,0,0,0,1,Transfer Funds,73.35,72.69,53.57,100,90.31,76.68,High,1
DIA-02472,ASVspoof2021-LA,audio,TTS,0,0,0,0,0,1,Transfer Funds,28.19,88.94,37.4,100,13.59,47,Low,0
DIA-02473,ASVspoof2021-DF,audio,Replay,1,1,0,1,0,0,Create Privileged Account,72.18,40.92,53.84,95,100,72.81,Medium,1
DIA-02474,Celeb-DF++,video,Face Reenactment,0,0,0,0,1,0,Read Information,13.67,86.21,35.14,20,17.11,30.48,Low,0
DIA-02475,Celeb-DF,video,Video Manipulation,1,1,1,0,0,0,Change MFA,65.47,5.84,0,70,100,51.02,Medium,1
DIA-02476,DFDC,video,Talking Face,0,0,1,1,0,1,Approve Payment,15.46,66.65,88.24,80,35.82,51.45,Medium,0
DIA-02477,DFDC,video,Face Swap,1,1,1,0,0,0,Access Internal Portal,72.76,17.76,19.04,35,80.65,49.68,Low,1
DIA-02478,DFDC,video,Video Manipulation,1,1,1,0,0,0,Access Internal Portal,50.21,19.94,21,35,81.71,43.85,Low,1
DIA-02479,Celeb-DF,video,Face Reenactment,0,0,1,0,0,0,Download Sensitive Data,9.02,67.06,9.75,75,17.55,29.48,Low,0
DIA-02480,ASVspoof2021-PA,audio,Replay,0,1,1,1,0,0,Create Privileged Account,30.5,11.45,55.81,95,28.03,41.89,Low,0
DIA-02481,Celeb-DF++,video,Video Manipulation,0,1,1,0,0,0,Access Internal Portal,21.19,8.25,13.82,35,18.48,19.3,Low,0
DIA-02482,DFDC,video,Talking Face,0,0,1,0,0,1,Read Information,17.67,74.06,39.68,20,27.28,32.8,Low,0
DIA-02483,DFDC,video,Face Swap,1,0,1,0,0,1,Transfer Funds,52.16,73.52,38.72,100,64.21,62.26,Medium,1
DIA-02484,Celeb-DF,video,Face Swap,1,1,1,0,0,0,Change MFA,65.49,22.26,9.66,70,77.88,50.99,Medium,1
DIA-02485,ASVspoof2021-LA,audio,Voice Conversion,1,0,1,1,0,1,Read Information,69.07,71.04,83.35,20,82.55,67.56,Medium,1
DIA-02486,Celeb-DF,video,Face Swap,1,0,1,0,0,0,Transfer Funds,71.28,59.51,10.62,100,78.82,63.2,Medium,1
DIA-02487,ASVspoof2021-LA,audio,TTS,1,0,0,0,0,0,Reset Password,60.32,92.21,7.08,55,66.49,54.89,Medium,1
DIA-02488,ASVspoof2021-LA,audio,Audio Manipulation,1,1,1,1,0,0,Read Information,51.74,21.86,51.49,20,87.89,49.68,Low,1
DIA-02489,DFDC,video,Face Swap,0,1,1,0,1,0,Approve Payment,2.78,1.12,27.54,80,2.73,19.06,Low,0
DIA-02490,ASVspoof2021-DF,audio,TTS,0,0,1,0,0,1,Create Privileged Account,18.3,69.32,55.66,95,10.51,43.37,Low,0
DIA-02491,ASVspoof2021-PA,audio,Replay,0,0,1,1,0,0,Access Internal Portal,24.2,72.28,37.26,35,24.84,35.77,Low,0
DIA-02492,Celeb-DF++,video,Face Swap,0,1,1,0,1,0,Approve Payment,5.2,31.03,34.43,80,24.32,29.96,Low,0
DIA-02493,DFDC,video,Face Reenactment,0,1,1,0,0,0,Change MFA,9.66,10.19,8.57,70,9.32,18.5,Low,0
DIA-02494,ASVspoof2021-PA,audio,Audio Manipulation,0,1,1,0,0,0,Reset Password,26.72,14.03,9.05,55,9.35,22.05,Low,0
DIA-02495,ASVspoof2021-PA,audio,Replay,0,0,0,0,1,0,Approve Payment,30.21,100,29.09,80,12.23,44.33,Low,0
DIA-02496,Celeb-DF++,video,Video Manipulation,0,0,0,0,0,0,Read Information,21.05,90.29,0,20,27.29,28.32,Low,0
DIA-02497,ASVspoof2021-DF,audio,Voice Conversion,0,1,1,0,0,1,Access Internal Portal,19.86,23.6,46.68,35,27.51,29.59,Low,0
DIA-02498,DFDC,video,Talking Face,0,1,0,0,0,0,Create Privileged Account,11.16,43.14,8.57,95,17.82,29.35,Low,0
DIA-02499,ASVspoof2021-LA,audio,TTS,0,1,1,0,1,0,Transfer Funds,23.93,13.23,37.69,100,20.21,35.74,Low,0
DIA-02500,Celeb-DF++,video,Face Reenactment,0,0,1,0,0,0,Transfer Funds,14.52,73.61,0,100,3.76,31.15,Low,0
DIA-02501,DFDC,video,Face Swap,1,1,0,1,0,0,Create Privileged Account,81.12,38.82,62.02,95,91.47,75.11,High,1
DIA-02502,ASVspoof2021-DF,audio,Audio Manipulation,1,1,0,1,0,0,Access Internal Portal,81.7,58.06,49.44,35,94.5,67.26,Medium,1
DIA-02503,ASVspoof2021-PA,audio,TTS,0,1,1,1,1,0,Reset Password,27.51,0,53.71,55,20.37,31.32,Low,0
DIA-02504,ASVspoof2021-LA,audio,TTS,0,0,1,0,0,1,Create Privileged Account,17.53,67.74,46.32,95,18.2,42.57,Low,0
DIA-02505,Celeb-DF,video,Face Reenactment,0,1,1,0,0,0,Approve Payment,13.38,12.97,6.7,80,6.06,20.51,Low,0
DIA-02506,DFDC,video,Face Reenactment,0,1,1,0,0,1,Create Privileged Account,4.92,13.93,37.07,95,23.75,29.98,Low,0
DIA-02507,ASVspoof2021-PA,audio,Voice Conversion,0,1,1,0,0,1,Change MFA,22.42,23.64,53.62,70,5.37,32.57,Low,0
DIA-02508,ASVspoof2021-PA,audio,Voice Conversion,1,0,1,1,0,0,Download Sensitive Data,70.08,66.42,56.51,75,84.37,70.41,Medium,1
DIA-02509,Celeb-DF++,video,Face Reenactment,0,1,0,0,0,0,Approve Payment,2.85,43.94,12.39,80,16.83,25.29,Low,0
DIA-02510,ASVspoof2021-DF,audio,Audio Manipulation,0,1,1,0,1,0,Create Privileged Account,44.01,16.85,35.54,95,33.27,43.74,Low,0
DIA-02511,Celeb-DF++,video,Talking Face,1,1,1,0,0,0,Approve Payment,72.12,21.71,13.53,80,94.51,58.5,Medium,1
DIA-02512,Celeb-DF++,video,Video Manipulation,1,1,0,0,0,0,Read Information,56.76,38.9,0,20,91.44,44.15,Low,1
DIA-02513,DFDC,video,Video Manipulation,0,0,1,1,1,0,Access Internal Portal,45.6,72.58,76.34,35,20.68,49.22,Low,0
DIA-02514,DFDC,video,Talking Face,0,0,1,0,0,0,Change MFA,12.54,69.01,18.66,70,36.05,35.56,Low,0
DIA-02515,DFDC,video,Video Manipulation,1,1,1,0,0,0,Approve Payment,75.13,7.11,17.28,80,95.57,58.18,Medium,1
DIA-02516,ASVspoof2021-LA,audio,TTS,0,0,1,0,0,0,Transfer Funds,18.96,82.79,2.65,100,13.57,36.35,Low,0
DIA-02517,DFDC,video,Video Manipulation,1,1,1,0,0,0,Reset Password,60.92,8.9,11.3,55,79.63,46.05,Low,1
DIA-02518,DFDC,video,Face Reenactment,1,0,1,0,0,1,Create Privileged Account,67.29,66.17,37.14,95,90.67,69.92,Medium,1
DIA-02519,ASVspoof2021-DF,audio,Replay,0,1,1,0,0,1,Approve Payment,38.8,8.15,46.1,80,17.49,37.58,Low,0
DIA-02520,DFDC,video,Face Swap,1,1,1,1,0,1,Reset Password,85.64,18.22,79.73,55,76.91,68,Medium,1
DIA-02521,DFDC,video,Face Swap,0,0,0,1,0,0,Access Internal Portal,21.65,91.17,43.91,35,18.16,37.83,Low,0
DIA-02522,ASVspoof2021-DF,audio,Audio Manipulation,0,0,0,0,0,0,Download Sensitive Data,0,100,12.51,75,0,28.75,Low,0
DIA-02523,Celeb-DF,video,Face Reenactment,0,0,1,1,0,0,Reset Password,26.35,74.27,44.92,55,21.81,40.64,Low,0
DIA-02524,ASVspoof2021-DF,audio,TTS,1,1,1,0,1,0,Access Internal Portal,52.29,12.79,29.44,35,85.81,45.91,Low,1
DIA-02525,ASVspoof2021-PA,audio,Replay,0,0,0,0,0,0,Access Internal Portal,23.92,87.72,12.46,35,15.59,31.19,Low,0
DIA-02526,DFDC,video,Face Swap,0,0,1,0,1,1,Access Internal Portal,15.15,69.11,59.63,35,26.14,37.32,Low,0
DIA-02527,ASVspoof2021-PA,audio,Voice Conversion,1,1,1,1,0,1,Read Information,69.3,19.16,82.75,20,91.99,61.61,Medium,1
DIA-02528,ASVspoof2021-PA,audio,Replay,0,1,1,1,0,1,Access Internal Portal,20.98,14.63,74.24,35,8.07,30.2,Low,0
DIA-02529,ASVspoof2021-LA,audio,Replay,1,1,1,0,0,0,Transfer Funds,77.23,13.88,0.51,100,86.7,57.69,Medium,1
DIA-02530,ASVspoof2021-DF,audio,Voice Conversion,1,1,1,0,1,0,Access Internal Portal,46.57,6.84,43.19,35,73.97,43.68,Low,1
DIA-02531,ASVspoof2021-DF,audio,Voice Conversion,1,0,1,1,1,0,Change MFA,79.12,87.95,72.09,70,83.87,78.62,High,1
DIA-02532,ASVspoof2021-DF,audio,Audio Manipulation,1,1,1,0,0,1,Change MFA,74.77,13.39,39.98,70,96.01,62.14,Medium,1
DIA-02533,ASVspoof2021-DF,audio,TTS,1,1,0,0,0,0,Approve Payment,65.2,29,15.96,80,88.93,56.89,Medium,1
DIA-02534,DFDC,video,Face Swap,0,1,1,0,0,1,Reset Password,18.07,6.4,56.31,55,10.06,27.9,Low,0
DIA-02535,ASVspoof2021-PA,audio,TTS,1,0,0,0,0,1,Create Privileged Account,76.35,92.25,46.76,95,88.11,77.97,High,1
DIA-02536,ASVspoof2021-DF,audio,Audio Manipulation,1,1,1,0,1,0,Create Privileged Account,61.16,30.56,42.15,95,75.49,60.71,Medium,1
DIA-02537,ASVspoof2021-LA,audio,Voice Conversion,1,0,1,0,0,0,Download Sensitive Data,61.06,68.64,6.14,75,77.9,56.67,Medium,1
DIA-02538,Celeb-DF,video,Face Swap,1,1,1,1,0,1,Transfer Funds,76.7,12,85.38,100,100,76.89,High,1
DIA-02539,DFDC,video,Face Swap,1,1,1,0,0,0,Reset Password,84.92,21.76,10.05,55,100,59,Medium,1
DIA-02540,Celeb-DF++,video,Face Swap,1,0,1,0,1,0,Change MFA,49.36,77.34,37.27,70,95.35,63.43,Medium,1
DIA-02541,Celeb-DF++,video,Video Manipulation,0,1,0,0,0,0,Download Sensitive Data,23.51,45.27,16.75,75,20.37,32.52,Low,0
DIA-02542,Celeb-DF++,video,Face Reenactment,0,0,1,0,0,0,Access Internal Portal,16.43,71.6,0,35,17.76,24.47,Low,0
DIA-02543,Celeb-DF,video,Face Swap,1,1,0,0,0,1,Read Information,68.57,31.17,38.77,20,93.32,54.66,Medium,1
DIA-02544,Celeb-DF,video,Face Swap,1,1,1,0,0,0,Transfer Funds,49.2,8.99,6.6,100,80.21,48.47,Low,1
DIA-02545,Celeb-DF++,video,Talking Face,0,1,1,0,0,0,Read Information,0,2.27,3.21,20,0,3.98,Low,0
DIA-02546,Celeb-DF,video,Talking Face,0,0,1,1,1,1,Read Information,31.74,68.21,100,20,36.31,50.02,Medium,0
DIA-02547,ASVspoof2021-PA,audio,Audio Manipulation,1,1,0,0,0,0,Read Information,52.04,36.6,11.52,20,69.32,40.27,Low,1
DIA-02548,DFDC,video,Face Swap,0,1,1,0,1,0,Download Sensitive Data,29.18,10.77,35.41,75,30.17,34.74,Low,0
DIA-02549,Celeb-DF,video,Face Swap,1,1,1,1,0,1,Reset Password,64.83,17.23,82.18,55,90.04,64.73,Medium,1
DIA-02550,Celeb-DF,video,Face Swap,1,0,1,0,1,0,Access Internal Portal,72.06,64.74,44.43,35,100,65.46,Medium,1
DIA-02551,ASVspoof2021-DF,audio,Voice Conversion,0,0,1,0,0,0,Create Privileged Account,11.66,67.28,11.52,95,22.68,34.68,Low,0
DIA-02552,Celeb-DF++,video,Talking Face,0,0,1,1,1,0,Transfer Funds,16.14,66.11,73.95,100,10.74,46.7,Low,0
DIA-02553,ASVspoof2021-DF,audio,Replay,1,1,0,0,0,0,Transfer Funds,55.95,39.75,10.47,100,90.75,57.99,Medium,1
DIA-02554,ASVspoof2021-PA,audio,TTS,0,1,1,0,0,0,Reset Password,22.8,17.92,15.21,55,14.43,23.71,Low,0
DIA-02555,Celeb-DF,video,Talking Face,1,0,0,0,0,0,Read Information,73.87,84.24,11.5,20,76.67,55.43,Medium,1
DIA-02556,ASVspoof2021-DF,audio,Replay,0,0,1,1,0,0,Transfer Funds,19.53,73.63,43.95,100,0.4,40.77,Low,0
DIA-02557,DFDC,video,Face Swap,0,0,0,0,1,1,Download Sensitive Data,29.5,97.11,82.34,75,18.26,54.79,Medium,0
DIA-02558,Celeb-DF,video,Talking Face,0,0,0,1,0,0,Transfer Funds,23.14,98.35,53.23,100,2.59,47.86,Low,0
DIA-02559,Celeb-DF++,video,Face Reenactment,1,0,1,0,0,0,Access Internal Portal,51.32,71.07,1.94,35,92.76,50.25,Medium,1
DIA-02560,DFDC,video,Face Swap,1,1,0,0,0,0,Transfer Funds,70.16,42.89,0,100,70.4,56.56,Medium,1
DIA-02561,ASVspoof2021-DF,audio,Voice Conversion,1,1,0,1,0,0,Reset Password,67.69,36.67,54.82,55,80.5,61.12,Medium,1
DIA-02562,ASVspoof2021-DF,audio,Audio Manipulation,0,0,1,1,1,0,Create Privileged Account,0,73.55,84.05,95,8.96,43.88,Low,0
DIA-02563,ASVspoof2021-LA,audio,Replay,1,1,1,0,1,0,Read Information,61.7,24.16,38.16,20,83.97,49.56,Low,1
DIA-02564,Celeb-DF++,video,Face Reenactment,0,1,1,0,0,1,Approve Payment,4.37,11.04,49.29,80,5.29,25.88,Low,0
DIA-02565,ASVspoof2021-DF,audio,Audio Manipulation,1,1,1,0,0,1,Change MFA,57.45,11.33,49.47,70,91.58,57.64,Medium,1
DIA-02566,Celeb-DF,video,Face Reenactment,1,1,1,0,0,0,Transfer Funds,63.26,20.04,10.03,100,84.28,55.85,Medium,1
DIA-02567,DFDC,video,Face Reenactment,0,0,1,0,0,0,Access Internal Portal,17.17,65.57,0,35,16.13,23.46,Low,0
DIA-02568,DFDC,video,Face Swap,1,0,1,0,1,0,Access Internal Portal,56.81,64.25,30.11,35,75.35,53.02,Medium,1
DIA-02569,ASVspoof2021-DF,audio,Audio Manipulation,0,1,1,1,0,0,Approve Payment,28.8,18.38,55.56,80,24.15,39.34,Low,0
DIA-02570,ASVspoof2021-PA,audio,Audio Manipulation,0,1,1,0,0,0,Create Privileged Account,16.74,11.56,14.1,95,28.76,29.58,Low,0
DIA-02571,DFDC,video,Face Swap,1,1,1,0,0,1,Transfer Funds,66.34,24.77,43.63,100,100,67.34,Medium,1
DIA-02572,ASVspoof2021-DF,audio,Replay,1,0,0,0,0,1,Read Information,71.48,91.27,41.16,20,76.4,61.65,Medium,1
DIA-02573,ASVspoof2021-LA,audio,Audio Manipulation,0,1,1,0,0,0,Read Information,31.26,8.45,11.22,20,18.59,19.61,Low,0
DIA-02574,ASVspoof2021-LA,audio,Replay,1,1,1,0,0,0,Reset Password,42.35,14.96,7.6,55,60.42,36.8,Low,1
DIA-02575,ASVspoof2021-DF,audio,TTS,0,1,1,0,0,0,Read Information,32.29,18.48,9.44,20,26.19,22.58,Low,0
DIA-02576,ASVspoof2021-DF,audio,Audio Manipulation,1,1,0,0,1,0,Change MFA,59.22,42.56,35.93,70,69.52,55.74,Medium,1
DIA-02577,ASVspoof2021-DF,audio,Voice Conversion,1,1,1,0,0,0,Change MFA,57.43,19.31,4.56,70,83.84,48.31,Low,1
DIA-02578,ASVspoof2021-LA,audio,Voice Conversion,0,0,1,0,1,0,Transfer Funds,13.58,65.57,40.6,100,26.51,42.33,Low,0
DIA-02579,DFDC,video,Face Reenactment,1,1,1,1,0,0,Read Information,61.25,24.08,48.85,20,78.6,50.48,Medium,1
DIA-02580,ASVspoof2021-PA,audio,Audio Manipulation,1,1,1,0,0,0,Reset Password,54.56,1.76,13.41,55,72.25,42.01,Low,1
DIA-02581,DFDC,video,Talking Face,1,1,1,0,0,1,Reset Password,80.32,8.75,45.44,55,98.94,62.53,Medium,1
DIA-02582,ASVspoof2021-LA,audio,Replay,0,1,1,0,0,0,Download Sensitive Data,19.76,15.31,20.8,75,23.34,28.3,Low,0
DIA-02583,DFDC,video,Video Manipulation,0,1,1,0,1,0,Reset Password,0,9.42,38.8,55,1.83,17.79,Low,0
DIA-02584,DFDC,video,Video Manipulation,1,0,1,1,0,0,Approve Payment,78.42,67.52,52.85,80,87.86,73.8,Medium,1
DIA-02585,DFDC,video,Video Manipulation,1,1,0,0,0,0,Create Privileged Account,71.81,32.15,12.6,95,77.27,58.59,Medium,1
DIA-02586,Celeb-DF++,video,Video Manipulation,1,0,1,1,0,0,Approve Payment,54.67,68.33,64.59,80,90.21,69.61,Medium,1
DIA-02587,Celeb-DF,video,Video Manipulation,1,1,0,0,0,0,Approve Payment,67.98,43.7,9.69,80,85.1,57.91,Medium,1
DIA-02588,DFDC,video,Video Manipulation,1,0,1,1,0,1,Read Information,82.83,65.72,86.15,20,100,74.94,Medium,1
DIA-02589,Celeb-DF++,video,Talking Face,0,1,1,0,0,0,Transfer Funds,0.35,7.97,10.73,100,3.7,19.19,Low,0
DIA-02590,Celeb-DF++,video,Face Swap,0,1,1,0,0,1,Download Sensitive Data,26.14,11.31,31.24,75,20.58,31.15,Low,0
DIA-02591,ASVspoof2021-LA,audio,TTS,1,1,0,0,0,0,Access Internal Portal,58.57,48.83,10.65,35,81.53,48.58,Low,1
DIA-02592,ASVspoof2021-PA,audio,Audio Manipulation,0,1,0,0,0,0,Approve Payment,23.96,48.76,17.11,80,20.28,33.98,Low,0
DIA-02593,ASVspoof2021-DF,audio,Voice Conversion,0,1,1,0,0,0,Change MFA,7.73,11.18,13.6,70,8.84,18.98,Low,0
DIA-02594,DFDC,video,Video Manipulation,1,0,1,0,0,0,Transfer Funds,77.46,74.07,20.58,100,66.11,66.69,Medium,1
DIA-02595,Celeb-DF,video,Video Manipulation,1,1,1,0,0,0,Approve Payment,63.32,14.85,15.5,80,88.94,54.11,Medium,1
DIA-02596,ASVspoof2021-PA,audio,Replay,1,0,1,1,1,0,Transfer Funds,64.24,80.27,78.51,100,83.54,78.72,High,1
DIA-02597,DFDC,video,Video Manipulation,0,0,0,0,0,0,Transfer Funds,10.05,96.53,16.22,100,7.03,37.14,Low,0
DIA-02598,Celeb-DF++,video,Face Reenactment,1,1,1,0,0,0,Access Internal Portal,75.61,13.39,12.55,35,81.39,48.73,Low,1
DIA-02599,ASVspoof2021-PA,audio,Voice Conversion,0,0,1,0,0,0,Reset Password,10.05,82.8,8.04,55,3.99,26.09,Low,0
DIA-02600,ASVspoof2021-PA,audio,Audio Manipulation,0,1,1,1,0,0,Access Internal Portal,34.66,7.61,49.1,35,3.94,27.4,Low,0
DIA-02601,Celeb-DF++,video,Video Manipulation,1,1,1,0,0,1,Access Internal Portal,73.35,17.55,28.32,35,94.69,54.49,Medium,1
DIA-02602,ASVspoof2021-DF,audio,TTS,1,1,0,0,0,0,Approve Payment,50.76,50.93,21.17,80,84.83,56.07,Medium,1
DIA-02603,Celeb-DF++,video,Video Manipulation,1,0,1,0,0,0,Transfer Funds,66.29,75.33,8.61,100,71.41,62.19,Medium,1
DIA-02604,ASVspoof2021-LA,audio,Voice Conversion,1,1,0,0,1,1,Change MFA,71.52,33.9,62.7,70,100,69.58,Medium,1
DIA-02605,DFDC,video,Video Manipulation,1,1,1,0,1,0,Create Privileged Account,50.4,8.47,32.44,95,69.46,51.02,Medium,1
DIA-02606,DFDC,video,Talking Face,0,1,1,0,0,0,Approve Payment,18.09,3.73,22.3,80,22.95,27.04,Low,0
DIA-02607,ASVspoof2021-DF,audio,Replay,0,1,1,1,0,0,Reset Password,28.96,26.86,50.5,55,19.27,34.92,Low,0
DIA-02608,DFDC,video,Face Swap,1,1,1,1,1,0,Create Privileged Account,83.41,5.94,76.8,95,76.49,70.82,Medium,1
DIA-02609,ASVspoof2021-DF,audio,Voice Conversion,1,1,1,0,0,1,Change MFA,82.93,20.71,59.6,70,90.88,68.58,Medium,1
DIA-02610,Celeb-DF,video,Talking Face,0,0,1,0,1,0,Read Information,44.28,58.59,40.85,20,21.41,37.52,Low,0
DIA-02611,ASVspoof2021-PA,audio,Audio Manipulation,0,1,0,1,0,0,Approve Payment,23.01,60.46,47.98,80,12.02,39.97,Low,0
DIA-02612,ASVspoof2021-LA,audio,TTS,0,1,1,0,1,0,Transfer Funds,24.09,4.18,23.1,100,29.9,33.45,Low,0
DIA-02613,Celeb-DF++,video,Face Swap,0,0,1,0,0,0,Access Internal Portal,11.33,70.34,14.47,35,20.45,26.18,Low,0
DIA-02614,ASVspoof2021-LA,audio,Replay,1,0,1,0,0,0,Reset Password,86.73,79.7,5.25,55,95.15,66.3,Medium,1
DIA-02615,Celeb-DF,video,Face Reenactment,0,1,1,0,0,0,Approve Payment,8.2,9.38,14.62,80,12.11,21.21,Low,0
DIA-02616,Celeb-DF++,video,Video Manipulation,0,1,1,0,0,1,Transfer Funds,43.23,19.51,44.66,100,25.98,45.02,Low,0
DIA-02617,DFDC,video,Face Swap,1,1,1,0,0,0,Reset Password,84.82,12.75,12.86,55,87.96,55.77,Medium,1
DIA-02618,ASVspoof2021-LA,audio,Voice Conversion,1,0,1,0,0,0,Change MFA,57.37,73.11,16.27,70,85.83,59.1,Medium,1
DIA-02619,ASVspoof2021-LA,audio,TTS,0,1,1,0,0,1,Approve Payment,34.4,23.65,32.9,80,11.86,34.82,Low,0
DIA-02620,ASVspoof2021-PA,audio,Replay,0,1,1,0,1,0,Create Privileged Account,23.02,11.57,35.9,95,0,30.07,Low,0
DIA-02621,ASVspoof2021-LA,audio,Audio Manipulation,0,1,0,0,1,0,Read Information,13.47,51.98,34.87,20,27.57,27.33,Low,0
DIA-02622,ASVspoof2021-PA,audio,TTS,0,1,1,1,1,1,Access Internal Portal,26.51,17.82,100,35,18.49,39.57,Low,0
DIA-02623,DFDC,video,Face Reenactment,0,1,0,1,1,1,Transfer Funds,30.92,55.59,100,100,24.88,57.59,Medium,0
DIA-02624,ASVspoof2021-PA,audio,Audio Manipulation,0,0,1,1,1,0,Download Sensitive Data,26.97,63.34,76.06,75,12.58,46.57,Low,0
DIA-02625,ASVspoof2021-DF,audio,TTS,0,1,0,1,1,0,Create Privileged Account,39.44,34.86,70.47,95,19.85,49.38,Low,0
DIA-02626,Celeb-DF++,video,Video Manipulation,0,1,0,0,0,0,Read Information,24.28,38.14,2.09,20,31.75,22.77,Low,0
DIA-02627,ASVspoof2021-DF,audio,Audio Manipulation,0,0,1,0,0,0,Read Information,9.53,60.3,0,20,17.66,18.44,Low,0
DIA-02628,Celeb-DF,video,Face Swap,1,1,1,0,1,0,Approve Payment,74.18,22.41,35.84,80,100,64.78,Medium,1
DIA-02629,Celeb-DF,video,Face Swap,0,1,1,0,0,0,Change MFA,0,14.39,13.69,70,20.02,19.4,Low,0
DIA-02630,Celeb-DF,video,Talking Face,0,1,1,0,0,1,Transfer Funds,18.75,5.83,42.61,100,10.67,32.16,Low,0
DIA-02631,DFDC,video,Face Swap,1,0,1,0,0,0,Change MFA,62.81,63.42,15.82,70,86.68,59.36,Medium,1
DIA-02632,Celeb-DF++,video,Talking Face,0,1,1,1,0,1,Create Privileged Account,35.24,8.04,84.2,95,35.95,50.06,Medium,0
DIA-02633,ASVspoof2021-PA,audio,TTS,0,0,0,0,0,0,Download Sensitive Data,37.48,100,9.4,75,23.35,44.04,Low,0
DIA-02634,ASVspoof2021-DF,audio,Replay,1,1,1,0,0,0,Approve Payment,68.39,18.66,0,80,89.91,53.3,Medium,1
DIA-02635,Celeb-DF++,video,Face Reenactment,1,1,0,1,0,0,Approve Payment,67.02,38.94,46.9,80,96.47,66.62,Medium,1
DIA-02636,Celeb-DF++,video,Talking Face,0,1,1,0,0,0,Read Information,10.32,12.08,16.44,20,0,11.2,Low,0
DIA-02637,Celeb-DF++,video,Video Manipulation,1,1,1,1,0,0,Create Privileged Account,80.19,13.09,59.78,95,93.36,70.9,Medium,1
DIA-02638,DFDC,video,Face Reenactment,1,1,1,0,0,0,Transfer Funds,63.86,29.25,8.67,100,95.09,59.3,Medium,1
DIA-02639,ASVspoof2021-LA,audio,Replay,0,0,1,1,0,1,Change MFA,22.46,68.13,91.07,70,10.71,47.81,Low,0
DIA-02640,DFDC,video,Talking Face,0,1,1,1,0,0,Reset Password,33.46,21.86,59.9,55,29.77,39.5,Low,0
DIA-02641,ASVspoof2021-DF,audio,Audio Manipulation,0,1,1,0,0,0,Download Sensitive Data,30.86,12.37,3.44,75,19.67,26.99,Low,0
DIA-02642,ASVspoof2021-LA,audio,TTS,1,0,1,0,1,0,Approve Payment,55.45,83.46,37.22,80,65.63,61.72,Medium,1
DIA-02643,ASVspoof2021-DF,audio,TTS,0,1,1,1,0,1,Change MFA,11.54,5.25,86.33,70,22,36.42,Low,0
DIA-02644,ASVspoof2021-LA,audio,Voice Conversion,0,1,0,0,1,0,Reset Password,16.92,46.46,42.53,55,16.15,32.03,Low,0
DIA-02645,Celeb-DF,video,Talking Face,1,1,1,0,1,0,Transfer Funds,53.46,8.92,29.15,100,79.7,54.15,Medium,1
DIA-02646,ASVspoof2021-PA,audio,Audio Manipulation,1,1,0,0,1,1,Create Privileged Account,56.95,57.71,72.21,95,87.05,71.84,Medium,1
DIA-02647,ASVspoof2021-DF,audio,Voice Conversion,0,0,1,0,0,0,Download Sensitive Data,6.55,75.58,8.19,75,5.1,27.21,Low,0
DIA-02648,ASVspoof2021-LA,audio,TTS,0,0,1,0,0,0,Change MFA,29.51,56.37,12.97,70,26.32,35.67,Low,0
DIA-02649,ASVspoof2021-DF,audio,Replay,0,1,1,1,0,0,Reset Password,30.15,7.55,58.55,55,11.33,32.4,Low,0
DIA-02650,ASVspoof2021-LA,audio,Replay,1,0,0,0,0,0,Change MFA,93.03,100,20.34,70,100,77.48,High,1
DIA-02651,ASVspoof2021-PA,audio,Voice Conversion,0,1,1,0,0,0,Download Sensitive Data,10.94,20.26,18.61,75,24.99,26.29,Low,0
DIA-02652,Celeb-DF++,video,Face Swap,1,0,1,0,0,0,Read Information,80.63,74.67,3.07,20,100,59,Medium,1
DIA-02653,ASVspoof2021-LA,audio,Audio Manipulation,0,0,0,0,0,1,Approve Payment,28.43,96.25,41.69,80,23.29,47.96,Low,0
DIA-02654,ASVspoof2021-LA,audio,Audio Manipulation,0,1,0,0,0,0,Download Sensitive Data,11.88,37.45,17.04,75,11.16,26.07,Low,0
DIA-02655,Celeb-DF++,video,Talking Face,0,1,0,0,0,0,Access Internal Portal,16.39,48.69,14.23,35,9.61,22.24,Low,0
DIA-02656,ASVspoof2021-PA,audio,Replay,0,0,0,0,0,0,Reset Password,11.83,88.09,8.16,55,7.93,28.23,Low,0
DIA-02657,Celeb-DF,video,Face Reenactment,0,1,1,0,0,0,Reset Password,20.85,15.43,3.58,55,15.66,20.67,Low,0
DIA-02658,ASVspoof2021-DF,audio,Voice Conversion,1,1,0,0,0,0,Transfer Funds,76.85,35.04,0,100,80.04,59.32,Medium,1
DIA-02659,DFDC,video,Face Swap,0,1,1,0,0,0,Transfer Funds,13.95,9.4,0,100,18.41,24.28,Low,0
DIA-02660,DFDC,video,Face Swap,1,1,0,1,1,1,Create Privileged Account,85.33,36.33,100,95,81.08,81.51,High,1
DIA-02661,ASVspoof2021-LA,audio,Voice Conversion,0,1,1,1,0,0,Approve Payment,36.98,9.12,47.97,80,15.65,37.19,Low,0
DIA-02662,Celeb-DF,video,Face Reenactment,1,1,1,1,1,1,Transfer Funds,92.43,19.4,100,100,86.68,82.98,High,1
DIA-02663,Celeb-DF,video,Face Swap,0,0,1,1,0,0,Approve Payment,10.1,58.19,54.21,80,7.54,36.11,Low,0
DIA-02664,Celeb-DF,video,Video Manipulation,1,1,0,0,0,0,Change MFA,65.46,43.45,25.81,70,80.29,57.88,Medium,1
DIA-02665,Celeb-DF++,video,Face Reenactment,0,1,1,1,0,0,Reset Password,30.8,9.93,44.61,55,24.96,32.89,Low,0
DIA-02666,ASVspoof2021-LA,audio,Replay,1,1,0,0,0,0,Approve Payment,54.05,40.24,0,80,72.56,48.76,Low,1
DIA-02667,ASVspoof2021-PA,audio,Voice Conversion,1,1,1,1,0,1,Change MFA,61.59,13.67,78.5,70,71.56,61.04,Medium,1
DIA-02668,DFDC,video,Face Reenactment,1,1,1,0,0,0,Change MFA,65.71,11.01,21.74,70,81.82,52.58,Medium,1
DIA-02669,ASVspoof2021-DF,audio,Audio Manipulation,1,1,1,0,0,0,Transfer Funds,61.46,24.7,10.09,100,72.11,53.58,Medium,1
DIA-02670,Celeb-DF++,video,Talking Face,0,1,1,0,0,0,Transfer Funds,16.1,12.03,17.09,100,28.06,30.66,Low,0
DIA-02671,ASVspoof2021-DF,audio,Audio Manipulation,1,1,1,0,0,0,Download Sensitive Data,60.82,20.63,6.06,75,75.92,48.99,Low,1
DIA-02672,Celeb-DF++,video,Face Reenactment,0,1,0,0,1,0,Reset Password,41.76,45.73,31.49,55,22.87,38.51,Low,0
DIA-02673,Celeb-DF,video,Face Reenactment,1,1,1,0,0,1,Change MFA,65.92,12.82,33,70,87.57,56.31,Medium,1
DIA-02674,Celeb-DF++,video,Face Reenactment,0,0,1,1,0,1,Reset Password,34.44,59.94,82.68,55,9.25,45.96,Low,0
DIA-02675,ASVspoof2021-DF,audio,Replay,0,1,1,0,0,1,Change MFA,28.7,7.94,45.08,70,11.57,31.63,Low,0
DIA-02676,Celeb-DF++,video,Face Reenactment,1,0,0,0,0,0,Reset Password,47.42,100,16.07,55,73.19,55.33,Medium,1
DIA-02677,Celeb-DF++,video,Face Reenactment,0,1,1,0,1,0,Change MFA,34.13,18.94,38.93,70,27.57,36.88,Low,0
DIA-02678,ASVspoof2021-LA,audio,TTS,1,1,0,0,0,0,Change MFA,72.88,41.11,23.91,70,100,63.31,Medium,1
DIA-02679,ASVspoof2021-LA,audio,Replay,0,1,1,0,0,0,Approve Payment,19.73,10.46,8.92,80,33.64,28,Low,0
DIA-02680,Celeb-DF,video,Talking Face,1,1,0,0,0,0,Transfer Funds,77.63,53.85,11.7,100,97.87,68.28,Medium,1
DIA-02681,ASVspoof2021-LA,audio,Replay,1,1,1,0,0,0,Download Sensitive Data,65.47,8.06,9.89,75,72.21,48.52,Low,1
DIA-02682,ASVspoof2021-LA,audio,Audio Manipulation,1,0,0,0,0,1,Access Internal Portal,80.7,96.12,40.13,35,79.29,67.76,Medium,1
DIA-02683,DFDC,video,Video Manipulation,0,0,0,0,0,0,Access Internal Portal,0,99.01,12.87,35,24.49,27.57,Low,0
DIA-02684,ASVspoof2021-DF,audio,Audio Manipulation,0,1,0,0,1,0,Approve Payment,26.99,29.55,33.07,80,32.48,37.64,Low,0
DIA-02685,Celeb-DF,video,Face Swap,0,0,1,1,0,1,Transfer Funds,30.02,63.93,96.64,100,26.67,58.26,Medium,0
DIA-02686,ASVspoof2021-DF,audio,Audio Manipulation,0,1,0,1,0,1,Reset Password,30.19,36.34,79.47,55,26.8,44.01,Low,0
DIA-02687,DFDC,video,Face Reenactment,1,1,1,0,0,0,Read Information,56.73,21.9,7.62,20,77.32,40.29,Low,1
DIA-02688,ASVspoof2021-DF,audio,Voice Conversion,0,0,1,0,0,0,Read Information,15.59,66.5,1.29,20,31.34,24.18,Low,0
DIA-02689,Celeb-DF,video,Face Reenactment,0,1,1,1,0,0,Reset Password,20.27,3.51,52.37,55,10.49,27.43,Low,0
DIA-02690,Celeb-DF++,video,Face Reenactment,0,1,1,0,1,0,Transfer Funds,5.47,2.74,25.71,100,0,22.19,Low,0
DIA-02691,ASVspoof2021-PA,audio,Audio Manipulation,1,1,1,0,0,0,Create Privileged Account,69.94,8.86,9.94,95,91.7,56.89,Medium,1
DIA-02692,Celeb-DF,video,Talking Face,0,1,1,0,0,0,Create Privileged Account,35.3,3.08,1.82,95,15.58,28.78,Low,0
DIA-02693,ASVspoof2021-LA,audio,Audio Manipulation,0,1,1,0,1,0,Reset Password,2.37,21.15,28.11,55,0.9,17.94,Low,0
DIA-02694,ASVspoof2021-PA,audio,Audio Manipulation,0,1,1,1,1,0,Transfer Funds,28.39,21.46,69.65,100,27,46.07,Low,0
DIA-02695,ASVspoof2021-LA,audio,Voice Conversion,0,1,1,1,0,0,Change MFA,18.38,15.06,55.11,70,0.14,29.32,Low,0
DIA-02696,DFDC,video,Talking Face,1,0,1,0,1,1,Change MFA,65.1,67.9,69.34,70,87.37,71.56,Medium,1
DIA-02697,ASVspoof2021-LA,audio,Replay,0,0,1,0,0,0,Transfer Funds,18.82,75.93,9.14,100,12.69,36.4,Low,0
DIA-02698,DFDC,video,Face Reenactment,1,1,1,1,1,0,Create Privileged Account,71.99,20.6,78.94,95,99.41,74.61,Medium,1
DIA-02699,Celeb-DF,video,Talking Face,1,1,1,0,0,1,Reset Password,73.03,7.11,40.38,55,89.37,57.18,Medium,1
DIA-02700,ASVspoof2021-LA,audio,Replay,1,1,0,0,0,0,Approve Payment,53.56,33.21,0,80,90.05,51.06,Medium,1
DIA-02701,ASVspoof2021-DF,audio,Audio Manipulation,1,1,1,0,1,0,Reset Password,77.99,20.65,27.31,55,76.74,55.55,Medium,1
DIA-02702,Celeb-DF++,video,Video Manipulation,1,1,1,1,0,0,Download Sensitive Data,71.89,17.16,48,75,69.73,58.94,Medium,1
DIA-02703,Celeb-DF,video,Talking Face,0,1,0,0,1,1,Access Internal Portal,29.53,44.87,69.66,35,16.12,38,Low,0
DIA-02704,ASVspoof2021-LA,audio,Audio Manipulation,0,0,0,0,0,1,Read Information,36.36,87.85,48.91,20,26.6,42.19,Low,0
DIA-02705,ASVspoof2021-DF,audio,TTS,1,1,1,0,0,0,Transfer Funds,44.87,8.99,8.98,100,78.86,47.38,Low,1
DIA-02706,Celeb-DF++,video,Video Manipulation,1,1,0,0,0,0,Read Information,72.94,43.71,17.12,20,95.59,53.98,Medium,1
DIA-02707,ASVspoof2021-PA,audio,Voice Conversion,1,1,0,0,0,0,Change MFA,64.19,34.54,12.53,70,87.97,55.04,Medium,1
DIA-02708,DFDC,video,Face Reenactment,0,0,1,1,0,0,Access Internal Portal,34.21,57.84,40.14,35,11.11,34.44,Low,0
DIA-02709,DFDC,video,Video Manipulation,0,1,1,1,0,0,Read Information,14.19,9.67,32.17,20,19.73,19.09,Low,0
DIA-02710,ASVspoof2021-DF,audio,Voice Conversion,0,0,1,0,0,0,Approve Payment,28.29,68.36,2.95,80,20.62,35.46,Low,0
DIA-02711,ASVspoof2021-PA,audio,Audio Manipulation,0,0,0,0,0,0,Reset Password,6.39,100,10.96,55,25.04,32.37,Low,0
DIA-02712,Celeb-DF,video,Face Reenactment,0,1,1,1,0,0,Create Privileged Account,27.42,8.29,52.6,95,10.52,36.34,Low,0
DIA-02713,Celeb-DF,video,Face Reenactment,0,1,1,0,0,0,Download Sensitive Data,21.13,14.51,9.26,75,11.31,23.88,Low,0
DIA-02714,DFDC,video,Face Reenactment,1,1,0,0,0,0,Approve Payment,64.29,56.34,10.84,80,86.64,59.23,Medium,1
DIA-02715,ASVspoof2021-LA,audio,Voice Conversion,1,1,0,0,1,0,Approve Payment,54.65,31.25,44.24,80,93.39,60.61,Medium,1
DIA-02716,DFDC,video,Video Manipulation,1,1,1,0,0,0,Access Internal Portal,61.94,20.28,10.1,35,80.69,45.03,Low,1
DIA-02717,Celeb-DF++,video,Face Swap,1,1,0,0,0,1,Change MFA,81.15,34.31,47.45,70,92.66,68.01,Medium,1
DIA-02718,ASVspoof2021-PA,audio,Replay,0,0,0,0,0,0,Create Privileged Account,34.37,98.21,21.18,95,20.91,47.71,Low,0
DIA-02719,DFDC,video,Video Manipulation,0,1,0,0,0,0,Access Internal Portal,39.5,58.68,0,35,21.49,30.2,Low,0
DIA-02720,ASVspoof2021-DF,audio,Voice Conversion,1,1,0,0,0,0,Read Information,71.79,46.33,21.97,20,95.32,54.94,Medium,1
DIA-02721,Celeb-DF++,video,Talking Face,1,1,1,0,0,0,Change MFA,68.77,16.21,0,70,85.18,50.6,Medium,1
DIA-02722,ASVspoof2021-LA,audio,Voice Conversion,1,1,0,0,1,0,Transfer Funds,70.94,32.39,29.22,100,80.75,63.13,Medium,1
DIA-02723,Celeb-DF,video,Face Swap,1,1,1,0,1,1,Reset Password,92.21,13.6,66.09,55,85.54,68.28,Medium,1
DIA-02724,Celeb-DF++,video,Talking Face,1,1,0,0,0,0,Change MFA,71.73,35.48,0,70,82.17,53.78,Medium,1
DIA-02725,DFDC,video,Video Manipulation,1,1,0,1,0,0,Access Internal Portal,71.96,28.4,48.85,35,78.76,56.62,Medium,1
DIA-02726,ASVspoof2021-LA,audio,Replay,1,1,0,1,0,1,Approve Payment,72.97,22.97,84.64,80,83.1,70.88,Medium,1
DIA-02727,ASVspoof2021-LA,audio,Voice Conversion,1,1,0,0,0,0,Reset Password,64.24,33.36,15.18,55,83.59,52.28,Medium,1
DIA-02728,DFDC,video,Face Swap,0,0,0,0,0,0,Access Internal Portal,22.25,94.75,14.95,35,20.14,33.16,Low,0
DIA-02729,Celeb-DF,video,Video Manipulation,0,1,1,1,0,1,Read Information,19.73,23.95,86.21,20,8.07,31.37,Low,0
DIA-02730,ASVspoof2021-PA,audio,Audio Manipulation,0,0,1,0,0,0,Reset Password,11.11,64.09,17.83,55,10.99,26.96,Low,0
DIA-02731,DFDC,video,Video Manipulation,1,1,1,1,1,0,Access Internal Portal,70.3,16.53,79.51,35,81.23,60.97,Medium,1
DIA-02732,Celeb-DF,video,Face Reenactment,1,0,0,0,0,1,Change MFA,66.03,81.39,42.73,70,76.64,66.39,Medium,1
DIA-02733,ASVspoof2021-DF,audio,Replay,0,1,1,0,0,0,Change MFA,24.56,8.6,10.83,70,12.93,23.91,Low,0
DIA-02734,Celeb-DF,video,Face Reenactment,0,1,1,0,0,0,Change MFA,25.41,0,5.55,70,26.46,24.52,Low,0
DIA-02735,Celeb-DF,video,Face Swap,1,1,1,0,1,0,Reset Password,68.89,32.87,26.42,55,96.5,58.43,Medium,1
DIA-02736,Celeb-DF++,video,Face Swap,0,0,1,1,0,0,Read Information,28.39,71.58,53,20,16.28,36.11,Low,0
DIA-02737,DFDC,video,Face Reenactment,1,1,1,0,1,0,Create Privileged Account,67.29,16.33,24.51,95,77.42,57.27,Medium,1
DIA-02738,Celeb-DF++,video,Talking Face,0,1,0,0,1,1,Download Sensitive Data,0,44.28,68.69,75,11.27,33.88,Low,0
DIA-02739,ASVspoof2021-DF,audio,TTS,0,0,0,0,0,1,Access Internal Portal,13.37,100,28.91,35,16.1,33.26,Low,0
DIA-02740,ASVspoof2021-DF,audio,Replay,0,1,1,1,0,0,Read Information,30.78,11.52,50.5,20,25.92,29.25,Low,0
DIA-02741,DFDC,video,Face Reenactment,0,1,0,1,0,1,Transfer Funds,18.77,32.15,79.91,100,13.13,44.06,Low,0
DIA-02742,ASVspoof2021-LA,audio,Audio Manipulation,0,0,1,0,0,0,Transfer Funds,27.41,86,13.98,100,13.97,41.71,Low,0
DIA-02743,DFDC,video,Face Reenactment,0,1,1,0,0,0,Access Internal Portal,28.03,5.15,8.44,35,41.07,24.33,Low,0
DIA-02744,ASVspoof2021-LA,audio,TTS,0,0,1,0,1,0,Change MFA,15.08,80.39,34.11,70,4.13,34.73,Low,0
DIA-02745,Celeb-DF,video,Face Reenactment,0,0,0,0,1,0,Download Sensitive Data,11.5,94.41,35.37,75,22.99,40.53,Low,0
DIA-02746,ASVspoof2021-LA,audio,Audio Manipulation,1,0,1,1,0,0,Change MFA,71.11,73.47,45.72,70,98.18,71.63,Medium,1
DIA-02747,DFDC,video,Face Reenactment,0,0,1,1,0,0,Create Privileged Account,22.52,58.51,46.03,95,15.34,42.06,Low,0
DIA-02748,DFDC,video,Talking Face,0,1,1,1,0,1,Download Sensitive Data,34.9,35.75,81.04,75,24.68,48.23,Low,0
DIA-02749,Celeb-DF++,video,Video Manipulation,0,1,1,0,0,0,Reset Password,0,11.94,9.12,55,0,11.86,Low,0
DIA-02750,DFDC,video,Face Reenactment,1,1,1,1,0,0,Create Privileged Account,62.93,9.39,46.1,95,82.96,60.35,Medium,1
DIA-02751,DFDC,video,Talking Face,1,0,1,1,1,0,Create Privileged Account,59.86,74.39,78.15,95,92.4,77.48,High,1
DIA-02752,ASVspoof2021-DF,audio,TTS,1,1,0,0,0,0,Read Information,38.3,34.84,0,20,77.66,35.25,Low,1
DIA-02753,ASVspoof2021-LA,audio,Voice Conversion,1,0,1,1,0,0,Create Privileged Account,65.56,73.4,39.51,95,83.73,69.58,Medium,1
DIA-02754,DFDC,video,Face Reenactment,0,1,1,0,0,0,Approve Payment,1.5,4.91,23.22,80,27.98,23.43,Low,0
DIA-02755,ASVspoof2021-PA,audio,Replay,1,1,1,0,0,0,Transfer Funds,61.74,16.16,6.96,100,89.81,55.3,Medium,1
DIA-02756,ASVspoof2021-LA,audio,Audio Manipulation,0,1,1,0,1,0,Transfer Funds,12.63,10.17,27.9,100,21.53,30.2,Low,0
DIA-02757,ASVspoof2021-LA,audio,Voice Conversion,1,0,0,0,1,0,Read Information,70.99,88.73,34.82,20,77.45,60.06,Medium,1
DIA-02758,ASVspoof2021-DF,audio,Voice Conversion,0,1,1,0,0,0,Change MFA,15.25,7.47,15.37,70,0,19.27,Low,0
DIA-02759,ASVspoof2021-DF,audio,Audio Manipulation,0,1,1,0,0,0,Read Information,0,22.09,14.49,20,15.36,12.28,Low,0
DIA-02760,Celeb-DF++,video,Face Reenactment,1,1,0,0,1,0,Read Information,69.81,37.2,29.76,20,84.5,52.38,Medium,1
DIA-02761,ASVspoof2021-DF,audio,Replay,1,1,0,0,0,0,Transfer Funds,92.62,38.53,6.41,100,97.02,69.25,Medium,1
DIA-02762,ASVspoof2021-PA,audio,Replay,1,0,1,0,0,1,Access Internal Portal,82.83,73.42,42.66,35,88.83,67.41,Medium,1
DIA-02763,DFDC,video,Face Swap,0,1,1,0,1,0,Read Information,25.47,24.12,37.18,20,18.77,25.45,Low,0
DIA-02764,Celeb-DF,video,Video Manipulation,0,1,0,1,0,0,Transfer Funds,20.85,32.61,50.32,100,17.49,39.71,Low,0
DIA-02765,DFDC,video,Face Reenactment,0,1,1,0,0,0,Change MFA,12.6,16.77,3.58,70,5.16,18.54,Low,0
DIA-02766,ASVspoof2021-PA,audio,Replay,0,1,0,1,0,1,Read Information,21.84,32.72,81.43,20,0.85,30.92,Low,0
DIA-02767,Celeb-DF++,video,Face Reenactment,0,1,1,1,0,0,Reset Password,25.65,13.33,48.14,55,10.44,29.66,Low,0
DIA-02768,ASVspoof2021-DF,audio,Audio Manipulation,0,1,0,0,1,0,Read Information,5.5,48.52,45.37,20,3.45,21.69,Low,0
DIA-02769,ASVspoof2021-LA,audio,Replay,1,1,1,0,0,0,Approve Payment,68.42,0,8.76,80,83.69,51.02,Medium,1
DIA-02770,ASVspoof2021-PA,audio,TTS,0,1,1,0,0,0,Transfer Funds,10.7,7.62,33.16,100,0,25.98,Low,0
DIA-02771,DFDC,video,Face Swap,1,1,0,1,0,0,Change MFA,52.14,38.15,48.12,70,75.75,56.64,Medium,1
DIA-02772,ASVspoof2021-LA,audio,Audio Manipulation,1,0,1,0,1,1,Create Privileged Account,63.54,73.04,58.22,95,100,75.91,High,1
DIA-02773,ASVspoof2021-PA,audio,Replay,1,1,1,1,0,0,Reset Password,84.76,24.76,52.46,55,87.52,65.39,Medium,1
DIA-02774,DFDC,video,Face Reenactment,0,1,1,0,0,0,Change MFA,19.52,1.42,17.33,70,17.31,23.5,Low,0
DIA-02775,ASVspoof2021-LA,audio,TTS,0,1,0,0,0,0,Access Internal Portal,0,51.32,13.33,35,12.14,18.04,Low,0
DIA-02776,Celeb-DF,video,Face Swap,0,0,1,0,0,0,Read Information,10.59,74.17,11.38,20,16.56,22.89,Low,0
DIA-02777,ASVspoof2021-DF,audio,Audio Manipulation,1,1,1,1,0,0,Access Internal Portal,80.94,13.07,47.34,35,82.5,57.46,Medium,1
DIA-02778,Celeb-DF++,video,Video Manipulation,0,0,1,1,0,0,Download Sensitive Data,19.72,58.25,48,75,15.44,38.59,Low,0
DIA-02779,Celeb-DF,video,Face Reenactment,0,0,1,1,0,0,Read Information,28.76,65.42,33.71,20,14.31,31.04,Low,0
DIA-02780,DFDC,video,Face Swap,1,0,0,0,0,0,Create Privileged Account,61.65,100,16.01,95,68.98,64.74,Medium,1
DIA-02781,DFDC,video,Face Reenactment,1,0,1,0,0,0,Transfer Funds,68.02,70.21,7.35,100,94.56,66.32,Medium,1
DIA-02782,DFDC,video,Face Swap,1,1,1,1,0,0,Reset Password,71.39,13.55,58.02,55,76.91,58.69,Medium,1
DIA-02783,ASVspoof2021-DF,audio,Replay,0,0,1,0,1,0,Reset Password,10.9,62.23,31.27,55,29.13,32.93,Low,0
DIA-02784,Celeb-DF,video,Talking Face,1,0,1,0,0,0,Access Internal Portal,72.29,75.88,9.63,35,78.19,55.88,Medium,1
DIA-02785,DFDC,video,Video Manipulation,0,1,1,0,0,0,Change MFA,34.85,13.8,18.74,70,8.48,28.47,Low,0
DIA-02786,ASVspoof2021-DF,audio,Voice Conversion,0,1,1,0,0,0,Transfer Funds,22.23,13.11,19.35,100,34.98,34.5,Low,0
DIA-02787,ASVspoof2021-DF,audio,TTS,1,0,0,0,0,0,Change MFA,67.14,94.24,15.89,70,70.47,62.05,Medium,1
DIA-02788,Celeb-DF++,video,Face Swap,1,1,0,1,0,1,Create Privileged Account,66.73,34.84,71.9,95,63.3,66.54,Medium,1
DIA-02789,ASVspoof2021-PA,audio,Voice Conversion,0,0,0,0,0,0,Reset Password,28.32,88.48,1.06,55,6.06,31.44,Low,0
DIA-02790,Celeb-DF,video,Talking Face,0,1,1,1,0,0,Change MFA,17.38,2.84,54.91,70,15.1,30.14,Low,0
DIA-02791,ASVspoof2021-LA,audio,TTS,0,0,0,0,0,0,Change MFA,24.17,90.04,5.11,70,6,33.48,Low,0
DIA-02792,DFDC,video,Video Manipulation,1,1,1,1,0,1,Transfer Funds,84.38,0.6,85.52,100,83.03,74.11,Medium,1
DIA-02793,ASVspoof2021-DF,audio,Voice Conversion,1,0,1,0,0,1,Change MFA,81.86,73.89,46.45,70,69.16,69.26,Medium,1
DIA-02794,ASVspoof2021-PA,audio,Audio Manipulation,0,1,1,0,0,0,Download Sensitive Data,29.07,9.66,11.79,75,29.05,29.59,Low,0
DIA-02795,ASVspoof2021-LA,audio,Voice Conversion,0,0,1,1,1,1,Create Privileged Account,38.67,66.86,100,95,25.45,60.97,Medium,0
DIA-02796,ASVspoof2021-DF,audio,TTS,1,1,1,0,0,0,Transfer Funds,52.18,14.7,17.16,100,68.65,50.02,Medium,1
DIA-02797,ASVspoof2021-DF,audio,TTS,1,1,1,0,0,1,Transfer Funds,61.55,8.58,41.33,100,61.55,55.33,Medium,1
DIA-02798,Celeb-DF,video,Talking Face,0,1,0,0,0,0,Read Information,2.9,30.6,14.13,20,4.59,12.2,Low,0
DIA-02799,ASVspoof2021-DF,audio,Replay,1,1,0,0,1,1,Read Information,55.16,41.77,68.55,20,86.64,56.85,Medium,1
DIA-02800,ASVspoof2021-LA,audio,Audio Manipulation,1,0,1,0,0,1,Change MFA,87.78,85.11,58.45,70,98.64,81.02,High,1
DIA-02801,ASVspoof2021-PA,audio,Audio Manipulation,0,1,0,0,1,1,Reset Password,12.15,47.28,80.14,55,12.92,37.6,Low,0
DIA-02802,Celeb-DF++,video,Face Swap,1,1,1,0,0,0,Approve Payment,53.61,25.24,24.92,80,75.89,52.03,Medium,1
DIA-02803,DFDC,video,Face Reenactment,1,0,1,0,0,0,Change MFA,65.39,59.61,21.57,70,78.14,59,Medium,1
DIA-02804,ASVspoof2021-DF,audio,TTS,1,1,0,0,0,0,Change MFA,57.79,38.47,9.06,70,84.19,52.26,Medium,1
DIA-02805,DFDC,video,Face Swap,1,1,1,0,0,0,Read Information,90.88,13.42,6.26,20,97.65,53.06,Medium,1
DIA-02806,Celeb-DF,video,Face Swap,1,1,1,1,0,0,Reset Password,67.99,26.43,42.05,55,82.71,57.56,Medium,1
DIA-02807,Celeb-DF,video,Face Swap,1,1,1,1,1,0,Download Sensitive Data,75.9,22.33,76.86,75,82.61,69.26,Medium,1
DIA-02808,ASVspoof2021-DF,audio,Replay,0,0,1,0,1,0,Approve Payment,9.41,68.69,35.17,80,21.38,36.44,Low,0
DIA-02809,DFDC,video,Face Swap,1,1,0,0,0,0,Access Internal Portal,47.72,21.69,9.7,35,92.38,43.24,Low,1
DIA-02810,DFDC,video,Face Swap,0,1,1,1,0,1,Download Sensitive Data,19.98,5.73,79.2,75,14.42,36.83,Low,0
DIA-02811,DFDC,video,Face Swap,0,1,1,1,0,0,Download Sensitive Data,15.1,20.06,52.53,75,16.54,32.6,Low,0
DIA-02812,ASVspoof2021-LA,audio,Replay,0,0,1,0,0,0,Reset Password,10.03,67.43,7.33,55,7.74,24.39,Low,0
DIA-02813,ASVspoof2021-DF,audio,Replay,1,1,1,0,0,0,Transfer Funds,48.4,14.12,6.62,100,79.82,48.93,Low,1
DIA-02814,DFDC,video,Video Manipulation,1,0,1,0,0,0,Change MFA,67.5,74.91,11.15,70,75.54,59.32,Medium,1
DIA-02815,DFDC,video,Face Swap,1,1,0,0,0,0,Reset Password,62.3,49.05,9.45,55,95.37,55.26,Medium,1
DIA-02816,ASVspoof2021-DF,audio,TTS,1,1,1,0,1,0,Approve Payment,49.04,8.77,25.02,80,87.23,50.48,Medium,1
DIA-02817,Celeb-DF,video,Face Reenactment,0,0,0,0,0,0,Access Internal Portal,19.17,99.73,4.49,35,32.43,33.34,Low,0
DIA-02818,ASVspoof2021-DF,audio,Replay,1,1,1,0,0,0,Approve Payment,74.38,27.89,13.73,80,80.56,57.36,Medium,1
DIA-02819,Celeb-DF++,video,Face Swap,1,1,1,1,1,1,Approve Payment,89.18,26.42,100,80,100,82.72,High,1
DIA-02820,ASVspoof2021-PA,audio,TTS,0,1,1,0,0,0,Change MFA,0,10.75,0,70,14.2,14.95,Low,0
DIA-02821,Celeb-DF,video,Face Reenactment,1,0,1,1,0,0,Access Internal Portal,62.96,72.36,54.89,35,81.54,62.28,Medium,1
DIA-02822,ASVspoof2021-DF,audio,TTS,1,1,0,1,1,1,Reset Password,60.92,46.01,100,55,93.55,72.14,Medium,1
DIA-02823,DFDC,video,Face Reenactment,0,1,0,0,0,1,Access Internal Portal,15.82,40.16,37.57,35,6.77,24.89,Low,0
DIA-02824,ASVspoof2021-PA,audio,Audio Manipulation,1,1,1,0,0,0,Read Information,81.27,13.01,5.32,20,87.62,47.92,Low,1
DIA-02825,ASVspoof2021-PA,audio,Replay,0,0,0,1,0,0,Transfer Funds,15,81.16,51.16,100,14.34,44.77,Low,0
DIA-02826,ASVspoof2021-DF,audio,Voice Conversion,0,1,0,0,0,0,Create Privileged Account,12.77,33.08,0,95,18.95,26.83,Low,0
DIA-02827,Celeb-DF++,video,Face Reenactment,0,1,1,0,0,0,Download Sensitive Data,8.88,9.44,12.94,75,10.23,19.96,Low,0
DIA-02828,DFDC,video,Video Manipulation,0,1,1,0,0,0,Create Privileged Account,35.89,4.91,16.91,95,16.12,32.36,Low,0
DIA-02829,ASVspoof2021-LA,audio,Replay,0,1,0,0,0,0,Approve Payment,0,40.88,16.23,80,8.57,23.09,Low,0
DIA-02830,ASVspoof2021-DF,audio,Replay,1,1,0,0,1,0,Download Sensitive Data,59.88,46.93,43.08,75,79.36,60.74,Medium,1
DIA-02831,DFDC,video,Video Manipulation,0,0,1,1,0,0,Approve Payment,13.48,66.65,44.54,80,16.08,38.17,Low,0
DIA-02832,Celeb-DF++,video,Face Swap,1,1,1,0,0,1,Download Sensitive Data,52.07,0,52.24,75,91.61,55.64,Medium,1
DIA-02833,Celeb-DF++,video,Face Swap,1,1,1,1,0,0,Download Sensitive Data,83.12,14.05,51.91,75,68.37,62.35,Medium,1
DIA-02834,ASVspoof2021-LA,audio,Voice Conversion,0,1,1,0,0,1,Access Internal Portal,3.17,17.19,39.15,35,19.69,20.55,Low,0
DIA-02835,ASVspoof2021-DF,audio,Voice Conversion,0,1,1,1,0,0,Download Sensitive Data,17.95,16.65,53.27,75,12.24,32.23,Low,0
DIA-02836,ASVspoof2021-DF,audio,TTS,1,1,1,1,1,1,Change MFA,75.13,9.23,100,70,84.17,71.26,Medium,1
DIA-02837,ASVspoof2021-DF,audio,TTS,1,1,1,0,1,1,Access Internal Portal,62.74,5.36,80.78,35,72.9,55.61,Medium,1
DIA-02838,Celeb-DF,video,Video Manipulation,1,1,1,1,1,0,Change MFA,51.92,22.09,83.38,70,80.4,62.15,Medium,1
DIA-02839,Celeb-DF,video,Talking Face,0,0,1,1,1,0,Create Privileged Account,21.15,72.81,70.17,95,13.76,48.3,Low,0
DIA-02840,DFDC,video,Talking Face,1,1,1,0,0,0,Change MFA,57.62,9.55,12.38,70,79.38,47.57,Low,1
DIA-02841,ASVspoof2021-LA,audio,TTS,1,1,1,1,1,0,Change MFA,79.9,2.99,77.31,70,92.22,68.82,Medium,1
DIA-02842,Celeb-DF++,video,Face Reenactment,1,0,0,0,0,0,Access Internal Portal,71.68,96.78,11.76,35,90.64,61.75,Medium,1
DIA-02843,Celeb-DF++,video,Talking Face,0,1,0,0,0,0,Create Privileged Account,39.39,32.82,7.87,95,34.63,39.49,Low,0
DIA-02844,Celeb-DF,video,Talking Face,1,1,1,0,0,1,Read Information,72.21,18.06,57.28,20,79.72,54.77,Medium,1
DIA-02845,DFDC,video,Talking Face,0,1,0,0,1,0,Create Privileged Account,24.48,41.26,30.64,95,24.26,38.76,Low,0
DIA-02846,ASVspoof2021-DF,audio,Replay,1,0,0,0,0,0,Transfer Funds,62.05,100,21.66,100,88.21,70.59,Medium,1
DIA-02847,DFDC,video,Face Reenactment,1,1,1,0,1,1,Access Internal Portal,89.83,14.38,60.03,35,90.25,64.41,Medium,1
DIA-02848,DFDC,video,Video Manipulation,1,1,0,1,1,1,Download Sensitive Data,76.11,56.01,100,75,100,82.48,High,1
DIA-02849,ASVspoof2021-LA,audio,Voice Conversion,0,1,1,0,0,0,Download Sensitive Data,16.87,15.66,15.35,75,10.47,23.82,Low,0
DIA-02850,Celeb-DF,video,Face Swap,1,1,1,1,0,0,Create Privileged Account,76.95,9.66,42.63,95,87.59,64.83,Medium,1
DIA-02851,Celeb-DF,video,Video Manipulation,0,1,0,0,0,0,Reset Password,10.91,31.56,4.86,55,17.47,20.72,Low,0
DIA-02852,Celeb-DF++,video,Face Swap,0,1,1,0,0,0,Approve Payment,12.5,7.98,13.74,80,4.35,20.56,Low,0
DIA-02853,ASVspoof2021-LA,audio,Voice Conversion,1,0,1,1,0,0,Read Information,76.94,73.43,37.9,20,97.62,64.2,Medium,1
DIA-02854,Celeb-DF,video,Face Swap,1,0,1,0,0,1,Create Privileged Account,79.05,71.03,52.73,95,85.8,76.33,High,1
DIA-02855,ASVspoof2021-LA,audio,TTS,0,1,1,0,0,0,Create Privileged Account,24.57,0.29,20.35,95,22.08,30.15,Low,0
DIA-02856,ASVspoof2021-PA,audio,Voice Conversion,1,1,1,1,0,0,Access Internal Portal,70.12,23.16,60.65,35,98.75,61.64,Medium,1
DIA-02857,ASVspoof2021-DF,audio,TTS,0,1,1,0,0,0,Access Internal Portal,20.97,26.82,12.28,35,19.18,21.86,Low,0
DIA-02858,Celeb-DF++,video,Face Reenactment,1,1,0,0,0,1,Read Information,81.56,25.21,42.01,20,87.75,57.2,Medium,1
DIA-02859,ASVspoof2021-LA,audio,Audio Manipulation,1,1,1,0,0,0,Create Privileged Account,53.97,23.1,7.46,95,81.09,51.62,Medium,1
DIA-02860,Celeb-DF++,video,Face Swap,1,1,0,0,1,0,Download Sensitive Data,66.02,53.46,37.01,75,74.46,61.37,Medium,1
DIA-02861,Celeb-DF++,video,Video Manipulation,1,0,1,0,0,0,Reset Password,33.97,55.63,10.91,55,72.07,43.38,Low,1
DIA-02862,Celeb-DF++,video,Face Reenactment,1,1,1,0,0,0,Download Sensitive Data,74.14,11.26,7.34,75,84.17,53.48,Medium,1
DIA-02863,Celeb-DF,video,Talking Face,0,1,0,0,0,0,Download Sensitive Data,9.39,33.2,21.09,75,15.23,26.31,Low,0
DIA-02864,DFDC,video,Face Reenactment,1,0,1,0,0,0,Read Information,57.68,77.79,8.28,20,93.83,52.39,Medium,1
DIA-02865,Celeb-DF++,video,Face Reenactment,0,1,1,0,0,0,Change MFA,16.66,11.68,20.06,70,24.53,26.17,Low,0
DIA-02866,DFDC,video,Face Swap,0,0,0,0,0,0,Download Sensitive Data,24.81,91.36,10.7,75,12.91,37.12,Low,0
DIA-02867,Celeb-DF++,video,Talking Face,1,0,1,1,0,0,Download Sensitive Data,97.31,73.37,50.27,75,91.12,79.73,High,1
DIA-02868,ASVspoof2021-DF,audio,Audio Manipulation,0,1,1,1,0,0,Access Internal Portal,5.92,27.48,53.63,35,26.09,27.09,Low,0
DIA-02869,ASVspoof2021-PA,audio,Replay,0,1,0,0,1,0,Transfer Funds,8.66,39.51,38.54,100,0,31.23,Low,0
DIA-02870,DFDC,video,Talking Face,1,1,1,1,0,1,Read Information,78.52,11.23,83.99,20,84.58,61.95,Medium,1
DIA-02871,ASVspoof2021-DF,audio,Replay,0,0,1,1,0,0,Create Privileged Account,15.01,67.73,53.95,95,4,40.5,Low,0
DIA-02872,Celeb-DF++,video,Face Reenactment,0,1,1,0,0,0,Transfer Funds,27.2,20.27,14.81,100,40.79,37.32,Low,0
DIA-02873,DFDC,video,Face Swap,0,0,1,0,0,0,Create Privileged Account,16.15,59.35,21.57,95,22.99,36.91,Low,0
DIA-02874,Celeb-DF,video,Talking Face,0,1,1,0,1,0,Download Sensitive Data,27.74,14.87,35.5,75,14.47,31.8,Low,0
DIA-02875,DFDC,video,Video Manipulation,1,0,1,0,0,0,Access Internal Portal,63.27,62.5,4.53,35,82.49,51.01,Medium,1
DIA-02876,DFDC,video,Face Reenactment,1,1,1,0,0,0,Reset Password,71.99,5.38,5.26,55,77.6,47.23,Low,1
DIA-02877,Celeb-DF,video,Video Manipulation,1,0,0,0,0,1,Download Sensitive Data,60.47,79.44,61.58,75,100,73.62,Medium,1
DIA-02878,Celeb-DF++,video,Video Manipulation,0,1,0,1,1,0,Read Information,44.31,35.88,61.84,20,2.44,34.53,Low,0
DIA-02879,Celeb-DF++,video,Face Swap,1,1,1,0,0,0,Approve Payment,47.3,23.63,1.67,80,81.77,46.42,Low,1
DIA-02880,DFDC,video,Talking Face,0,0,1,0,1,0,Transfer Funds,10.21,54.13,35.18,100,13.91,36,Low,0
DIA-02881,DFDC,video,Talking Face,1,1,1,1,0,0,Approve Payment,55.38,19.34,45.69,80,71.59,54.97,Medium,1
DIA-02882,DFDC,video,Face Reenactment,1,1,0,0,1,0,Transfer Funds,74.8,34.81,40.73,100,83.44,67.5,Medium,1
DIA-02883,ASVspoof2021-DF,audio,Replay,0,0,1,0,1,1,Change MFA,28.94,61.49,75.12,70,4.65,44.36,Low,0
DIA-02884,Celeb-DF,video,Video Manipulation,1,0,0,0,1,1,Reset Password,57.6,97.75,66.26,55,95.53,72.55,Medium,1
DIA-02885,ASVspoof2021-DF,audio,Replay,1,1,1,0,1,1,Read Information,81.97,25.48,80.53,20,87.72,65.06,Medium,1
DIA-02886,DFDC,video,Video Manipulation,0,1,0,0,1,0,Change MFA,10.32,51.98,27.28,70,22.81,31.41,Low,0
DIA-02887,DFDC,video,Video Manipulation,1,1,0,0,1,0,Read Information,70.26,42.27,29.84,20,80.2,52.43,Medium,1
DIA-02888,ASVspoof2021-PA,audio,Audio Manipulation,1,1,1,1,0,0,Approve Payment,77.84,14.44,61.01,80,98.56,69.43,Medium,1
DIA-02889,DFDC,video,Video Manipulation,0,1,1,0,0,0,Create Privileged Account,15.31,18.13,0.86,95,16.14,24.96,Low,0
DIA-02890,DFDC,video,Face Swap,0,1,1,1,0,0,Read Information,33.01,34.82,52.43,20,29.91,34.59,Low,0
DIA-02891,DFDC,video,Face Swap,1,1,1,0,0,0,Download Sensitive Data,64.41,12.66,20.98,75,88.21,54.31,Medium,1
DIA-02892,ASVspoof2021-PA,audio,TTS,1,1,0,0,0,0,Download Sensitive Data,69.73,49.08,0,75,84.13,56.36,Medium,1
DIA-02893,ASVspoof2021-DF,audio,TTS,1,0,1,0,0,1,Reset Password,67.98,65.26,42.64,55,92.99,65.56,Medium,1
DIA-02894,ASVspoof2021-DF,audio,Replay,1,1,1,0,1,1,Access Internal Portal,50.45,8.35,76.63,35,100,56.96,Medium,1
DIA-02895,ASVspoof2021-PA,audio,Replay,1,1,0,0,0,1,Approve Payment,69.64,54.15,43.11,80,74.23,64.48,Medium,1
DIA-02896,DFDC,video,Face Reenactment,0,0,0,0,0,0,Access Internal Portal,8.39,95.02,10.42,35,13.01,26.71,Low,0
DIA-02897,ASVspoof2021-PA,audio,TTS,0,0,1,0,0,1,Read Information,38.31,71.8,46.32,20,9.94,36.52,Low,0
DIA-02898,DFDC,video,Talking Face,0,1,0,0,0,0,Download Sensitive Data,2.99,44.38,12.19,75,16.48,24.54,Low,0
DIA-02899,ASVspoof2021-DF,audio,Voice Conversion,1,0,1,0,0,0,Read Information,79.48,62.86,4.36,20,88.9,54.92,Medium,1
DIA-02900,Celeb-DF++,video,Video Manipulation,1,1,1,0,0,0,Reset Password,64.03,11.49,15.36,55,100,52.25,Medium,1
DIA-02901,Celeb-DF,video,Face Swap,1,1,1,0,0,0,Read Information,70.47,9.86,11.79,20,82.31,44.44,Low,1
DIA-02902,ASVspoof2021-PA,audio,Voice Conversion,0,1,1,1,1,0,Download Sensitive Data,7.82,17.66,66.98,75,22.52,34.15,Low,0
DIA-02903,DFDC,video,Face Swap,1,1,1,0,0,1,Access Internal Portal,67.6,17.93,41.74,35,65.18,49.6,Low,1
DIA-02904,ASVspoof2021-PA,audio,Voice Conversion,1,1,1,0,0,0,Reset Password,58.69,10.2,0.11,55,83.04,44.02,Low,1
DIA-02905,Celeb-DF,video,Video Manipulation,0,1,1,0,0,1,Change MFA,46.14,31.22,46.5,70,15.71,41.47,Low,0
DIA-02906,ASVspoof2021-DF,audio,Voice Conversion,0,0,0,0,0,0,Change MFA,10.42,94.78,13.43,70,19.93,34.52,Low,0
DIA-02907,ASVspoof2021-PA,audio,Voice Conversion,1,1,1,1,0,0,Approve Payment,83.69,15.82,51.49,80,98.28,69.43,Medium,1
DIA-02908,DFDC,video,Face Reenactment,1,1,1,1,1,1,Transfer Funds,88.84,25.75,100,100,83.81,82.28,High,1
DIA-02909,ASVspoof2021-PA,audio,Voice Conversion,1,1,1,1,0,0,Download Sensitive Data,83.53,8,50.93,75,92.75,66.24,Medium,1
DIA-02910,ASVspoof2021-DF,audio,Replay,0,1,1,1,0,1,Change MFA,21.47,10.83,90.33,70,14.15,39.46,Low,0
DIA-02911,ASVspoof2021-DF,audio,Audio Manipulation,1,0,1,0,0,0,Download Sensitive Data,85.85,72.28,9.1,75,88.89,67.45,Medium,1
DIA-02912,DFDC,video,Talking Face,0,0,1,1,0,0,Download Sensitive Data,45.13,58.19,54.91,75,26.99,49.9,Low,0
DIA-02913,Celeb-DF++,video,Talking Face,0,0,1,1,0,0,Read Information,27.04,68.1,41,20,9.72,31.47,Low,0
DIA-02914,ASVspoof2021-DF,audio,Voice Conversion,1,0,0,1,0,0,Change MFA,65.88,100,40.22,70,74.48,68.2,Medium,1
DIA-02915,Celeb-DF++,video,Face Swap,0,1,1,1,0,0,Approve Payment,13.53,29.63,50.61,80,23.19,35.26,Low,0
DIA-02916,DFDC,video,Talking Face,1,1,1,0,0,0,Create Privileged Account,71.19,22.18,14.79,95,78.7,57.63,Medium,1
DIA-02917,Celeb-DF,video,Video Manipulation,0,1,0,0,0,0,Read Information,18.71,49.46,8.06,20,28.2,23.28,Low,0
DIA-02918,ASVspoof2021-LA,audio,Replay,0,0,0,0,0,0,Approve Payment,20.01,98.95,14.47,80,1.03,35.95,Low,0
DIA-02919,DFDC,video,Face Swap,0,1,1,0,0,1,Read Information,8.17,11.55,47.17,20,22.46,21.11,Low,0
DIA-02920,ASVspoof2021-DF,audio,Replay,1,1,0,0,0,1,Read Information,71.36,53.15,30.66,20,84.91,55.49,Medium,1
DIA-02921,ASVspoof2021-PA,audio,Audio Manipulation,0,1,1,0,0,0,Read Information,30.58,7.41,26.26,20,18.8,22.3,Low,0
DIA-02922,DFDC,video,Face Swap,0,1,1,0,1,0,Read Information,26.97,22.75,26.19,20,20.07,23.76,Low,0
DIA-02923,DFDC,video,Face Swap,0,1,0,0,0,0,Read Information,13.44,35.93,3.39,20,2.35,13.57,Low,0
DIA-02924,ASVspoof2021-DF,audio,Replay,0,1,1,0,0,0,Download Sensitive Data,16.8,11.41,18.05,75,26.3,26.87,Low,0
DIA-02925,DFDC,video,Face Reenactment,1,1,0,0,0,0,Transfer Funds,49.85,44.31,10.14,100,75.59,53.75,Medium,1
DIA-02926,ASVspoof2021-DF,audio,Replay,0,1,1,0,0,1,Create Privileged Account,15.68,31.27,39.63,95,8.41,33.25,Low,0
DIA-02927,ASVspoof2021-DF,audio,Replay,0,0,0,0,1,0,Approve Payment,14.26,100,31.71,80,35.05,44.63,Low,0
DIA-02928,ASVspoof2021-DF,audio,Voice Conversion,1,0,0,0,0,0,Read Information,72.97,97.71,3.84,20,82.1,56.74,Medium,1
DIA-02929,Celeb-DF,video,Face Swap,0,1,1,0,1,0,Transfer Funds,10.23,15.5,29.4,100,6.78,27.63,Low,0
DIA-02930,ASVspoof2021-DF,audio,Replay,1,0,1,0,0,1,Download Sensitive Data,59.6,76.25,50.53,75,89.22,68.52,Medium,1
DIA-02931,ASVspoof2021-DF,audio,Voice Conversion,0,0,1,0,0,0,Read Information,26.33,80.92,6.51,20,20.95,28.53,Low,0
DIA-02932,DFDC,video,Video Manipulation,1,1,0,0,0,0,Approve Payment,61.35,25.92,2.52,80,91.43,53.08,Medium,1
DIA-02933,ASVspoof2021-DF,audio,Voice Conversion,0,0,1,0,0,0,Approve Payment,8.77,68.98,4.68,80,14.94,28.9,Low,0
DIA-02934,ASVspoof2021-PA,audio,TTS,0,0,0,0,0,0,Change MFA,26.94,86.58,8.91,70,27.33,38.82,Low,0
DIA-02935,ASVspoof2021-DF,audio,Audio Manipulation,0,1,1,0,0,0,Approve Payment,23.05,13.25,4.76,80,36.23,29.1,Low,0
DIA-02936,Celeb-DF++,video,Talking Face,1,1,1,1,0,0,Approve Payment,68.72,4.94,47.84,80,77.36,58.4,Medium,1
DIA-02937,Celeb-DF,video,Talking Face,0,1,0,0,1,0,Download Sensitive Data,14.14,25.55,37.44,75,11.4,29.09,Low,0
DIA-02938,DFDC,video,Video Manipulation,1,1,0,0,0,0,Reset Password,70.17,29.45,6.63,55,70.12,49.07,Low,1
DIA-02939,Celeb-DF,video,Video Manipulation,1,0,1,0,0,1,Transfer Funds,76.93,65.57,38.98,100,89.65,73.64,Medium,1
DIA-02940,DFDC,video,Video Manipulation,0,1,1,0,1,0,Download Sensitive Data,20.3,19.69,30.12,75,18.2,29.96,Low,0
DIA-02941,ASVspoof2021-PA,audio,Audio Manipulation,0,1,0,0,0,1,Change MFA,24.33,33.49,54.74,70,29.45,39.66,Low,0
DIA-02942,DFDC,video,Face Reenactment,0,0,0,0,0,0,Create Privileged Account,11.33,88.07,25.22,95,14.57,38.82,Low,0
DIA-02943,ASVspoof2021-LA,audio,TTS,1,0,1,0,0,1,Access Internal Portal,64.99,73.17,45.32,35,82.49,61.28,Medium,1
DIA-02944,DFDC,video,Talking Face,1,1,1,0,0,0,Transfer Funds,64.11,17.29,15.07,100,84.79,56.8,Medium,1
DIA-02945,Celeb-DF,video,Video Manipulation,1,0,1,0,1,0,Approve Payment,55.43,83.62,28.42,80,78.75,62.61,Medium,1
DIA-02946,Celeb-DF++,video,Video Manipulation,0,1,1,0,1,0,Approve Payment,6.14,22.48,30.87,80,16.85,26.76,Low,0
DIA-02947,Celeb-DF,video,Talking Face,1,1,1,1,0,0,Reset Password,70.01,6.79,53.15,55,86.54,58.21,Medium,1
DIA-02948,ASVspoof2021-LA,audio,Replay,0,1,1,0,1,1,Reset Password,33.88,9.64,53.45,55,25.32,35.61,Low,0
DIA-02949,ASVspoof2021-PA,audio,Replay,0,0,0,0,0,0,Transfer Funds,0,100,15.41,100,9.95,35.07,Low,0
DIA-02950,ASVspoof2021-LA,audio,TTS,0,1,1,0,0,0,Approve Payment,13.69,7.91,6.05,80,20.37,22.58,Low,0
DIA-02951,DFDC,video,Face Swap,0,1,0,0,0,0,Read Information,21,37.41,2.45,20,22.8,19.96,Low,0
DIA-02952,ASVspoof2021-LA,audio,TTS,1,1,1,0,0,1,Create Privileged Account,82.8,1.32,47.72,95,84.76,65.78,Medium,1
DIA-02953,DFDC,video,Video Manipulation,1,0,1,0,0,0,Read Information,85.8,59.55,20.1,20,87.71,59.23,Medium,1
DIA-02954,ASVspoof2021-PA,audio,Audio Manipulation,0,1,1,0,0,1,Change MFA,20.16,25.08,42.81,70,15.46,31.96,Low,0
DIA-02955,Celeb-DF++,video,Face Reenactment,0,1,1,0,1,0,Change MFA,39.7,16.34,37.04,70,10.88,34.45,Low,0
DIA-02956,Celeb-DF,video,Face Reenactment,1,0,1,0,0,1,Reset Password,76.01,64.97,48.18,55,81.63,66.76,Medium,1
DIA-02957,DFDC,video,Face Reenactment,1,0,0,1,1,0,Change MFA,79.96,91.09,76.68,70,93.83,82.25,High,1
DIA-02958,DFDC,video,Face Swap,0,1,0,0,0,0,Access Internal Portal,6.28,53.72,3.02,35,21.19,20.03,Low,0
DIA-02959,Celeb-DF,video,Face Reenactment,0,1,0,0,0,0,Approve Payment,22.99,34.75,11.56,80,20.79,30.58,Low,0
DIA-02960,ASVspoof2021-PA,audio,Voice Conversion,1,1,0,1,0,1,Approve Payment,85.91,43.79,86.29,80,79.36,77.47,High,1
DIA-02961,ASVspoof2021-LA,audio,Replay,1,1,0,0,0,0,Create Privileged Account,58.42,46.97,0,95,90.41,56.9,Medium,1
DIA-02962,ASVspoof2021-PA,audio,Audio Manipulation,1,1,1,0,1,0,Change MFA,37.34,26.56,41,70,93,52.49,Medium,1
DIA-02963,DFDC,video,Face Swap,0,0,1,0,0,0,Download Sensitive Data,19.64,63.19,0,75,22.25,31.07,Low,0
DIA-02964,ASVspoof2021-DF,audio,Voice Conversion,1,1,1,1,0,0,Access Internal Portal,68.64,3.8,50.9,35,84.13,53.42,Medium,1
DIA-02965,Celeb-DF,video,Video Manipulation,0,0,1,0,0,0,Reset Password,32.79,61.17,20.62,55,12.42,33.87,Low,0
DIA-02966,ASVspoof2021-DF,audio,Audio Manipulation,1,1,1,0,0,0,Download Sensitive Data,60.08,20.85,8.29,75,81.89,50.44,Medium,1
DIA-02967,Celeb-DF,video,Video Manipulation,0,0,0,1,0,0,Change MFA,15.24,100,42.68,70,11.36,40.88,Low,0
DIA-02968,Celeb-DF,video,Talking Face,0,1,1,0,1,0,Transfer Funds,5.11,21.13,38.91,100,11.49,29.78,Low,0
DIA-02969,ASVspoof2021-DF,audio,TTS,0,1,0,0,0,0,Reset Password,11.07,34.72,19.81,55,26.37,26.02,Low,0
DIA-02970,DFDC,video,Video Manipulation,0,1,1,1,0,0,Read Information,52.34,24.5,42.24,20,33.03,37.43,Low,0
DIA-02971,Celeb-DF++,video,Talking Face,0,1,0,1,0,0,Create Privileged Account,5.55,36.25,33.48,95,10.3,30.11,Low,0
DIA-02972,ASVspoof2021-DF,audio,Audio Manipulation,1,1,0,0,1,0,Download Sensitive Data,51.31,33.35,43.28,75,80.62,56.43,Medium,1
DIA-02973,DFDC,video,Video Manipulation,1,1,1,0,0,0,Read Information,65.4,12.35,15.98,20,83.31,44.33,Low,1
DIA-02974,ASVspoof2021-PA,audio,Voice Conversion,1,0,0,0,0,0,Transfer Funds,87.72,90.35,12.69,100,85.03,74.41,Medium,1
DIA-02975,Celeb-DF++,video,Face Swap,0,1,0,1,1,0,Access Internal Portal,31.16,34.38,62.4,35,7.7,33.78,Low,0
DIA-02976,ASVspoof2021-LA,audio,Replay,0,1,0,0,0,0,Transfer Funds,35.08,49.77,14.18,100,28.22,41.47,Low,0
DIA-02977,ASVspoof2021-DF,audio,Voice Conversion,0,1,0,0,0,0,Reset Password,13.76,35.87,17.23,55,26.08,26.42,Low,0
DIA-02978,ASVspoof2021-DF,audio,TTS,0,0,1,0,0,0,Reset Password,2.71,57.3,25.09,55,7.21,24.12,Low,0
DIA-02979,ASVspoof2021-DF,audio,Voice Conversion,0,1,1,0,1,0,Access Internal Portal,13.06,19.69,33.03,35,9.39,20.61,Low,0
DIA-02980,ASVspoof2021-LA,audio,Audio Manipulation,1,1,1,0,0,0,Access Internal Portal,64.63,7.36,11.11,35,91.33,46.23,Low,1
DIA-02981,ASVspoof2021-DF,audio,Voice Conversion,1,1,1,0,0,1,Create Privileged Account,71.12,7.62,29.93,95,78.79,58.47,Medium,1
DIA-02982,Celeb-DF,video,Face Reenactment,0,1,1,0,0,1,Change MFA,20.65,20.61,51.78,70,4.68,31.08,Low,0
DIA-02983,DFDC,video,Talking Face,1,1,1,0,0,0,Download Sensitive Data,72.5,9.2,16.61,75,81.13,53.93,Medium,1
DIA-02984,ASVspoof2021-DF,audio,Replay,1,1,1,0,0,0,Reset Password,58.17,11.38,12.83,55,93.75,48.72,Low,1
DIA-02985,DFDC,video,Face Reenactment,0,1,0,0,0,0,Change MFA,7.8,40.34,18.31,70,9.24,24.4,Low,0
DIA-02986,Celeb-DF,video,Video Manipulation,1,0,0,0,0,0,Change MFA,52.75,92.71,4.53,70,74.35,56.01,Medium,1
DIA-02987,DFDC,video,Talking Face,0,1,0,0,0,0,Reset Password,20.26,36.57,8.47,55,12.83,24.07,Low,0
DIA-02988,ASVspoof2021-DF,audio,TTS,0,1,1,0,1,1,Download Sensitive Data,24.16,0,68.75,75,7.68,33.78,Low,0
DIA-02989,DFDC,video,Face Reenactment,1,1,1,0,0,0,Change MFA,78.01,13.62,17.69,70,74.64,54.41,Medium,1
DIA-02990,ASVspoof2021-DF,audio,Audio Manipulation,1,0,1,0,0,0,Create Privileged Account,83.02,82.91,17.85,95,85.39,72.24,Medium,1
DIA-02991,ASVspoof2021-LA,audio,TTS,0,0,1,0,0,0,Create Privileged Account,4.72,75.04,12.22,95,0.55,29.48,Low,0
DIA-02992,ASVspoof2021-LA,audio,TTS,0,1,1,0,0,0,Approve Payment,18.26,12,11.86,80,12.98,24.25,Low,0
DIA-02993,Celeb-DF,video,Talking Face,1,0,1,1,1,0,Read Information,68.74,73.76,78.86,20,86.56,67.77,Medium,1
DIA-02994,ASVspoof2021-DF,audio,Voice Conversion,0,1,0,0,1,1,Transfer Funds,6.1,45.02,67.64,100,16.92,40.5,Low,0
DIA-02995,ASVspoof2021-DF,audio,Voice Conversion,1,1,1,0,0,0,Approve Payment,60.19,8.26,19.53,80,80.78,51.36,Medium,1
DIA-02996,Celeb-DF++,video,Face Reenactment,1,1,0,0,0,0,Approve Payment,83.23,50.06,6.84,80,77.02,61.25,Medium,1
DIA-02997,ASVspoof2021-DF,audio,TTS,0,0,0,0,0,0,Approve Payment,11.04,96.3,13.01,80,11.06,34.57,Low,0
DIA-02998,DFDC,video,Face Reenactment,1,1,0,1,1,1,Download Sensitive Data,67.21,37.5,100,75,86.91,74.42,Medium,1
DIA-02999,ASVspoof2021-PA,audio,TTS,1,1,1,0,0,0,Download Sensitive Data,65.43,27.72,16.63,75,88.94,56.15,Medium,1
DIA-03000,DFDC,video,Talking Face,1,1,1,1,0,0,Read Information,81.03,0,49.3,20,84.8,54.13,Medium,1
DIA-03001,ASVspoof2021-LA,audio,Replay,0,1,0,1,0,1,Transfer Funds,24.65,30.59,99.47,100,11.83,49.24,Low,0
DIA-03002,ASVspoof2021-DF,audio,Audio Manipulation,0,0,1,1,0,1,Create Privileged Account,29.4,75.13,84.11,95,20.1,55.18,Medium,0
DIA-03003,Celeb-DF,video,Face Swap,0,1,1,0,0,0,Transfer Funds,0,20.39,16.56,100,8.82,23.13,Low,0
DIA-03004,ASVspoof2021-LA,audio,Voice Conversion,1,0,0,1,0,1,Approve Payment,82.3,100,80.59,80,78.41,83.49,High,1
DIA-03005,DFDC,video,Face Reenactment,1,1,0,0,0,0,Reset Password,68.43,21.95,7.85,55,86.87,51.02,Medium,1
DIA-03006,ASVspoof2021-LA,audio,Replay,1,0,0,0,0,0,Reset Password,75.73,100,9.71,55,86.1,65.13,Medium,1
DIA-03007,ASVspoof2021-DF,audio,Replay,1,0,1,0,0,0,Create Privileged Account,45.46,60.04,12.46,95,68.4,53.07,Medium,1
DIA-03008,DFDC,video,Video Manipulation,0,1,1,1,0,0,Access Internal Portal,19.67,18.35,44.77,35,11.24,25.11,Low,0
DIA-03009,DFDC,video,Video Manipulation,0,1,0,1,0,1,Download Sensitive Data,38.61,39.48,81,75,19.94,48.94,Low,0
DIA-03010,ASVspoof2021-LA,audio,Audio Manipulation,1,1,1,0,0,0,Approve Payment,59.87,21.8,10.62,80,68.25,49,Low,1
DIA-03011,Celeb-DF,video,Face Swap,1,1,1,1,0,0,Access Internal Portal,71.56,13.12,52.79,35,78.35,54.91,Medium,1
DIA-03012,ASVspoof2021-PA,audio,TTS,1,1,1,0,0,0,Read Information,61.49,23.09,9.75,20,88.06,44.47,Low,1
DIA-03013,ASVspoof2021-LA,audio,Audio Manipulation,0,0,1,0,1,0,Read Information,13.76,63.38,33.74,20,11.03,25.59,Low,0
DIA-03014,ASVspoof2021-DF,audio,Audio Manipulation,0,1,1,0,1,1,Create Privileged Account,35.84,14.35,60.71,95,13.77,42.05,Low,0
DIA-03015,Celeb-DF,video,Face Reenactment,1,1,0,0,0,1,Reset Password,55.34,41.54,48.5,55,90.58,58.9,Medium,1
DIA-03016,ASVspoof2021-DF,audio,TTS,0,1,1,0,0,0,Access Internal Portal,17.45,28.41,15.9,35,19.51,21.83,Low,0
DIA-03017,ASVspoof2021-PA,audio,Replay,0,1,1,1,1,0,Transfer Funds,25.77,21.66,81.73,100,24.7,47.27,Low,0
DIA-03018,DFDC,video,Talking Face,1,1,0,1,0,0,Download Sensitive Data,81.32,41.63,51.05,75,80.26,68.15,Medium,1
DIA-03019,Celeb-DF,video,Video Manipulation,1,1,0,0,0,1,Read Information,69.66,45.12,40.78,20,81.85,55.19,Medium,1
DIA-03020,DFDC,video,Talking Face,1,0,1,0,0,0,Reset Password,76.66,78.69,7.75,55,86.07,61.82,Medium,1
DIA-03021,Celeb-DF,video,Video Manipulation,1,1,0,0,0,0,Change MFA,65.4,43,11.08,70,85.39,55.86,Medium,1
DIA-03022,ASVspoof2021-LA,audio,Audio Manipulation,1,1,1,1,1,0,Change MFA,72.31,6.8,74.87,70,100,68.19,Medium,1
DIA-03023,Celeb-DF++,video,Face Swap,0,1,1,0,0,1,Create Privileged Account,23.89,20.03,39.08,95,18.73,35.98,Low,0
DIA-03024,ASVspoof2021-DF,audio,TTS,0,1,1,0,1,0,Create Privileged Account,25.21,14.77,23.22,95,28.06,34.28,Low,0
DIA-03025,Celeb-DF,video,Video Manipulation,1,1,1,0,0,1,Read Information,76.96,12.18,41.11,20,100,56.14,Medium,1
DIA-03026,DFDC,video,Face Swap,0,1,0,0,0,0,Reset Password,5.76,33.72,8.06,55,28.88,22.42,Low,0
DIA-03027,Celeb-DF,video,Face Swap,1,1,0,1,0,0,Download Sensitive Data,73.39,44.63,52.16,75,86.76,67.75,Medium,1
DIA-03028,ASVspoof2021-LA,audio,Audio Manipulation,1,0,1,0,1,0,Read Information,71.95,74.1,32.13,20,95.32,61.19,Medium,1
DIA-03029,ASVspoof2021-DF,audio,TTS,0,1,1,0,1,1,Download Sensitive Data,39.08,7.36,68.24,75,22.92,42.31,Low,0
DIA-03030,Celeb-DF,video,Face Swap,1,1,0,0,0,0,Read Information,54.9,31.15,10.78,20,80.38,42.37,Low,1
DIA-03031,ASVspoof2021-LA,audio,TTS,1,0,1,0,1,1,Download Sensitive Data,76.92,85.13,80.97,75,93.8,82.05,High,1
DIA-03032,DFDC,video,Face Reenactment,0,0,1,0,1,0,Read Information,14.17,76.89,33.84,20,23.5,30.25,Low,0
DIA-03033,Celeb-DF,video,Talking Face,0,1,1,0,1,1,Approve Payment,25.11,15.69,59.16,80,22.84,38.29,Low,0
DIA-03034,DFDC,video,Talking Face,1,0,1,0,0,0,Change MFA,54.19,74.85,5.21,70,79.04,54.83,Medium,1
DIA-03035,ASVspoof2021-PA,audio,Audio Manipulation,0,0,1,0,1,0,Transfer Funds,17.85,66.26,47.66,100,12.12,42.25,Low,0
DIA-03036,ASVspoof2021-DF,audio,Replay,0,1,1,0,0,0,Read Information,21.51,13.62,20.04,20,6.52,16.81,Low,0
DIA-03037,ASVspoof2021-DF,audio,Audio Manipulation,1,1,1,0,0,1,Create Privileged Account,60.33,15.17,51.58,95,83.54,61.65,Medium,1
DIA-03038,DFDC,video,Face Swap,1,1,1,0,0,0,Change MFA,81.94,22.71,14.91,70,89.61,59.39,Medium,1
DIA-03039,DFDC,video,Face Reenactment,1,1,1,0,0,0,Change MFA,49.01,3.69,14.99,70,86.73,46.1,Low,1
DIA-03040,ASVspoof2021-DF,audio,Voice Conversion,1,0,1,1,1,0,Approve Payment,76.91,61.84,73.33,80,73.1,73.64,Medium,1
DIA-03041,Celeb-DF,video,Face Swap,1,1,1,0,0,1,Download Sensitive Data,44.29,5.2,51.07,75,79.01,51.33,Medium,1
DIA-03042,ASVspoof2021-PA,audio,Audio Manipulation,0,1,1,1,0,0,Transfer Funds,20.2,21.82,56.34,100,15.23,38.65,Low,0
DIA-03043,ASVspoof2021-LA,audio,TTS,0,1,0,0,1,0,Create Privileged Account,23.28,39.19,40.91,95,17.3,38.75,Low,0
DIA-03044,Celeb-DF++,video,Face Reenactment,1,1,0,0,0,0,Access Internal Portal,73.84,32.67,5.81,35,96.67,52.8,Medium,1
DIA-03045,ASVspoof2021-LA,audio,Voice Conversion,0,0,1,0,0,0,Reset Password,16.84,68.23,7.73,55,27.74,30.63,Low,0
DIA-03046,ASVspoof2021-PA,audio,TTS,1,1,1,0,0,0,Transfer Funds,63.34,9.95,5.51,100,91.98,54.99,Medium,1
DIA-03047,Celeb-DF++,video,Video Manipulation,1,1,1,0,0,1,Create Privileged Account,77.24,3.52,51.98,95,87.15,65.78,Medium,1
DIA-03048,ASVspoof2021-DF,audio,TTS,0,1,1,1,0,1,Transfer Funds,38.46,25.08,87.12,100,19.91,51.71,Medium,0
DIA-03049,ASVspoof2021-PA,audio,TTS,1,0,1,0,1,0,Transfer Funds,81.18,68.81,37.74,100,98.13,76.85,High,1
DIA-03050,Celeb-DF,video,Face Reenactment,1,0,0,0,0,0,Approve Payment,51.8,100,14.03,80,95.34,64.41,Medium,1
DIA-03051,ASVspoof2021-PA,audio,TTS,1,1,1,0,0,0,Transfer Funds,63.79,3.41,0.12,100,97.34,54.14,Medium,1
DIA-03052,DFDC,video,Video Manipulation,0,1,1,0,0,1,Approve Payment,0,19.03,51.17,80,16.4,28.37,Low,0
DIA-03053,ASVspoof2021-DF,audio,TTS,1,1,1,0,1,1,Transfer Funds,55.96,3.46,66.21,100,81.35,61.82,Medium,1
DIA-03054,ASVspoof2021-LA,audio,Voice Conversion,0,1,1,0,0,0,Change MFA,10.25,34.56,6.85,70,20.79,24.29,Low,0
DIA-03055,ASVspoof2021-DF,audio,Voice Conversion,1,1,1,0,1,1,Transfer Funds,80.52,1.16,64.15,100,93.93,70.95,Medium,1
DIA-03056,Celeb-DF++,video,Face Swap,1,1,1,0,0,0,Read Information,60.71,29.37,10.56,20,78.58,43.45,Low,1
DIA-03057,ASVspoof2021-DF,audio,TTS,0,0,1,0,0,1,Transfer Funds,19.82,69.84,44.53,100,15.22,43.37,Low,0
DIA-03058,DFDC,video,Talking Face,0,1,0,0,0,1,Transfer Funds,26.3,38.54,35.26,100,46,44.92,Low,0
DIA-03059,DFDC,video,Face Swap,1,1,1,0,0,0,Create Privileged Account,58.62,19.71,0,95,78.05,50.4,Medium,1
DIA-03060,Celeb-DF,video,Face Swap,1,0,1,0,0,1,Transfer Funds,49.06,62.5,43.58,100,86.93,65.19,Medium,1
DIA-03061,ASVspoof2021-DF,audio,Voice Conversion,0,1,0,0,0,0,Change MFA,9.79,46.28,15.7,70,9.82,25.48,Low,0
DIA-03062,Celeb-DF++,video,Face Reenactment,1,0,0,0,0,0,Reset Password,64.67,100,15.02,55,82.05,62.06,Medium,1
DIA-03063,Celeb-DF,video,Face Reenactment,1,1,1,0,0,1,Access Internal Portal,76.15,15.1,52,35,77.74,56.31,Medium,1
DIA-03064,ASVspoof2021-PA,audio,Audio Manipulation,0,0,0,0,0,0,Access Internal Portal,15.73,97,8.62,35,7.66,27.78,Low,0
DIA-03065,Celeb-DF,video,Face Reenactment,1,1,0,0,0,0,Create Privileged Account,70.97,55.44,7.52,95,90.3,63.42,Medium,1
DIA-03066,Celeb-DF++,video,Talking Face,0,0,1,0,0,0,Read Information,28.17,75.21,9.22,20,23.53,29.28,Low,0
DIA-03067,Celeb-DF++,video,Video Manipulation,0,0,1,0,1,0,Access Internal Portal,30.33,63.74,40.63,35,36.15,39.27,Low,0
DIA-03068,DFDC,video,Face Swap,1,1,1,0,1,0,Change MFA,67.9,21,46.29,70,84.21,60.12,Medium,1
DIA-03069,ASVspoof2021-DF,audio,Replay,0,1,1,0,0,1,Reset Password,10.49,10.7,41.78,55,16.02,24.56,Low,0
DIA-03070,Celeb-DF++,video,Face Reenactment,1,1,0,0,0,1,Transfer Funds,57.3,34.15,43.14,100,80.94,62.13,Medium,1
DIA-03071,DFDC,video,Talking Face,1,1,1,1,1,1,Read Information,63.33,19.1,100,20,74.08,59.68,Medium,1
DIA-03072,ASVspoof2021-PA,audio,TTS,1,0,1,0,1,0,Read Information,54.18,61.93,33.14,20,85.85,52.34,Medium,1
DIA-03073,ASVspoof2021-LA,audio,Voice Conversion,0,1,1,0,0,1,Reset Password,24.09,15.37,40.94,55,16.5,29.27,Low,0
DIA-03074,ASVspoof2021-DF,audio,TTS,0,0,0,1,0,0,Download Sensitive Data,43.76,100,49.12,75,10.02,51.21,Medium,0
DIA-03075,ASVspoof2021-LA,audio,Audio Manipulation,1,1,1,0,0,0,Reset Password,68.33,30.28,4.47,55,94.05,52.99,Medium,1
DIA-03076,ASVspoof2021-PA,audio,Replay,1,1,1,0,0,0,Create Privileged Account,65.08,20.11,15.08,95,78.1,55.43,Medium,1
DIA-03077,Celeb-DF,video,Face Swap,1,0,1,1,0,0,Read Information,81.58,58.24,60.32,20,90.37,66.35,Medium,1
DIA-03078,ASVspoof2021-DF,audio,Replay,0,1,1,0,0,0,Change MFA,8.89,4.49,8.01,70,17.52,18.95,Low,0
DIA-03079,ASVspoof2021-DF,audio,Audio Manipulation,0,1,1,1,0,0,Approve Payment,34.46,28.81,61.64,80,22.51,43.49,Low,0
DIA-03080,Celeb-DF,video,Talking Face,0,1,1,1,0,1,Download Sensitive Data,38.65,9.93,84.24,75,12.62,43.71,Low,0
DIA-03081,DFDC,video,Face Reenactment,1,1,1,0,0,0,Download Sensitive Data,66.65,2.87,5.12,75,96.23,51.95,Medium,1
DIA-03082,DFDC,video,Video Manipulation,0,1,1,0,0,1,Change MFA,46.03,6.96,49.8,70,16.95,38.7,Low,0
DIA-03083,ASVspoof2021-DF,audio,TTS,1,1,1,0,0,0,Read Information,78.27,21.35,3.53,20,64.46,43.28,Low,1
DIA-03084,ASVspoof2021-LA,audio,TTS,0,1,1,0,0,0,Read Information,18.5,15.9,14.37,20,24.26,18.66,Low,0
DIA-03085,ASVspoof2021-LA,audio,TTS,0,0,1,0,1,0,Read Information,16.42,75.18,36.78,20,23.45,31.25,Low,0
DIA-03086,Celeb-DF,video,Video Manipulation,1,1,1,1,0,1,Download Sensitive Data,71.25,14.74,82.17,75,74.06,66.08,Medium,1
DIA-03087,DFDC,video,Talking Face,1,1,1,0,0,0,Transfer Funds,64.56,6.18,6.43,100,83.09,53.2,Medium,1
DIA-03088,Celeb-DF++,video,Talking Face,1,1,1,1,0,0,Read Information,69.88,0.7,43.89,20,94.19,51.68,Medium,1
DIA-03089,ASVspoof2021-DF,audio,Replay,0,1,1,0,0,1,Read Information,19.49,8.32,52.22,20,29.58,26.46,Low,0
DIA-03090,ASVspoof2021-PA,audio,Voice Conversion,1,0,1,0,1,1,Approve Payment,68.65,70.97,68.44,80,89.67,74.86,Medium,1
DIA-03091,ASVspoof2021-LA,audio,TTS,0,1,1,1,1,1,Download Sensitive Data,14.88,5.53,100,75,23.16,41.18,Low,0
DIA-03092,ASVspoof2021-PA,audio,Audio Manipulation,1,1,1,0,0,0,Reset Password,59.75,22.86,9.92,55,88.39,49.27,Low,1
DIA-03093,ASVspoof2021-LA,audio,Audio Manipulation,1,1,1,0,0,0,Read Information,48.43,7,8.52,20,77.87,35.86,Low,1
DIA-03094,ASVspoof2021-PA,audio,TTS,0,1,0,0,0,0,Create Privileged Account,22.56,26.78,12.28,95,7.84,29.06,Low,0
DIA-03095,Celeb-DF++,video,Face Swap,1,1,1,0,0,0,Approve Payment,66.88,15.01,13.58,80,81.37,53.31,Medium,1
DIA-03096,DFDC,video,Talking Face,0,1,1,0,0,0,Download Sensitive Data,16.65,21.09,10.97,75,26.28,26.86,Low,0
DIA-03097,DFDC,video,Face Swap,0,1,0,0,0,1,Access Internal Portal,32.75,51.94,43.68,35,30.22,37.65,Low,0
DIA-03098,Celeb-DF,video,Talking Face,0,1,1,1,0,1,Transfer Funds,18.5,2.11,77.39,100,18.46,40.04,Low,0
DIA-03099,Celeb-DF,video,Video Manipulation,0,1,0,0,0,0,Read Information,10.18,51.39,5.78,20,11.54,17.23,Low,0
DIA-03100,DFDC,video,Face Reenactment,1,1,1,1,1,1,Approve Payment,59.71,16.48,100,80,97.54,71.89,Medium,1
DIA-03101,ASVspoof2021-PA,audio,Voice Conversion,1,1,1,1,0,0,Approve Payment,82.25,10.03,50.11,80,88.68,65.94,Medium,1
DIA-03102,DFDC,video,Video Manipulation,1,1,0,0,1,0,Approve Payment,72.66,45.45,22.83,80,90.9,63.36,Medium,1
DIA-03103,ASVspoof2021-PA,audio,Voice Conversion,1,1,1,1,1,0,Download Sensitive Data,85.63,25.84,79.34,75,77.55,72.19,Medium,1
DIA-03104,ASVspoof2021-LA,audio,TTS,1,1,0,1,0,0,Reset Password,88.41,26.57,52.25,55,88.6,66.93,Medium,1
DIA-03105,ASVspoof2021-DF,audio,TTS,0,1,1,0,1,0,Change MFA,13.33,11.55,30.93,70,25.11,27.44,Low,0
DIA-03106,ASVspoof2021-DF,audio,Audio Manipulation,0,1,1,0,0,1,Change MFA,15.18,10.64,38.59,70,3.47,25.06,Low,0
DIA-03107,Celeb-DF,video,Video Manipulation,0,1,1,0,0,0,Create Privileged Account,0,20.01,5.19,95,11.65,20.62,Low,0
DIA-03108,ASVspoof2021-DF,audio,TTS,1,1,1,1,0,0,Approve Payment,58.92,26.68,40.73,80,85.41,58.91,Medium,1
DIA-03109,DFDC,video,Video Manipulation,1,1,1,1,0,0,Change MFA,67.43,15.59,47.62,70,96.71,61.93,Medium,1
DIA-03110,ASVspoof2021-PA,audio,TTS,1,1,0,0,0,0,Approve Payment,43.33,37.66,8.74,80,86.62,49.72,Low,1
DIA-03111,Celeb-DF,video,Face Swap,0,1,1,1,0,0,Transfer Funds,11.15,18.56,56.43,100,30.03,38.42,Low,0
DIA-03112,Celeb-DF,video,Face Reenactment,0,1,0,0,0,0,Approve Payment,17.09,38.12,13.32,80,23.76,30.26,Low,0
DIA-03113,ASVspoof2021-DF,audio,Voice Conversion,1,1,1,1,1,0,Reset Password,80.83,0,83.73,55,95.21,68.29,Medium,1
DIA-03114,ASVspoof2021-DF,audio,Audio Manipulation,0,1,1,0,0,1,Read Information,15.11,19.14,45.79,20,7.18,21,Low,0
DIA-03115,Celeb-DF++,video,Talking Face,1,1,1,1,0,1,Transfer Funds,77.41,22.89,78.62,100,77.49,72.88,Medium,1
DIA-03116,ASVspoof2021-DF,audio,TTS,0,0,1,1,0,0,Read Information,43.5,78.59,62.18,20,38,47.87,Low,0
DIA-03117,DFDC,video,Talking Face,0,0,1,0,1,1,Download Sensitive Data,3.13,60.75,67.77,75,8.7,36.6,Low,0
DIA-03118,ASVspoof2021-DF,audio,Audio Manipulation,1,1,0,1,0,0,Read Information,82.94,44.86,39.18,20,82.86,59.02,Medium,1
DIA-03119,Celeb-DF,video,Talking Face,1,1,0,0,1,0,Transfer Funds,70.19,52.26,36.54,100,63.78,63.96,Medium,1
DIA-03120,Celeb-DF,video,Face Swap,1,1,1,0,0,0,Read Information,79.93,35.24,0,20,96.53,51.57,Medium,1
DIA-03121,DFDC,video,Face Swap,0,0,1,0,0,0,Approve Payment,28.64,73.83,9.41,80,9.09,35.37,Low,0
DIA-03122,Celeb-DF,video,Face Reenactment,0,1,1,0,0,1,Create Privileged Account,15.7,22.87,41.67,95,8.54,32.43,Low,0
DIA-03123,Celeb-DF,video,Face Reenactment,1,1,1,0,0,1,Approve Payment,71.02,7.06,48.67,80,94.6,63.02,Medium,1
DIA-03124,Celeb-DF++,video,Face Reenactment,1,0,1,0,0,1,Download Sensitive Data,54.93,61.01,51.67,75,60.85,59.38,Medium,1
DIA-03125,DFDC,video,Face Swap,0,1,1,0,1,0,Download Sensitive Data,12.25,22.9,32.73,75,27.29,30.36,Low,0
DIA-03126,DFDC,video,Face Swap,1,1,1,0,0,0,Download Sensitive Data,66.32,0,7.23,75,76.12,47.82,Low,1
DIA-03127,ASVspoof2021-DF,audio,Replay,0,1,1,0,0,0,Create Privileged Account,21.34,16.24,15.31,95,16.01,29.35,Low,0
DIA-03128,DFDC,video,Video Manipulation,0,1,0,1,0,0,Read Information,31.68,51.44,44.63,20,12.94,31.73,Low,0
DIA-03129,ASVspoof2021-DF,audio,Replay,1,0,0,0,0,1,Transfer Funds,88.41,100,45.45,100,77.13,81.04,High,1
DIA-03130,ASVspoof2021-PA,audio,Voice Conversion,1,1,0,0,0,1,Create Privileged Account,66.21,45.65,48.79,95,76.72,66.06,Medium,1
DIA-03131,Celeb-DF++,video,Video Manipulation,0,1,1,0,1,1,Transfer Funds,35.59,14.6,64.47,100,13.45,43.45,Low,0
DIA-03132,ASVspoof2021-PA,audio,Replay,0,1,1,1,1,1,Read Information,30.94,11.72,100,20,8.66,35.77,Low,0
DIA-03133,DFDC,video,Talking Face,1,1,1,0,0,0,Access Internal Portal,51.62,32.24,10.71,35,93.79,46.47,Low,1
DIA-03134,DFDC,video,Talking Face,1,0,0,1,0,1,Access Internal Portal,74.35,100,94.32,35,76.86,76.79,High,1
DIA-03135,ASVspoof2021-DF,audio,Audio Manipulation,1,0,1,0,0,1,Change MFA,72.27,76.77,36.53,70,68.09,64.62,Medium,1
DIA-03136,ASVspoof2021-LA,audio,Replay,0,0,1,1,0,0,Create Privileged Account,13.8,70.22,48.96,95,0,38.72,Low,0
DIA-03137,ASVspoof2021-LA,audio,Replay,1,0,1,0,0,0,Create Privileged Account,54.55,65.33,19.48,95,84.56,61.22,Medium,1
DIA-03138,DFDC,video,Talking Face,1,1,1,0,0,0,Approve Payment,54.18,23.64,16.8,80,64.94,48.15,Low,1
DIA-03139,ASVspoof2021-LA,audio,Audio Manipulation,1,1,1,0,0,0,Change MFA,60.02,12.54,8.07,70,80.4,48.08,Low,1
DIA-03140,Celeb-DF,video,Video Manipulation,0,1,1,0,1,0,Read Information,8.49,15.63,34.5,20,31.85,21.16,Low,0
DIA-03141,Celeb-DF,video,Face Reenactment,1,1,0,0,1,1,Approve Payment,84.53,44.93,73.22,80,89.77,76.7,High,1
DIA-03142,DFDC,video,Talking Face,1,1,0,0,0,1,Read Information,44.04,41.68,48.36,20,80.93,48.32,Low,1
DIA-03143,ASVspoof2021-PA,audio,TTS,1,1,1,0,1,1,Access Internal Portal,72.22,27.4,79.65,35,80.29,63.01,Medium,1
DIA-03144,DFDC,video,Talking Face,1,1,1,0,1,0,Change MFA,71.81,4.44,42.92,70,84.83,58.26,Medium,1
DIA-03145,ASVspoof2021-LA,audio,Audio Manipulation,1,0,0,0,0,0,Create Privileged Account,55.41,95.54,0.32,95,78.91,61.05,Medium,1
DIA-03146,ASVspoof2021-DF,audio,Replay,0,1,1,0,1,0,Download Sensitive Data,15.45,32.1,23.83,75,18.64,29.19,Low,0
DIA-03147,ASVspoof2021-DF,audio,Voice Conversion,0,1,0,0,1,0,Read Information,14.24,47.18,31.19,20,30.47,26.68,Low,0
DIA-03148,ASVspoof2021-DF,audio,Replay,1,0,0,0,0,0,Access Internal Portal,65.15,93.42,0,35,79.44,54.7,Medium,1
DIA-03149,ASVspoof2021-LA,audio,Voice Conversion,0,1,1,0,1,1,Create Privileged Account,30.29,21.39,79.19,95,12.48,44.88,Low,0
DIA-03150,DFDC,video,Face Reenactment,0,1,1,0,0,1,Download Sensitive Data,29.31,14.62,34.53,75,18.65,32.87,Low,0
DIA-03151,DFDC,video,Face Swap,1,1,1,1,0,1,Approve Payment,69.4,26.73,82.91,80,92.99,72.01,Medium,1
DIA-03152,ASVspoof2021-DF,audio,Replay,0,0,1,1,0,0,Reset Password,6.45,76.57,43.9,55,10.57,32.56,Low,0
DIA-03153,Celeb-DF,video,Face Swap,1,0,0,0,0,0,Create Privileged Account,67.82,88.07,0,95,86.35,65.08,Medium,1
DIA-03154,DFDC,video,Face Reenactment,0,1,1,0,0,0,Download Sensitive Data,10.78,16.91,18.27,75,19.3,24.53,Low,0
DIA-03155,DFDC,video,Video Manipulation,0,1,1,0,0,0,Read Information,12.19,18.35,5.96,20,34.42,17.49,Low,0
DIA-03156,Celeb-DF,video,Video Manipulation,0,1,1,1,1,1,Approve Payment,30.46,18.74,100,80,27.92,49.53,Low,0
DIA-03157,DFDC,video,Face Reenactment,1,1,0,0,1,0,Reset Password,61.21,42.55,44.84,55,74.45,56.85,Medium,1
DIA-03158,DFDC,video,Video Manipulation,1,0,1,0,0,0,Create Privileged Account,69.37,74.52,9.98,95,64.62,61.16,Medium,1
DIA-03159,ASVspoof2021-PA,audio,TTS,0,1,1,0,0,1,Approve Payment,50.64,18.35,30.33,80,26.01,41.21,Low,0
DIA-03160,Celeb-DF,video,Video Manipulation,0,0,1,1,0,0,Access Internal Portal,30.54,64.23,47.62,35,13.29,36.23,Low,0
DIA-03161,ASVspoof2021-PA,audio,Voice Conversion,0,0,1,0,0,0,Read Information,32.79,66.35,26,20,15.83,31.16,Low,0
DIA-03162,ASVspoof2021-PA,audio,Audio Manipulation,1,1,1,1,0,1,Read Information,81.62,12.97,88,20,78.44,62.72,Medium,1
DIA-03163,DFDC,video,Video Manipulation,1,0,1,0,1,0,Access Internal Portal,66.85,70.76,33.83,35,79.16,58.52,Medium,1
DIA-03164,ASVspoof2021-DF,audio,Replay,1,1,1,1,0,0,Read Information,76.79,12.99,45.72,20,81.47,53.42,Medium,1
DIA-03165,ASVspoof2021-DF,audio,Replay,0,1,0,1,0,0,Approve Payment,28.25,48.82,56.21,80,18.02,42.64,Low,0
DIA-03166,ASVspoof2021-DF,audio,Replay,1,0,0,0,0,0,Access Internal Portal,75.49,87.32,12.59,35,79.82,59.48,Medium,1
DIA-03167,DFDC,video,Face Swap,0,1,0,0,0,0,Change MFA,18.65,26.12,11.99,70,10.21,24.45,Low,0
DIA-03168,DFDC,video,Face Swap,0,0,0,0,0,0,Reset Password,3.61,100,17.95,55,17.67,31.46,Low,0
DIA-03169,DFDC,video,Face Reenactment,0,1,1,1,0,0,Approve Payment,6.85,8.46,57.58,80,13.69,29.58,Low,0
DIA-03170,ASVspoof2021-DF,audio,Voice Conversion,0,1,1,0,0,0,Read Information,23.07,23.8,13.06,20,17.81,19.67,Low,0
DIA-03171,ASVspoof2021-PA,audio,Replay,0,0,1,0,1,0,Change MFA,5.61,74.87,23.89,70,12.96,30.78,Low,0
DIA-03172,ASVspoof2021-DF,audio,Voice Conversion,1,1,1,1,0,0,Create Privileged Account,78.55,8.74,43.12,95,78.58,63.47,Medium,1
DIA-03173,ASVspoof2021-DF,audio,Replay,0,1,0,0,0,0,Access Internal Portal,32.73,38.94,5.68,35,33.11,28.67,Low,0
DIA-03174,ASVspoof2021-PA,audio,TTS,1,1,1,1,0,0,Create Privileged Account,68.57,12.74,49.74,95,100,66.68,Medium,1
DIA-03175,ASVspoof2021-DF,audio,TTS,1,1,1,0,0,1,Access Internal Portal,84.32,17.85,55.49,35,99.23,64.17,Medium,1
DIA-03176,DFDC,video,Video Manipulation,1,1,1,0,0,0,Approve Payment,68.85,8.86,24.37,80,68.33,52.52,Medium,1
DIA-03177,ASVspoof2021-LA,audio,Audio Manipulation,0,0,0,1,1,0,Reset Password,23.29,93.59,77.74,55,11.87,47.2,Low,0
DIA-03178,Celeb-DF,video,Video Manipulation,1,1,1,0,1,0,Reset Password,66.8,14.7,38.85,55,90.07,56.28,Medium,1
DIA-03179,DFDC,video,Face Reenactment,0,0,1,0,0,0,Download Sensitive Data,8.86,78.81,0,75,7.46,27.22,Low,0
DIA-03180,Celeb-DF++,video,Talking Face,0,0,1,0,0,0,Approve Payment,7.46,66.71,7.04,80,7.55,27.16,Low,0
DIA-03181,ASVspoof2021-PA,audio,Replay,0,1,1,0,0,0,Download Sensitive Data,0,7.19,6.13,75,0,13.55,Low,0
DIA-03182,Celeb-DF,video,Face Reenactment,1,1,0,0,0,0,Download Sensitive Data,57.94,35.64,5.54,75,78.22,50.73,Medium,1
DIA-03183,Celeb-DF++,video,Talking Face,1,1,1,0,1,0,Reset Password,89.53,17.94,39.06,55,81.99,62.01,Medium,1
DIA-03184,DFDC,video,Talking Face,1,0,0,0,0,0,Approve Payment,49.57,80.83,6.84,80,57.87,51.94,Medium,1
DIA-03185,DFDC,video,Face Reenactment,1,1,1,0,0,0,Read Information,53.06,24.58,0,20,90.63,40.73,Low,1
DIA-03186,DFDC,video,Face Reenactment,1,1,1,0,0,0,Read Information,57.14,15.16,15.9,20,85.03,42.6,Low,1
DIA-03187,ASVspoof2021-DF,audio,Voice Conversion,1,0,0,1,0,0,Access Internal Portal,62.65,98.47,58.42,35,70.64,64.63,Medium,1
DIA-03188,ASVspoof2021-LA,audio,Audio Manipulation,1,1,1,1,0,0,Create Privileged Account,73.96,16.75,52.02,95,93.3,68.01,Medium,1
DIA-03189,DFDC,video,Video Manipulation,0,1,1,0,0,0,Download Sensitive Data,11.27,9.66,8.82,75,15.96,21.04,Low,0
DIA-03190,Celeb-DF,video,Video Manipulation,1,0,1,1,1,1,Reset Password,73.82,61.34,100,55,95.89,78.77,High,1
DIA-03191,DFDC,video,Video Manipulation,1,1,0,0,0,0,Approve Payment,56.66,34.4,4.14,80,87.77,52.54,Medium,1
DIA-03192,DFDC,video,Face Reenactment,1,1,1,0,1,0,Reset Password,60.77,2.95,42.5,55,75.22,50.47,Medium,1
DIA-03193,ASVspoof2021-DF,audio,Audio Manipulation,0,1,1,0,0,0,Approve Payment,17.34,17.79,4.76,80,22.36,25.29,Low,0
DIA-03194,ASVspoof2021-DF,audio,TTS,0,0,0,1,0,0,Change MFA,21.52,93.7,64.09,70,23.78,48.58,Low,0
DIA-03195,ASVspoof2021-DF,audio,Audio Manipulation,1,0,1,0,0,0,Download Sensitive Data,87.79,57.73,16.65,75,98.45,69.27,Medium,1
DIA-03196,Celeb-DF,video,Face Reenactment,0,0,1,0,0,1,Access Internal Portal,22.69,65.07,47.38,35,26.65,36.62,Low,0
DIA-03197,ASVspoof2021-DF,audio,Voice Conversion,0,0,1,1,1,0,Read Information,20.69,75.22,94,20,35.88,46.47,Low,0
DIA-03198,DFDC,video,Face Swap,1,1,1,0,1,0,Transfer Funds,38.53,25.34,43.93,100,85.21,56.19,Medium,1
DIA-03199,DFDC,video,Face Swap,1,1,0,1,0,1,Approve Payment,78.64,29.73,81.99,80,79.6,72.37,Medium,1
DIA-03200,ASVspoof2021-PA,audio,Voice Conversion,1,1,1,0,0,0,Approve Payment,44.27,32.29,2.83,80,79.66,46.62,Low,1
DIA-03201,ASVspoof2021-LA,audio,Replay,1,0,0,0,0,0,Download Sensitive Data,72.07,87.32,7.03,75,75.58,62.49,Medium,1
DIA-03202,ASVspoof2021-PA,audio,TTS,0,0,0,0,0,1,Transfer Funds,24.57,81.36,44.28,100,29.03,49.24,Low,0
DIA-03203,ASVspoof2021-PA,audio,Audio Manipulation,0,1,1,1,0,0,Read Information,31.78,29.06,44.69,20,12.24,28.28,Low,0
DIA-03204,ASVspoof2021-DF,audio,TTS,1,0,1,0,0,0,Transfer Funds,59.02,61.67,2.13,100,100,62.38,Medium,1
DIA-03205,ASVspoof2021-PA,audio,Audio Manipulation,0,1,1,0,0,1,Change MFA,23.3,27.19,46.65,70,15.19,33.94,Low,0
DIA-03206,Celeb-DF++,video,Face Reenactment,1,1,0,1,1,0,Download Sensitive Data,78.43,34.68,81.22,75,86.21,73.47,Medium,1
DIA-03207,DFDC,video,Face Reenactment,1,1,1,0,0,1,Transfer Funds,60.77,12.66,58,100,78.01,62.33,Medium,1
DIA-03208,DFDC,video,Face Swap,1,0,1,0,0,0,Create Privileged Account,72.71,59.56,10.54,95,78.73,62.85,Medium,1
DIA-03209,DFDC,video,Video Manipulation,1,1,0,0,1,0,Reset Password,72.21,50.22,39.22,55,80.28,61.35,Medium,1
DIA-03210,DFDC,video,Talking Face,1,1,1,1,0,0,Transfer Funds,69.52,24.12,37.04,100,86.46,64.17,Medium,1
DIA-03211,Celeb-DF,video,Face Swap,1,0,0,1,0,1,Read Information,93.36,89.72,91.01,20,90.5,80.77,High,1
DIA-03212,ASVspoof2021-DF,audio,TTS,0,1,1,0,0,0,Access Internal Portal,23.67,14.4,2.94,35,14.07,17.91,Low,0
DIA-03213,ASVspoof2021-LA,audio,Replay,0,1,1,0,0,0,Access Internal Portal,0,20.3,12.13,35,14.76,13.67,Low,0
DIA-03214,ASVspoof2021-DF,audio,Audio Manipulation,0,0,1,0,0,0,Reset Password,28.88,66.23,9.7,55,14.33,31.65,Low,0
DIA-03215,DFDC,video,Face Swap,1,1,0,0,0,0,Approve Payment,58.76,50.91,8.31,80,81.65,55.26,Medium,1
DIA-03216,ASVspoof2021-LA,audio,TTS,0,1,1,0,0,0,Change MFA,26.77,14.15,0,70,34.59,27.57,Low,0
DIA-03217,Celeb-DF,video,Talking Face,1,1,1,0,0,1,Create Privileged Account,74.25,10.84,39.7,95,80.4,62.17,Medium,1
DIA-03218,DFDC,video,Face Swap,1,0,0,0,0,0,Download Sensitive Data,36.94,82.34,3.32,75,73.5,50.05,Medium,1
DIA-03219,Celeb-DF,video,Face Reenactment,0,1,0,0,0,0,Download Sensitive Data,24.65,29.65,5.84,75,7.77,25.81,Low,0
DIA-03220,Celeb-DF,video,Face Swap,1,1,1,1,1,0,Create Privileged Account,68.56,19.71,83.28,95,81.1,70.65,Medium,1
DIA-03221,Celeb-DF,video,Face Reenactment,0,0,1,0,0,0,Change MFA,12.95,71.88,7.53,70,18.61,30.4,Low,0
DIA-03222,ASVspoof2021-LA,audio,Replay,0,1,1,1,0,0,Reset Password,18.36,21.53,45.29,55,11.83,28.41,Low,0
DIA-03223,ASVspoof2021-LA,audio,Voice Conversion,0,0,1,0,0,0,Read Information,26.68,65.5,14.55,20,8.46,25.43,Low,0
DIA-03224,ASVspoof2021-DF,audio,Voice Conversion,0,0,1,0,0,1,Create Privileged Account,12.87,56.87,47.29,95,18.47,39.79,Low,0
DIA-03225,DFDC,video,Face Reenactment,1,0,1,1,0,0,Access Internal Portal,83.25,66.03,64.23,35,92.02,71.38,Medium,1
DIA-03226,ASVspoof2021-LA,audio,Replay,1,1,1,0,0,0,Approve Payment,49.28,31.3,17.08,80,84.85,51.86,Medium,1
DIA-03227,ASVspoof2021-DF,audio,TTS,1,1,1,0,0,0,Create Privileged Account,69.25,7.28,0,95,73.16,50.75,Medium,1
DIA-03228,DFDC,video,Face Swap,1,1,1,0,0,0,Reset Password,74.5,14.71,15.64,55,97.96,55.53,Medium,1
DIA-03229,ASVspoof2021-DF,audio,TTS,1,0,0,1,0,1,Access Internal Portal,84.23,75.69,89.8,35,83.67,76.57,High,1
DIA-03230,Celeb-DF++,video,Video Manipulation,1,0,1,1,0,0,Approve Payment,73.02,65.84,61.62,80,76.19,71.34,Medium,1
DIA-03231,Celeb-DF++,video,Talking Face,1,1,0,0,0,0,Reset Password,63.73,36.69,8.61,55,92.15,53.02,Medium,1
DIA-03232,DFDC,video,Face Swap,0,1,1,1,0,1,Create Privileged Account,21.95,17.65,92.67,95,29.51,47.92,Low,0
DIA-03233,Celeb-DF++,video,Face Reenactment,1,1,0,0,0,0,Change MFA,52.55,37.46,7.52,70,77.3,48.85,Low,1
DIA-03234,DFDC,video,Face Reenactment,1,1,0,0,0,0,Reset Password,58.46,27.85,12.03,55,74.12,47.2,Low,1
DIA-03235,DFDC,video,Face Swap,0,0,1,0,0,0,Approve Payment,7.42,64.69,2.62,80,17.84,28.02,Low,0
DIA-03236,DFDC,video,Video Manipulation,0,0,1,1,0,0,Change MFA,10.62,68.37,40.38,70,2.66,32.55,Low,0
DIA-03237,ASVspoof2021-PA,audio,Audio Manipulation,0,1,1,0,0,0,Create Privileged Account,37.84,7.03,16.09,95,44.42,38.76,Low,0
DIA-03238,Celeb-DF,video,Face Swap,0,0,1,0,0,0,Approve Payment,0,63.19,10.02,80,2.71,24.02,Low,0
DIA-03239,Celeb-DF,video,Face Swap,1,1,0,0,0,1,Transfer Funds,83.38,48.04,36.03,100,91.05,72.64,Medium,1
DIA-03240,Celeb-DF,video,Face Reenactment,0,1,1,0,0,0,Change MFA,4.4,10,15.7,70,11.65,18.79,Low,0
DIA-03241,ASVspoof2021-PA,audio,Replay,1,1,1,0,0,0,Read Information,54.76,18.52,0,20,72.41,36.69,Low,1
DIA-03242,ASVspoof2021-DF,audio,Audio Manipulation,1,1,0,0,0,0,Access Internal Portal,54.58,38.58,4.33,35,72.22,42.72,Low,1
DIA-03243,ASVspoof2021-PA,audio,Voice Conversion,0,0,1,0,1,0,Read Information,5.78,60.16,23.37,20,23.6,23.15,Low,0
DIA-03244,Celeb-DF,video,Face Reenactment,1,1,1,0,0,0,Create Privileged Account,76.15,12.34,18.39,95,89.34,60.49,Medium,1
DIA-03245,DFDC,video,Face Swap,1,1,1,0,0,0,Access Internal Portal,72.47,17.33,6.97,35,78.85,46.75,Low,1
DIA-03246,ASVspoof2021-DF,audio,TTS,1,1,0,1,0,0,Access Internal Portal,68.44,53.89,50.55,35,79.07,59.79,Medium,1
DIA-03247,Celeb-DF,video,Face Swap,0,1,1,1,0,0,Download Sensitive Data,52.78,8.82,52.13,75,17.87,42.41,Low,0
DIA-03248,ASVspoof2021-LA,audio,Voice Conversion,1,1,1,1,1,0,Access Internal Portal,70.82,14.32,80.66,35,92.63,63.3,Medium,1
DIA-03249,ASVspoof2021-LA,audio,Replay,0,1,1,0,1,0,Transfer Funds,18.66,22.27,39.87,100,24.97,36.91,Low,0
DIA-03250,Celeb-DF++,video,Face Swap,0,1,0,0,0,0,Create Privileged Account,10.46,50.08,15.61,95,19.36,31.89,Low,0
DIA-03251,ASVspoof2021-PA,audio,TTS,0,1,1,0,0,0,Change MFA,9.15,9.81,8.14,70,16.57,19.66,Low,0
DIA-03252,ASVspoof2021-DF,audio,Audio Manipulation,0,0,0,0,0,0,Approve Payment,12.14,93.75,15.97,80,20.67,37.03,Low,0
DIA-03253,Celeb-DF,video,Video Manipulation,1,1,1,0,0,1,Change MFA,80.37,23.9,40.41,70,72.25,60.73,Medium,1
DIA-03254,Celeb-DF++,video,Talking Face,0,1,1,0,0,1,Change MFA,29.28,19.09,42.19,70,21.8,34.95,Low,0
DIA-03255,DFDC,video,Talking Face,1,1,1,0,0,1,Change MFA,85.2,23.27,34.24,70,97.92,65.98,Medium,1
DIA-03256,ASVspoof2021-LA,audio,Replay,0,1,1,1,0,1,Change MFA,20.11,24.37,96.73,70,19.11,43.36,Low,0
DIA-03257,DFDC,video,Face Reenactment,1,1,0,0,0,1,Change MFA,77.48,44.43,38.04,70,86.85,65.39,Medium,1
DIA-03258,Celeb-DF,video,Face Swap,0,1,1,1,0,0,Access Internal Portal,26.36,16.15,59.88,35,12.87,30.13,Low,0
DIA-03259,ASVspoof2021-DF,audio,Voice Conversion,1,0,1,0,0,0,Approve Payment,70.78,64.63,13.76,80,79.57,61.59,Medium,1
DIA-03260,DFDC,video,Talking Face,1,1,1,1,1,0,Read Information,61.5,13.05,76.39,20,77.66,54.22,Medium,1
DIA-03261,DFDC,video,Talking Face,0,1,1,0,0,0,Transfer Funds,6.57,13.58,12.57,100,15.65,24.65,Low,0
DIA-03262,ASVspoof2021-DF,audio,Replay,1,0,0,0,1,1,Transfer Funds,76.93,100,62.54,100,81.87,81.96,High,1
DIA-03263,DFDC,video,Talking Face,0,1,1,0,0,0,Access Internal Portal,27.6,16.41,21.24,35,2.49,20.74,Low,0
DIA-03264,Celeb-DF++,video,Face Swap,1,1,0,0,0,0,Read Information,59.2,41.49,7.47,20,88.98,46.27,Low,1
DIA-03265,Celeb-DF,video,Talking Face,1,1,1,1,0,0,Change MFA,77.7,7.05,57.09,70,91.12,64.51,Medium,1
DIA-03266,DFDC,video,Video Manipulation,0,1,0,0,0,0,Read Information,31.19,49.64,6.2,20,23,25.64,Low,0
DIA-03267,DFDC,video,Talking Face,0,1,0,1,1,0,Change MFA,19.02,33.86,64.98,70,8.32,35.95,Low,0
DIA-03268,ASVspoof2021-LA,audio,Replay,0,0,1,0,1,0,Create Privileged Account,2.17,67.72,48.88,95,8.11,36.46,Low,0
DIA-03269,ASVspoof2021-PA,audio,TTS,1,1,1,1,0,0,Reset Password,56.55,25.48,45.78,55,85.81,55.36,Medium,1
DIA-03270,DFDC,video,Video Manipulation,1,0,0,0,0,0,Transfer Funds,58.56,100,13.23,100,81.88,66.59,Medium,1
DIA-03271,ASVspoof2021-PA,audio,Voice Conversion,0,0,1,0,0,0,Read Information,13.09,63.2,0,20,8.99,18.2,Low,0
DIA-03272,ASVspoof2021-DF,audio,Voice Conversion,0,1,1,1,1,0,Approve Payment,22.6,6.37,74.5,80,29.35,40.51,Low,0
DIA-03273,ASVspoof2021-DF,audio,Voice Conversion,0,1,0,0,0,0,Download Sensitive Data,17.83,38.37,14.23,75,8.83,26.97,Low,0
DIA-03274,ASVspoof2021-DF,audio,TTS,1,1,0,0,0,1,Access Internal Portal,68,35.39,46,35,57.14,51.59,Medium,1
DIA-03275,ASVspoof2021-DF,audio,Audio Manipulation,0,1,0,0,0,0,Change MFA,25.47,28.26,9.31,70,19.15,28.07,Low,0
DIA-03276,ASVspoof2021-LA,audio,Replay,0,0,0,0,0,0,Reset Password,9.63,88.97,8.52,55,15.58,29.3,Low,0
DIA-03277,Celeb-DF++,video,Face Reenactment,1,1,1,1,0,1,Download Sensitive Data,89.91,0,91.09,75,90,74.44,Medium,1
DIA-03278,Celeb-DF++,video,Video Manipulation,0,0,0,0,1,1,Transfer Funds,33.34,100,60.94,100,23.95,56.98,Medium,0
DIA-03279,Celeb-DF,video,Face Swap,1,1,1,1,0,0,Download Sensitive Data,80.53,21.73,48.34,75,82.12,64.76,Medium,1
DIA-03280,DFDC,video,Face Reenactment,0,1,0,1,0,0,Approve Payment,15.75,51.28,60.04,80,25.17,41.46,Low,0
DIA-03281,ASVspoof2021-DF,audio,Replay,0,1,1,1,0,1,Download Sensitive Data,26.72,17.83,74.62,75,6.38,38.14,Low,0
DIA-03282,DFDC,video,Face Swap,1,1,1,0,0,0,Create Privileged Account,73.95,11.41,9.25,95,85.3,57.06,Medium,1
DIA-03283,Celeb-DF,video,Talking Face,0,1,0,0,0,1,Download Sensitive Data,20.8,48.19,37.28,75,11.57,34.49,Low,0
DIA-03284,DFDC,video,Video Manipulation,0,1,1,1,1,0,Change MFA,15.31,9.39,77.11,70,24.89,36.9,Low,0
DIA-03285,DFDC,video,Talking Face,1,1,1,0,0,1,Read Information,62.87,4.39,45.23,20,75.57,46.68,Low,1
DIA-03286,ASVspoof2021-DF,audio,TTS,1,1,1,0,1,1,Create Privileged Account,63.4,13.82,63.39,95,83.49,64.72,Medium,1
DIA-03287,ASVspoof2021-DF,audio,Replay,1,0,1,1,0,0,Transfer Funds,58.23,73.29,50.17,100,82.32,69.96,Medium,1
DIA-03288,Celeb-DF++,video,Face Reenactment,0,1,1,0,1,1,Transfer Funds,54.57,8.5,70.46,100,27.41,52.22,Medium,0
DIA-03289,DFDC,video,Talking Face,0,1,0,1,1,0,Approve Payment,1.52,31.62,70.74,80,5.81,32.51,Low,0
DIA-03290,Celeb-DF++,video,Talking Face,0,0,1,0,0,0,Reset Password,7.21,66.67,7.08,55,17.09,25.25,Low,0
DIA-03291,Celeb-DF,video,Face Swap,1,0,1,1,1,0,Approve Payment,77.56,73.3,70.46,80,86.65,77.68,High,1
DIA-03292,ASVspoof2021-DF,audio,TTS,1,0,1,1,0,0,Reset Password,63.5,68.84,34.04,55,85.97,61.63,Medium,1
DIA-03293,ASVspoof2021-DF,audio,TTS,1,0,0,0,0,0,Transfer Funds,62.13,100,16.49,100,96.7,71.28,Medium,1
DIA-03294,Celeb-DF++,video,Face Swap,1,1,0,0,0,0,Read Information,70.35,38.91,18.36,20,85.63,50.74,Medium,1
DIA-03295,Celeb-DF++,video,Face Reenactment,0,1,1,1,0,0,Transfer Funds,34.36,21.01,37.75,100,11.63,38.34,Low,0
DIA-03296,ASVspoof2021-PA,audio,TTS,1,1,1,1,0,0,Approve Payment,67.99,3.41,58.46,80,100,64.6,Medium,1
DIA-03297,ASVspoof2021-LA,audio,Audio Manipulation,0,1,1,0,1,1,Transfer Funds,33.14,19.7,72.81,100,29.1,48.28,Low,0
DIA-03298,Celeb-DF++,video,Video Manipulation,0,0,1,1,1,1,Access Internal Portal,9.33,66.3,100,35,20.22,42.04,Low,0
DIA-03299,Celeb-DF++,video,Face Swap,1,1,1,0,0,0,Download Sensitive Data,59.33,14.93,8.54,75,80.19,49.03,Low,1
DIA-03300,DFDC,video,Face Reenactment,1,0,1,0,1,1,Reset Password,76.44,83.49,65.06,55,92.77,75.27,High,1
DIA-03301,ASVspoof2021-PA,audio,Replay,0,0,1,1,1,0,Approve Payment,44.71,67.02,81.46,80,4.66,52.69,Medium,0
DIA-03302,Celeb-DF,video,Talking Face,0,1,0,0,1,0,Approve Payment,7.38,29.54,28.58,80,27.76,29.91,Low,0
DIA-03303,Celeb-DF,video,Talking Face,1,1,0,1,0,1,Approve Payment,63.44,30.78,99.86,80,90.93,73.81,Medium,1
DIA-03304,ASVspoof2021-PA,audio,Audio Manipulation,0,0,0,1,0,0,Approve Payment,26.76,96.38,58.11,80,17.1,49.53,Low,0
DIA-03305,ASVspoof2021-DF,audio,Replay,1,0,1,0,0,0,Read Information,66.58,70.95,1.43,20,91.48,52.2,Medium,1
DIA-03306,DFDC,video,Talking Face,1,0,0,0,1,1,Change MFA,63.1,95.62,81.47,70,88.34,77.74,High,1
DIA-03307,DFDC,video,Talking Face,0,0,1,1,0,0,Reset Password,9.62,59.72,55.11,55,5.32,32.18,Low,0
DIA-03308,DFDC,video,Talking Face,0,1,0,0,1,0,Transfer Funds,12.35,56.21,33.95,100,16.7,37.27,Low,0
DIA-03309,ASVspoof2021-DF,audio,Voice Conversion,0,1,1,0,1,0,Download Sensitive Data,23.73,26.72,39.73,75,21.31,34.58,Low,0
DIA-03310,DFDC,video,Talking Face,1,1,1,0,0,0,Access Internal Portal,62.33,16.04,16.47,35,81.38,45.92,Low,1
DIA-03311,ASVspoof2021-PA,audio,Audio Manipulation,0,1,1,0,1,0,Change MFA,30.88,2.83,29.69,70,17.75,29.68,Low,0
DIA-03312,ASVspoof2021-PA,audio,Voice Conversion,1,1,0,0,0,1,Download Sensitive Data,69.5,52.68,50.84,75,92.49,68.67,Medium,1
DIA-03313,ASVspoof2021-DF,audio,TTS,0,1,1,0,0,0,Reset Password,24.62,24.09,6.97,55,19.74,24.59,Low,0
DIA-03314,ASVspoof2021-DF,audio,Replay,1,0,1,1,0,0,Download Sensitive Data,74.06,70.82,55.7,75,100,75.23,High,1
DIA-03315,Celeb-DF,video,Video Manipulation,0,1,1,0,1,0,Create Privileged Account,13.56,24.59,34.05,95,9.51,30.72,Low,0
DIA-03316,DFDC,video,Video Manipulation,0,0,0,0,1,0,Download Sensitive Data,27.16,91.05,27.95,75,22.48,43.14,Low,0
DIA-03317,ASVspoof2021-DF,audio,Replay,1,1,0,0,0,0,Download Sensitive Data,52.61,32.32,14.41,75,71.87,49.14,Low,1
DIA-03318,DFDC,video,Video Manipulation,1,1,0,1,0,1,Approve Payment,69.91,41.26,82.35,80,90.58,73.75,Medium,1
DIA-03319,DFDC,video,Face Reenactment,0,1,1,0,0,1,Reset Password,18.45,2.58,46.08,55,6.58,24.7,Low,0
DIA-03320,Celeb-DF,video,Face Reenactment,0,0,0,0,1,0,Approve Payment,22.2,86.12,37.86,80,20.14,43.18,Low,0
DIA-03321,DFDC,video,Face Reenactment,1,0,1,0,1,0,Read Information,72.94,74.35,45.28,20,95.86,64.26,Medium,1
DIA-03322,Celeb-DF++,video,Face Reenactment,0,1,1,0,1,1,Create Privileged Account,14.03,16.92,66.95,95,15.98,37.58,Low,0
DIA-03323,ASVspoof2021-DF,audio,Replay,0,1,1,0,0,0,Change MFA,7.48,3.95,4.06,70,4.95,15.14,Low,0
DIA-03324,ASVspoof2021-LA,audio,Audio Manipulation,0,1,1,1,0,0,Create Privileged Account,23.86,11.73,61.52,95,26.47,40.77,Low,0
DIA-03325,ASVspoof2021-DF,audio,Voice Conversion,0,1,1,0,0,0,Reset Password,1.09,4.3,10.02,55,15.51,14.33,Low,0
DIA-03326,ASVspoof2021-LA,audio,TTS,1,1,1,0,0,0,Transfer Funds,77.09,11.09,6.18,100,85.5,58.13,Medium,1
DIA-03327,Celeb-DF++,video,Video Manipulation,1,1,0,0,0,1,Download Sensitive Data,68.54,35.22,47.54,75,75.42,61.69,Medium,1
DIA-03328,ASVspoof2021-LA,audio,Audio Manipulation,1,0,0,0,1,0,Transfer Funds,53.14,100,32.59,100,65.79,65.62,Medium,1
DIA-03329,Celeb-DF++,video,Video Manipulation,1,0,1,1,0,0,Reset Password,57.92,68.75,48.13,55,100,65.56,Medium,1
DIA-03330,DFDC,video,Face Reenactment,0,1,0,0,1,0,Download Sensitive Data,21.44,38.05,53.02,75,12.2,36.43,Low,0
DIA-03331,ASVspoof2021-PA,audio,Replay,1,0,1,1,0,1,Approve Payment,79.15,66.86,78.08,80,77.85,76.96,High,1
DIA-03332,Celeb-DF,video,Talking Face,0,1,1,0,0,0,Approve Payment,9.55,1.24,0,80,17.22,18.5,Low,0
DIA-03333,DFDC,video,Video Manipulation,0,0,1,0,0,1,Reset Password,21.75,69.21,53.58,55,8.27,37.53,Low,0
DIA-03334,Celeb-DF,video,Video Manipulation,1,1,1,0,0,1,Change MFA,58.58,18.86,42.35,70,86.13,56.6,Medium,1
DIA-03335,Celeb-DF,video,Video Manipulation,0,1,1,0,1,1,Access Internal Portal,20.16,16.85,72.23,35,29.2,34.11,Low,0
DIA-03336,Celeb-DF,video,Face Reenactment,0,0,1,0,0,0,Approve Payment,34.23,75.54,14.47,80,11.04,38.7,Low,0
DIA-03337,Celeb-DF++,video,Face Swap,0,1,0,0,0,1,Change MFA,46.44,45.93,32.75,70,20.92,42.06,Low,0
DIA-03338,ASVspoof2021-PA,audio,TTS,1,0,1,0,0,0,Read Information,63.67,87.58,17.98,20,86.8,56.19,Medium,1
DIA-03339,Celeb-DF,video,Video Manipulation,0,0,0,0,1,1,Reset Password,27.75,85.97,66.07,55,7.97,44.28,Low,0
DIA-03340,Celeb-DF++,video,Video Manipulation,1,1,0,0,1,0,Reset Password,70.32,41.88,48.29,55,76.38,60.56,Medium,1
DIA-03341,Celeb-DF,video,Face Swap,1,1,1,0,1,0,Download Sensitive Data,47.07,17.77,29.43,75,77.72,49.47,Low,1
DIA-03342,ASVspoof2021-LA,audio,Voice Conversion,1,1,1,0,0,0,Transfer Funds,53.35,12.44,20.96,100,97.98,56.66,Medium,1
DIA-03343,DFDC,video,Face Swap,0,1,1,1,0,1,Transfer Funds,2.53,9.94,97.23,100,4.96,37.69,Low,0
DIA-03344,DFDC,video,Face Reenactment,1,1,1,0,0,0,Approve Payment,70.94,18.99,6.57,80,82.19,53.88,Medium,1
DIA-03345,Celeb-DF++,video,Talking Face,0,0,1,1,1,0,Transfer Funds,44.4,73.22,73.67,100,45.42,63.12,Medium,0
DIA-03346,ASVspoof2021-DF,audio,Replay,1,1,1,0,0,1,Read Information,82.72,6.58,42.8,20,94.84,56.33,Medium,1
DIA-03347,ASVspoof2021-LA,audio,Voice Conversion,1,1,1,0,0,0,Create Privileged Account,66.49,0.62,20.64,95,68.37,52.09,Medium,1
DIA-03348,ASVspoof2021-DF,audio,Voice Conversion,0,1,1,1,0,0,Download Sensitive Data,21.94,11.07,51.26,75,15.38,32.82,Low,0
DIA-03349,ASVspoof2021-LA,audio,Replay,1,0,1,1,0,0,Reset Password,67.12,64.61,53.73,55,89.05,66.63,Medium,1
DIA-03350,Celeb-DF,video,Talking Face,1,0,1,1,0,1,Reset Password,87.66,74.82,84,55,100,82.57,High,1
DIA-03351,DFDC,video,Face Swap,0,1,1,0,0,0,Reset Password,20.37,7.61,13.3,55,29.63,24.09,Low,0
DIA-03352,DFDC,video,Face Swap,0,1,0,0,0,0,Create Privileged Account,18.69,38.58,13.76,95,21.71,32.74,Low,0
DIA-03353,DFDC,video,Face Reenactment,1,0,1,1,1,1,Change MFA,63.86,56.34,100,70,89.42,75.99,High,1
DIA-03354,Celeb-DF,video,Face Reenactment,1,1,1,1,0,1,Read Information,82.61,2.59,97.41,20,75.96,62.85,Medium,1
DIA-03355,Celeb-DF++,video,Video Manipulation,1,0,1,0,0,0,Transfer Funds,64.35,63.84,8.57,100,76.85,60.96,Medium,1
DIA-03356,Celeb-DF,video,Video Manipulation,0,0,1,0,0,0,Download Sensitive Data,22.37,68,17.21,75,5.92,32.79,Low,0
DIA-03357,ASVspoof2021-DF,audio,Replay,1,0,1,0,0,0,Change MFA,76.99,63.44,1.17,70,95.52,62.45,Medium,1
DIA-03358,Celeb-DF++,video,Face Swap,1,1,1,0,0,0,Approve Payment,48.02,16.14,14.79,80,82.39,48.26,Low,1
DIA-03359,ASVspoof2021-DF,audio,TTS,1,0,1,0,0,0,Reset Password,62.75,56.39,17.45,55,83.64,55.75,Medium,1
DIA-03360,ASVspoof2021-DF,audio,Voice Conversion,0,0,1,0,0,1,Download Sensitive Data,18.15,68.28,46.86,75,30.43,42.4,Low,0
DIA-03361,Celeb-DF,video,Talking Face,0,1,1,0,0,0,Read Information,12.18,13.37,17.53,20,19.89,16.14,Low,0
DIA-03362,Celeb-DF,video,Talking Face,1,0,0,0,0,0,Reset Password,53.71,83.42,5.05,55,90.67,56.02,Medium,1
DIA-03363,ASVspoof2021-DF,audio,TTS,0,1,1,0,0,0,Reset Password,10,16.83,13.31,55,21.31,20.7,Low,0
DIA-03364,ASVspoof2021-DF,audio,Audio Manipulation,0,0,1,0,0,1,Create Privileged Account,10.92,52.65,34.35,95,22.41,36.78,Low,0
DIA-03365,Celeb-DF,video,Face Reenactment,1,1,1,0,0,0,Create Privileged Account,75.07,9.52,11.04,95,76.38,55.68,Medium,1
DIA-03366,Celeb-DF,video,Talking Face,0,1,1,1,0,0,Create Privileged Account,27.15,21.3,44.45,95,27.56,39.99,Low,0
DIA-03367,ASVspoof2021-DF,audio,TTS,0,1,1,0,0,0,Change MFA,21.39,0,9.52,70,21.61,23.14,Low,0
DIA-03368,ASVspoof2021-DF,audio,Audio Manipulation,0,1,1,1,0,1,Reset Password,6.8,20.37,94.65,55,10.02,34.28,Low,0
DIA-03369,DFDC,video,Talking Face,1,1,1,0,0,0,Download Sensitive Data,87.44,5.67,22.16,75,95.02,61.77,Medium,1
DIA-03370,Celeb-DF++,video,Face Swap,1,0,0,0,0,0,Reset Password,61.51,90.28,1.02,55,93.95,59.24,Medium,1
DIA-03371,ASVspoof2021-PA,audio,Voice Conversion,0,1,1,1,0,1,Download Sensitive Data,47.19,26.25,93.72,75,22.91,52.67,Medium,0
DIA-03372,DFDC,video,Face Reenactment,0,0,1,0,0,0,Approve Payment,26.24,64.98,19.79,80,11.81,35.94,Low,0
DIA-03373,ASVspoof2021-LA,audio,TTS,1,1,1,0,0,0,Transfer Funds,63.45,27.91,12.27,100,76.53,55.98,Medium,1
DIA-03374,DFDC,video,Video Manipulation,0,1,1,1,0,0,Reset Password,45.48,12.56,59.51,55,10.81,37.84,Low,0
DIA-03375,Celeb-DF++,video,Video Manipulation,1,0,1,0,0,0,Read Information,72.24,69.32,7.1,20,83.54,53.2,Medium,1
DIA-03376,Celeb-DF++,video,Video Manipulation,1,1,1,0,0,0,Reset Password,63.49,21.74,6.4,55,88.18,49.47,Low,1
DIA-03377,DFDC,video,Face Reenactment,0,0,0,1,0,0,Create Privileged Account,18.7,99.35,46.43,95,32.28,50.5,Medium,0
DIA-03378,ASVspoof2021-PA,audio,Replay,0,0,0,0,0,0,Change MFA,29.35,96.23,15,70,12.09,39.16,Low,0
DIA-03379,Celeb-DF++,video,Face Reenactment,0,1,1,0,0,1,Change MFA,17.1,11.29,44.32,70,19.51,30.09,Low,0
DIA-03380,ASVspoof2021-PA,audio,Voice Conversion,1,0,1,1,0,0,Change MFA,66.84,57.59,44.99,70,83.91,64.97,Medium,1
DIA-03381,Celeb-DF,video,Talking Face,0,1,1,1,0,0,Reset Password,16.43,2.98,45.32,55,16.03,25.9,Low,0
DIA-03382,ASVspoof2021-LA,audio,Voice Conversion,1,1,1,0,1,0,Create Privileged Account,57.69,25.51,35.01,95,67.65,55.92,Medium,1
DIA-03383,ASVspoof2021-PA,audio,Audio Manipulation,1,1,0,0,0,0,Approve Payment,58.36,53.6,4.06,80,72.49,52.86,Medium,1
DIA-03384,ASVspoof2021-DF,audio,TTS,1,0,1,1,0,1,Transfer Funds,95.5,71.04,89.68,100,100,92.24,High,1
DIA-03385,DFDC,video,Face Swap,1,1,1,1,0,0,Read Information,82.08,0.81,58.37,20,96.6,58.74,Medium,1
DIA-03386,ASVspoof2021-DF,audio,Audio Manipulation,0,1,1,0,0,0,Approve Payment,20.59,8.82,16.82,80,19.69,26.8,Low,0
DIA-03387,ASVspoof2021-DF,audio,Audio Manipulation,1,0,1,0,1,0,Read Information,59.98,63.42,55.38,20,86.15,58.81,Medium,1
DIA-03388,ASVspoof2021-PA,audio,Audio Manipulation,1,1,1,0,0,0,Read Information,59.93,10.55,12.88,20,88.67,42.87,Low,1
DIA-03389,Celeb-DF++,video,Face Reenactment,0,0,1,0,1,0,Create Privileged Account,13.97,62.92,46.87,95,11.46,39.54,Low,0
DIA-03390,Celeb-DF,video,Face Reenactment,0,1,1,1,0,0,Reset Password,42.68,19.16,51.29,55,19.01,37.99,Low,0
DIA-03391,DFDC,video,Face Swap,0,1,1,1,1,1,Reset Password,31.2,16.98,100,55,14.26,43.01,Low,0
DIA-03392,ASVspoof2021-DF,audio,Voice Conversion,0,1,1,0,0,0,Access Internal Portal,26.22,27.64,10.83,35,20.08,23.44,Low,0
DIA-03393,ASVspoof2021-PA,audio,Replay,1,1,1,1,0,0,Read Information,73.2,11.89,51.16,20,74.94,51.96,Medium,1
DIA-03394,DFDC,video,Face Reenactment,0,1,0,1,0,0,Approve Payment,13.26,41.6,49.13,80,9.34,33.91,Low,0
DIA-03395,ASVspoof2021-LA,audio,Voice Conversion,1,0,1,0,1,1,Download Sensitive Data,72.13,75.93,62.42,75,89.59,74.68,Medium,1
DIA-03396,ASVspoof2021-PA,audio,TTS,1,0,1,1,0,0,Download Sensitive Data,59.17,78.17,43.14,75,78.62,65.08,Medium,1
DIA-03397,DFDC,video,Face Reenactment,0,1,1,0,0,0,Access Internal Portal,31.15,5.12,17.93,35,4.03,19.76,Low,0
DIA-03398,DFDC,video,Talking Face,1,1,1,1,0,1,Transfer Funds,67.77,18.24,90.84,100,80.53,72.34,Medium,1
DIA-03399,ASVspoof2021-DF,audio,Replay,0,1,1,0,1,1,Read Information,16.71,16.17,82.45,20,21.09,31.15,Low,0
DIA-03400,ASVspoof2021-DF,audio,Replay,0,1,1,0,0,0,Change MFA,26.94,17.42,7.25,70,19.78,26.6,Low,0
DIA-03401,DFDC,video,Video Manipulation,0,1,1,0,0,0,Download Sensitive Data,10.32,15.48,6.6,75,0,17.99,Low,0
DIA-03402,ASVspoof2021-LA,audio,TTS,0,1,1,0,0,0,Read Information,15.59,28.7,1.96,20,25.19,17.41,Low,0
DIA-03403,Celeb-DF++,video,Face Reenactment,0,0,1,0,1,0,Download Sensitive Data,0,62.87,42.39,75,9.78,31.11,Low,0
DIA-03404,ASVspoof2021-PA,audio,Replay,0,0,0,0,1,0,Download Sensitive Data,14.45,87.4,28.76,75,18.66,38.18,Low,0
DIA-03405,ASVspoof2021-LA,audio,Voice Conversion,0,0,1,0,0,0,Download Sensitive Data,24.54,63.43,9.78,75,27.54,35.59,Low,0
DIA-03406,ASVspoof2021-LA,audio,Audio Manipulation,0,1,1,0,0,0,Reset Password,11.11,12.68,12.19,55,13.66,18.66,Low,0
DIA-03407,Celeb-DF++,video,Face Swap,1,1,0,0,0,0,Transfer Funds,72.15,42.35,0,100,67.86,56.57,Medium,1
DIA-03408,Celeb-DF,video,Face Swap,0,1,0,0,0,1,Access Internal Portal,22.82,36.35,50.44,35,33.51,34.34,Low,0
DIA-03409,Celeb-DF++,video,Face Reenactment,1,1,1,0,0,1,Approve Payment,82.97,23.05,52.07,80,67.87,64.34,Medium,1
DIA-03410,DFDC,video,Face Reenactment,1,1,1,1,0,0,Reset Password,62.92,14.97,51.94,55,79.74,55.71,Medium,1
DIA-03411,ASVspoof2021-DF,audio,Audio Manipulation,1,0,1,1,0,0,Change MFA,68.34,69.23,49.39,70,95.75,70.41,Medium,1
DIA-03412,DFDC,video,Face Reenactment,1,1,0,0,0,1,Access Internal Portal,54.83,29.36,44.77,35,74.43,49.94,Low,1
DIA-03413,Celeb-DF++,video,Face Reenactment,1,1,1,0,0,0,Approve Payment,64.99,29.57,19.8,80,77.5,55.39,Medium,1
DIA-03414,DFDC,video,Face Swap,1,1,0,0,0,0,Access Internal Portal,61.36,39.62,10.37,35,80.39,47.75,Low,1
DIA-03415,Celeb-DF,video,Face Reenactment,1,0,1,0,1,0,Reset Password,76.56,83.1,34.86,55,84.51,67.56,Medium,1
DIA-03416,DFDC,video,Talking Face,1,1,1,0,1,0,Change MFA,59.13,10.02,30.19,70,74.04,50.59,Medium,1
DIA-03417,ASVspoof2021-DF,audio,Replay,0,0,0,0,0,0,Read Information,13.34,100,0,20,9.61,23.92,Low,0
DIA-03418,ASVspoof2021-LA,audio,Replay,1,1,1,0,0,1,Create Privileged Account,63.57,10.5,52.67,95,92.57,63.94,Medium,1
DIA-03419,DFDC,video,Face Reenactment,1,1,1,1,1,0,Reset Password,71.3,29.55,74.98,55,80.04,65.08,Medium,1
DIA-03420,ASVspoof2021-LA,audio,TTS,0,0,1,0,1,0,Transfer Funds,39.87,78.97,28.87,100,26.49,49.88,Low,0
DIA-03421,ASVspoof2021-LA,audio,TTS,1,1,1,0,0,1,Approve Payment,32.53,21.8,59.77,80,66.92,50.37,Medium,1
DIA-03422,Celeb-DF,video,Face Swap,1,0,1,0,0,0,Reset Password,65.47,64.2,13.08,55,95.83,59.3,Medium,1
DIA-03423,ASVspoof2021-DF,audio,Replay,1,1,1,0,1,0,Approve Payment,78.92,30.25,33.56,80,95.17,65.96,Medium,1
DIA-03424,Celeb-DF++,video,Video Manipulation,0,1,1,1,0,1,Change MFA,22.34,31.3,92.13,70,16.78,43.68,Low,0
DIA-03425,DFDC,video,Video Manipulation,0,1,1,0,0,0,Change MFA,23.8,11.96,12.58,70,23.72,26.69,Low,0
DIA-03426,Celeb-DF++,video,Face Reenactment,0,0,0,0,0,0,Create Privileged Account,30.95,96.29,12.44,95,33.43,47.15,Low,0
DIA-03427,DFDC,video,Face Swap,1,0,1,0,1,0,Approve Payment,62.96,77.41,30.74,80,73.72,63.39,Medium,1
DIA-03428,ASVspoof2021-LA,audio,Replay,1,1,1,0,0,0,Transfer Funds,58.82,0,14.87,100,72.2,50.06,Medium,1
DIA-03429,ASVspoof2021-PA,audio,TTS,1,1,1,0,0,0,Transfer Funds,76.29,24.17,16.58,100,89.44,62.72,Medium,1
DIA-03430,ASVspoof2021-LA,audio,Replay,0,1,1,0,0,1,Create Privileged Account,28.45,23.19,40.78,95,7.48,35.92,Low,0
DIA-03431,ASVspoof2021-DF,audio,Voice Conversion,0,1,0,0,0,0,Change MFA,17.31,35.49,0,70,2.36,21.49,Low,0
DIA-03432,ASVspoof2021-DF,audio,Audio Manipulation,1,1,0,0,0,0,Change MFA,72.72,22.46,16.65,70,70.75,53.16,Medium,1
DIA-03433,ASVspoof2021-PA,audio,Replay,1,1,0,0,0,1,Transfer Funds,81.56,42.67,49.4,100,88.73,73.49,Medium,1
DIA-03434,Celeb-DF,video,Talking Face,1,0,0,0,0,0,Create Privileged Account,65.42,85.93,15.89,95,65.03,62.95,Medium,1
DIA-03435,DFDC,video,Face Reenactment,0,1,1,1,1,1,Reset Password,31.36,2.29,100,55,16.21,41.24,Low,0
DIA-03436,ASVspoof2021-DF,audio,Audio Manipulation,0,1,1,0,0,0,Approve Payment,23.75,17.97,16.74,80,0,25.17,Low,0
DIA-03437,Celeb-DF,video,Talking Face,1,0,1,0,0,0,Download Sensitive Data,60.92,80.54,5.43,75,86.17,59.93,Medium,1
DIA-03438,Celeb-DF,video,Talking Face,1,1,0,0,0,0,Read Information,79.07,38.25,8.69,20,91.31,52.46,Medium,1
DIA-03439,DFDC,video,Face Reenactment,0,0,1,1,0,0,Read Information,11.66,79.48,42.67,20,13,29.55,Low,0
DIA-03440,ASVspoof2021-DF,audio,Voice Conversion,1,1,1,0,0,1,Read Information,69.56,20.31,53.1,20,95.02,56.54,Medium,1
DIA-03441,Celeb-DF,video,Video Manipulation,1,1,0,0,0,0,Reset Password,74.44,29.01,9.67,55,92.77,55.42,Medium,1
DIA-03442,DFDC,video,Face Reenactment,1,1,1,0,0,1,Transfer Funds,59.38,10.57,46.62,100,74.72,58.67,Medium,1
DIA-03443,DFDC,video,Face Swap,0,1,0,0,0,1,Reset Password,32.58,48.63,48.03,55,12.25,37.37,Low,0
DIA-03444,Celeb-DF,video,Face Reenactment,0,0,0,0,0,0,Transfer Funds,20.09,90.5,8.33,100,24.98,41.26,Low,0
DIA-03445,ASVspoof2021-LA,audio,Voice Conversion,1,1,0,0,0,1,Change MFA,85.58,46.55,50.76,70,94.56,72.22,Medium,1
DIA-03446,Celeb-DF,video,Face Reenactment,1,1,1,0,0,0,Change MFA,72.74,11.72,21.61,70,82.76,54.95,Medium,1
DIA-03447,ASVspoof2021-DF,audio,TTS,1,1,1,0,0,0,Reset Password,64.21,20.77,16.86,55,67.22,47.44,Low,1
DIA-03448,ASVspoof2021-LA,audio,TTS,1,1,0,0,0,0,Approve Payment,68.55,43.43,0,80,92.5,57.58,Medium,1
DIA-03449,Celeb-DF,video,Face Reenactment,0,1,1,0,1,0,Download Sensitive Data,20.94,13.01,35.77,75,17.84,30.21,Low,0
DIA-03450,ASVspoof2021-LA,audio,Voice Conversion,0,0,1,0,0,0,Reset Password,40.26,75.54,11.09,55,21.54,38.18,Low,0
DIA-03451,ASVspoof2021-DF,audio,TTS,0,1,0,0,1,0,Create Privileged Account,18.93,22.72,43.7,95,0,32.08,Low,0
DIA-03452,ASVspoof2021-DF,audio,Voice Conversion,1,1,0,1,1,0,Approve Payment,69.48,31.31,71.16,80,89.17,69.61,Medium,1
DIA-03453,DFDC,video,Face Reenactment,0,1,0,1,1,1,Approve Payment,25.85,36.29,100,80,17.91,48.78,Low,0
DIA-03454,DFDC,video,Face Swap,1,1,1,0,1,1,Change MFA,73.08,24.38,75.85,70,80.41,67.33,Medium,1
DIA-03455,ASVspoof2021-PA,audio,Voice Conversion,1,1,1,0,0,0,Approve Payment,53.52,3.43,9.87,80,72.85,45.11,Low,1
DIA-03456,ASVspoof2021-LA,audio,Voice Conversion,1,0,0,1,0,1,Reset Password,71.79,94.72,80.63,55,85.95,77.31,High,1
DIA-03457,ASVspoof2021-PA,audio,TTS,1,0,1,0,0,1,Transfer Funds,59.87,72.54,43.18,100,86.18,69.71,Medium,1
DIA-03458,ASVspoof2021-PA,audio,Audio Manipulation,1,1,1,0,0,1,Change MFA,61.3,16.98,35.12,70,78.89,54.24,Medium,1
DIA-03459,DFDC,video,Face Swap,0,1,1,0,0,0,Reset Password,26.85,14.21,11.19,55,23.75,25.42,Low,0
DIA-03460,ASVspoof2021-LA,audio,Replay,1,1,0,0,0,0,Change MFA,66.29,35.04,7.87,70,73.2,51.86,Medium,1
DIA-03461,Celeb-DF++,video,Talking Face,0,0,1,0,0,0,Transfer Funds,9.84,68.03,13.73,100,8.59,32.62,Low,0
DIA-03462,ASVspoof2021-LA,audio,Audio Manipulation,0,1,1,1,0,0,Transfer Funds,21.35,22.8,48.57,100,23.51,39.24,Low,0
DIA-03463,DFDC,video,Talking Face,1,1,1,1,0,0,Reset Password,68.29,9.49,50.25,55,80.43,56.3,Medium,1
DIA-03464,Celeb-DF,video,Talking Face,1,0,1,0,0,0,Transfer Funds,66.58,52.73,6.81,100,99.1,64.07,Medium,1
DIA-03465,ASVspoof2021-LA,audio,Audio Manipulation,1,1,0,0,1,0,Reset Password,49.42,43.73,33.22,55,81.85,52.65,Medium,1
DIA-03466,ASVspoof2021-LA,audio,Audio Manipulation,0,0,1,1,0,0,Access Internal Portal,11,81.97,42.09,35,4.24,30.11,Low,0
DIA-03467,ASVspoof2021-DF,audio,TTS,1,1,1,1,0,0,Access Internal Portal,55.14,6.59,57.23,35,66.66,47.56,Low,1
DIA-03468,Celeb-DF,video,Video Manipulation,1,1,1,0,0,0,Reset Password,56.1,25.89,9.71,55,88.09,48.52,Low,1
DIA-03469,Celeb-DF,video,Face Reenactment,1,1,1,0,0,0,Reset Password,58.05,19.17,0,55,76.05,43.75,Low,1
DIA-03470,ASVspoof2021-PA,audio,TTS,0,1,1,1,0,1,Reset Password,16.62,5.75,73.9,55,24.41,33.76,Low,0
DIA-03471,Celeb-DF++,video,Talking Face,1,1,0,0,0,1,Change MFA,79.41,34.37,52.26,70,81.99,66.33,Medium,1
DIA-03472,Celeb-DF++,video,Video Manipulation,1,1,1,0,0,1,Read Information,91.24,9.02,44.7,20,91.99,59.06,Medium,1
DIA-03473,ASVspoof2021-DF,audio,TTS,1,0,1,0,1,0,Change MFA,75.08,71.35,34.86,70,82.75,67.25,Medium,1
DIA-03474,Celeb-DF++,video,Face Swap,0,1,1,0,0,0,Download Sensitive Data,11.78,13.55,9.98,75,17.24,22.26,Low,0
DIA-03475,ASVspoof2021-DF,audio,Audio Manipulation,1,1,0,0,0,0,Change MFA,68.31,48.84,13.41,70,90.64,59.13,Medium,1
DIA-03476,Celeb-DF++,video,Talking Face,0,1,0,0,0,0,Change MFA,17.27,46.79,20.71,70,16.49,30.14,Low,0
DIA-03477,ASVspoof2021-LA,audio,TTS,0,1,1,1,0,1,Access Internal Portal,21.3,2.64,88.12,35,23.27,34.31,Low,0
DIA-03478,ASVspoof2021-PA,audio,Audio Manipulation,0,0,1,0,0,0,Read Information,32.57,58.65,12.15,20,4.86,24.97,Low,0
DIA-03479,ASVspoof2021-PA,audio,Voice Conversion,1,1,1,1,0,0,Transfer Funds,93.08,19.91,46,100,94.01,73.91,Medium,1
DIA-03480,ASVspoof2021-DF,audio,Voice Conversion,1,0,0,1,0,1,Transfer Funds,59.83,90.88,74.2,100,82.16,77.85,High,1
DIA-03481,Celeb-DF++,video,Face Reenactment,0,1,0,1,0,0,Change MFA,38.84,38.6,53.32,70,19.35,42.48,Low,0
DIA-03482,ASVspoof2021-DF,audio,Replay,0,1,0,0,0,0,Create Privileged Account,11.5,44.37,13.89,95,0,27.13,Low,0
DIA-03483,ASVspoof2021-LA,audio,TTS,0,0,0,1,0,1,Access Internal Portal,25.11,100,92.7,35,3.26,46.98,Low,0
DIA-03484,ASVspoof2021-DF,audio,Voice Conversion,0,1,1,0,0,0,Access Internal Portal,21.11,5.13,21.98,35,19.32,20.61,Low,0
DIA-03485,ASVspoof2021-DF,audio,Voice Conversion,1,1,1,0,0,1,Download Sensitive Data,88.02,0,36.88,75,92.19,63.47,Medium,1
DIA-03486,ASVspoof2021-LA,audio,TTS,0,1,1,1,0,0,Approve Payment,26.09,14.09,45.7,80,22.21,35.52,Low,0
DIA-03487,ASVspoof2021-DF,audio,Audio Manipulation,0,0,0,0,0,0,Approve Payment,22.54,88.16,14.68,80,17.57,38.44,Low,0
DIA-03488,ASVspoof2021-LA,audio,TTS,1,1,1,1,0,0,Reset Password,80.39,15.53,50.01,55,76.31,59.96,Medium,1
DIA-03489,DFDC,video,Video Manipulation,0,1,1,0,0,0,Transfer Funds,29.12,14.29,20.1,100,10.03,31.91,Low,0
DIA-03490,Celeb-DF++,video,Face Swap,1,1,1,0,0,0,Approve Payment,71.62,7.2,8.64,80,65.92,49.48,Low,1
DIA-03491,ASVspoof2021-DF,audio,Voice Conversion,1,1,1,1,0,0,Reset Password,82.19,31.69,64.01,55,88.67,68.2,Medium,1
DIA-03492,DFDC,video,Face Swap,1,0,0,0,0,0,Change MFA,59.42,95.14,10.39,70,99.01,64.48,Medium,1
DIA-03493,ASVspoof2021-LA,audio,Voice Conversion,1,1,1,0,0,0,Reset Password,46.92,10.41,21.39,55,77.9,43.75,Low,1
DIA-03494,ASVspoof2021-DF,audio,Replay,0,1,0,1,0,0,Access Internal Portal,43.07,40.81,33.15,35,15.93,34.11,Low,0
DIA-03495,DFDC,video,Face Swap,1,1,1,0,0,0,Read Information,54.59,19.24,13.4,20,80.88,41.12,Low,1
DIA-03496,ASVspoof2021-LA,audio,Replay,1,1,1,0,0,0,Change MFA,60.13,9.94,10.16,70,80.81,48.22,Low,1
DIA-03497,ASVspoof2021-DF,audio,Audio Manipulation,0,0,0,0,0,0,Read Information,14.35,100,0,20,0,22.3,Low,0
DIA-03498,ASVspoof2021-LA,audio,Voice Conversion,1,1,0,0,0,0,Transfer Funds,60.46,27.82,9.89,100,84.4,56.17,Medium,1
DIA-03499,Celeb-DF,video,Face Swap,1,0,0,0,0,1,Transfer Funds,63.01,83.38,36.34,100,81.78,70.03,Medium,1
DIA-03500,ASVspoof2021-LA,audio,Replay,1,1,1,0,1,0,Approve Payment,71.1,2.21,31.36,80,83.24,56.58,Medium,1
DIA-03501,Celeb-DF++,video,Face Swap,1,1,1,0,1,1,Create Privileged Account,76.22,15.03,72.14,95,100,73.8,Medium,1
DIA-03502,ASVspoof2021-DF,audio,TTS,0,1,0,1,0,0,Approve Payment,29.82,43.78,49.14,80,18.54,41.05,Low,0
DIA-03503,DFDC,video,Face Reenactment,1,1,0,0,1,0,Approve Payment,72.13,37.36,37.49,80,100,66.74,Medium,1
DIA-03504,ASVspoof2021-DF,audio,Voice Conversion,1,1,0,1,0,0,Create Privileged Account,66.42,43.76,51.1,95,76.16,66.19,Medium,1
DIA-03505,ASVspoof2021-DF,audio,TTS,1,1,0,0,0,0,Download Sensitive Data,61.4,43.65,26.48,75,68.76,55.27,Medium,1
DIA-03506,ASVspoof2021-DF,audio,Audio Manipulation,0,0,1,0,1,1,Create Privileged Account,35.31,67.11,71.81,95,13.54,51.98,Medium,0
DIA-03507,Celeb-DF++,video,Talking Face,1,0,1,1,1,1,Access Internal Portal,70.26,73.42,100,35,95.13,76.37,High,1
DIA-03508,ASVspoof2021-LA,audio,Audio Manipulation,1,1,0,0,0,0,Transfer Funds,60.05,38.43,12.95,100,75.18,56.41,Medium,1
DIA-03509,ASVspoof2021-DF,audio,Voice Conversion,0,1,1,0,1,0,Approve Payment,28.22,11.73,34.82,80,6.22,30.43,Low,0
DIA-03510,Celeb-DF,video,Face Reenactment,1,0,0,1,0,0,Read Information,70.8,91.01,38.91,20,87.76,63.23,Medium,1
DIA-03511,ASVspoof2021-PA,audio,Audio Manipulation,1,1,1,1,1,0,Access Internal Portal,65.44,16.86,79.84,35,79.91,59.36,Medium,1
DIA-03512,ASVspoof2021-DF,audio,TTS,1,1,0,0,0,0,Access Internal Portal,60.55,49.74,19.03,35,87.31,52.14,Medium,1
DIA-03513,ASVspoof2021-PA,audio,Voice Conversion,1,0,0,1,0,0,Access Internal Portal,83.36,85.36,60.89,35,81.8,71.6,Medium,1
DIA-03514,ASVspoof2021-PA,audio,Audio Manipulation,0,1,1,1,0,0,Create Privileged Account,29.45,11.16,54.83,95,11.05,37.94,Low,0
DIA-03515,ASVspoof2021-PA,audio,Voice Conversion,1,1,0,0,0,0,Create Privileged Account,68.6,41.3,8.12,95,99.08,62.46,Medium,1
DIA-03516,ASVspoof2021-LA,audio,Audio Manipulation,1,1,1,0,0,0,Transfer Funds,53.17,29.05,11.84,100,72.8,52.24,Medium,1
DIA-03517,ASVspoof2021-DF,audio,Voice Conversion,1,1,1,0,0,0,Access Internal Portal,68.65,18.45,22.5,35,76.64,48.44,Low,1
DIA-03518,DFDC,video,Face Reenactment,0,1,0,0,0,0,Download Sensitive Data,15.66,33.5,8.43,75,20.07,26.67,Low,0
DIA-03519,ASVspoof2021-DF,audio,Audio Manipulation,0,0,1,0,0,0,Create Privileged Account,7.96,62.61,1.65,95,0,26.36,Low,0
DIA-03520,ASVspoof2021-LA,audio,TTS,1,0,1,0,0,0,Transfer Funds,59.38,77.88,25.47,100,88.44,67.28,Medium,1
DIA-03521,Celeb-DF++,video,Video Manipulation,0,1,1,0,0,0,Read Information,25.66,12.49,2.87,20,34.51,20.05,Low,0
DIA-03522,ASVspoof2021-LA,audio,TTS,1,0,0,0,0,0,Approve Payment,79.67,85.15,0,80,94.7,67.61,Medium,1
DIA-03523,DFDC,video,Face Reenactment,1,0,1,0,0,0,Read Information,54.37,78.11,12.23,20,71.22,47.72,Low,1
DIA-03524,Celeb-DF,video,Talking Face,1,1,1,0,0,0,Read Information,55.76,17.47,12.86,20,74.43,39.81,Low,1
DIA-03525,Celeb-DF++,video,Talking Face,0,0,1,0,0,0,Create Privileged Account,25.64,60.45,13.21,95,18.99,37.45,Low,0
DIA-03526,Celeb-DF++,video,Video Manipulation,1,0,1,0,1,0,Transfer Funds,61.5,59.28,41.15,100,85.66,67.7,Medium,1
DIA-03527,DFDC,video,Video Manipulation,0,0,0,0,1,0,Access Internal Portal,24.08,77.66,33.87,35,32.55,37.41,Low,0
DIA-03528,DFDC,video,Talking Face,1,0,1,0,0,0,Create Privileged Account,61.35,65.02,8.97,95,96.46,63.49,Medium,1
DIA-03529,ASVspoof2021-LA,audio,Replay,0,1,0,0,0,0,Transfer Funds,24.35,42.44,5.99,100,16.15,33.1,Low,0
DIA-03530,Celeb-DF++,video,Face Reenactment,1,1,0,0,0,0,Download Sensitive Data,50.89,47.68,10.96,75,74.94,50.85,Medium,1
DIA-03531,DFDC,video,Video Manipulation,0,0,0,0,1,0,Access Internal Portal,24.04,98.4,38.79,35,10.98,37.18,Low,0
DIA-03532,DFDC,video,Talking Face,0,0,0,0,1,0,Approve Payment,0,84.56,41.35,80,17.8,36.51,Low,0
DIA-03533,Celeb-DF++,video,Face Swap,1,1,1,0,1,0,Download Sensitive Data,76.18,12.73,28.72,75,95.76,60.91,Medium,1
DIA-03534,DFDC,video,Video Manipulation,1,1,0,0,1,1,Reset Password,70.63,51.44,61.28,55,85.27,66.46,Medium,1
DIA-03535,ASVspoof2021-DF,audio,Voice Conversion,1,1,1,0,0,0,Create Privileged Account,70.85,10.9,16.19,95,84.7,57.32,Medium,1
DIA-03536,ASVspoof2021-LA,audio,Voice Conversion,1,0,1,0,0,0,Download Sensitive Data,68.61,76.15,6.3,75,100,64.52,Medium,1
DIA-03537,DFDC,video,Face Reenactment,1,1,1,0,0,0,Reset Password,47.24,20.16,3.1,55,84.93,43.05,Low,1
DIA-03538,ASVspoof2021-DF,audio,Audio Manipulation,0,1,0,0,0,1,Change MFA,38.04,46.08,32.05,70,3.03,35.84,Low,0
DIA-03539,DFDC,video,Face Reenactment,1,1,1,0,0,0,Reset Password,69.68,18.45,19.85,55,84.11,52.71,Medium,1
DIA-03540,Celeb-DF,video,Face Reenactment,1,1,1,1,0,0,Download Sensitive Data,79.32,21.05,51.93,75,88.64,66.32,Medium,1
DIA-03541,ASVspoof2021-PA,audio,TTS,1,0,1,0,0,0,Reset Password,57.21,58.15,13.82,55,78.88,52.68,Medium,1
DIA-03542,ASVspoof2021-DF,audio,Voice Conversion,0,1,1,0,1,0,Approve Payment,20.65,27.12,38.06,80,28.52,35.58,Low,0
DIA-03543,ASVspoof2021-PA,audio,TTS,1,1,0,1,0,1,Change MFA,61.59,25.55,86.49,70,79.43,65.99,Medium,1
DIA-03544,DFDC,video,Talking Face,0,1,1,1,1,0,Read Information,24.64,17.49,74.84,20,9.3,29.84,Low,0
DIA-03545,Celeb-DF,video,Video Manipulation,1,0,0,0,1,1,Read Information,60.66,94.61,69.51,20,75.77,64.45,Medium,1
DIA-03546,Celeb-DF++,video,Face Reenactment,1,1,0,0,0,1,Read Information,100,34.99,38.16,20,98.07,65.49,Medium,1
DIA-03547,Celeb-DF++,video,Video Manipulation,1,1,1,0,0,0,Access Internal Portal,72.66,7.2,0,35,72.97,42.72,Low,1
DIA-03548,ASVspoof2021-PA,audio,Audio Manipulation,0,1,1,1,0,1,Read Information,42.64,19.4,100,20,18.22,42.35,Low,0
DIA-03549,DFDC,video,Face Swap,0,0,1,0,1,0,Approve Payment,15.25,76.41,35.27,80,23.44,39.78,Low,0
DIA-03550,ASVspoof2021-LA,audio,Replay,0,0,1,0,0,0,Download Sensitive Data,22.39,69.18,6.94,75,5.35,30.8,Low,0
DIA-03551,ASVspoof2021-LA,audio,Replay,0,0,1,0,0,0,Read Information,27.96,67.69,4.39,20,9.65,24.35,Low,0
DIA-03552,ASVspoof2021-DF,audio,Voice Conversion,0,1,1,0,0,0,Change MFA,6.2,25.25,17.35,70,0,19.62,Low,0
DIA-03553,Celeb-DF,video,Video Manipulation,1,0,0,0,1,0,Reset Password,58.6,91.63,36.01,55,73.59,61.49,Medium,1
DIA-03554,Celeb-DF++,video,Face Reenactment,0,0,1,0,0,0,Download Sensitive Data,28.7,69.66,3.96,75,14.47,33.99,Low,0
DIA-03555,Celeb-DF,video,Face Swap,0,1,1,0,0,0,Download Sensitive Data,15.6,13.37,7.87,75,13.77,22.26,Low,0
DIA-03556,ASVspoof2021-LA,audio,Replay,1,0,1,0,0,0,Download Sensitive Data,57.78,89.77,12.18,75,73.19,59.12,Medium,1
DIA-03557,Celeb-DF++,video,Face Swap,0,0,0,1,0,0,Change MFA,16.06,88.28,47.29,70,12.57,40.53,Low,0
DIA-03558,ASVspoof2021-PA,audio,Voice Conversion,0,0,1,0,1,0,Read Information,4.55,76.65,40.71,20,21.96,28.4,Low,0
DIA-03559,ASVspoof2021-DF,audio,Replay,1,0,1,1,0,0,Create Privileged Account,49.45,56.41,64.87,95,82.37,66.99,Medium,1
DIA-03560,Celeb-DF++,video,Talking Face,0,1,1,0,1,0,Create Privileged Account,0,7.34,32.05,95,31.21,28,Low,0
DIA-03561,ASVspoof2021-DF,audio,Voice Conversion,0,1,0,0,0,0,Create Privileged Account,18.5,37.53,8.01,95,10.57,29.15,Low,0
DIA-03562,Celeb-DF++,video,Face Reenactment,1,1,1,0,0,1,Approve Payment,78.39,13.95,39.19,80,82.55,61.96,Medium,1
DIA-03563,ASVspoof2021-PA,audio,TTS,0,1,1,0,0,1,Reset Password,50.71,12.8,43.93,55,26.06,39.38,Low,0
DIA-03564,DFDC,video,Face Reenactment,0,1,1,0,0,0,Approve Payment,17.54,14.2,0,80,11.76,21.74,Low,0
DIA-03565,ASVspoof2021-PA,audio,Replay,0,1,1,0,0,0,Transfer Funds,3.92,9.49,17.7,100,12.74,23.69,Low,0
DIA-03566,ASVspoof2021-LA,audio,Replay,0,0,0,0,0,0,Read Information,17.69,100,0.66,20,0,23.44,Low,0
DIA-03567,ASVspoof2021-LA,audio,Voice Conversion,1,1,1,0,1,0,Download Sensitive Data,73.73,7,29.36,75,82.1,56.71,Medium,1
DIA-03568,Celeb-DF++,video,Face Swap,0,0,1,1,1,0,Approve Payment,34.33,75.96,75.59,80,28.48,54.51,Medium,0
DIA-03569,ASVspoof2021-LA,audio,Replay,0,1,1,0,0,1,Transfer Funds,33.26,20.42,54.64,100,37.45,46.46,Low,0
DIA-03570,Celeb-DF,video,Talking Face,0,1,1,1,0,0,Download Sensitive Data,29.3,7.42,44.02,75,32.36,36.43,Low,0
DIA-03571,ASVspoof2021-LA,audio,TTS,1,1,0,1,1,0,Transfer Funds,72.05,37.06,73.69,100,86.14,74.14,Medium,1
DIA-03572,DFDC,video,Talking Face,0,1,1,0,0,0,Create Privileged Account,26.1,14.98,12.05,95,22.86,31.31,Low,0
DIA-03573,Celeb-DF,video,Face Swap,1,1,0,0,0,1,Create Privileged Account,57.97,53.4,40.3,95,84.47,64.6,Medium,1
DIA-03574,Celeb-DF++,video,Face Reenactment,0,1,0,0,0,1,Read Information,0.91,37.05,44.16,20,7.24,19.11,Low,0
DIA-03575,Celeb-DF,video,Talking Face,1,1,1,1,0,0,Download Sensitive Data,94.03,43.99,38.87,75,81.87,70.21,Medium,1
DIA-03576,Celeb-DF,video,Talking Face,0,1,1,0,0,0,Approve Payment,17.48,21.14,6.31,80,18.61,25.4,Low,0
DIA-03577,ASVspoof2021-LA,audio,Replay,0,1,1,0,0,1,Read Information,28.87,17.75,53.61,20,18.23,28.69,Low,0
DIA-03578,Celeb-DF,video,Video Manipulation,1,1,1,0,0,0,Transfer Funds,35.18,22.07,15.71,100,83.35,48.68,Low,1
DIA-03579,ASVspoof2021-LA,audio,TTS,0,1,0,0,0,0,Approve Payment,34.99,26.25,6.89,80,0,27.81,Low,0
DIA-03580,DFDC,video,Video Manipulation,1,1,1,0,0,0,Create Privileged Account,78.71,24.38,2.91,95,85.12,59.13,Medium,1
DIA-03581,ASVspoof2021-LA,audio,Voice Conversion,1,1,1,0,0,1,Approve Payment,53.78,4.42,43.51,80,91.33,55.76,Medium,1
DIA-03582,ASVspoof2021-LA,audio,Voice Conversion,1,0,0,0,0,0,Transfer Funds,62.51,100,0,100,87.81,66.32,Medium,1
DIA-03583,Celeb-DF++,video,Video Manipulation,0,1,1,0,0,0,Transfer Funds,20.93,10.26,8.62,100,8.38,26.22,Low,0
DIA-03584,ASVspoof2021-DF,audio,Voice Conversion,1,0,0,0,0,0,Read Information,52.1,88.61,7.13,20,68.24,47,Low,1
DIA-03585,ASVspoof2021-PA,audio,TTS,0,0,1,1,0,0,Transfer Funds,28.38,84.18,46.87,100,18.68,49.25,Low,0
DIA-03586,ASVspoof2021-LA,audio,Replay,1,1,1,0,0,0,Download Sensitive Data,77.5,14.2,9.01,75,93.44,57.12,Medium,1
DIA-03587,Celeb-DF,video,Talking Face,1,1,1,0,0,0,Change MFA,69.57,2.75,13.76,70,89.04,52.34,Medium,1
DIA-03588,Celeb-DF++,video,Talking Face,1,1,1,0,0,0,Access Internal Portal,48.77,22.8,2.73,35,80.23,39.89,Low,1
DIA-03589,ASVspoof2021-LA,audio,TTS,1,1,0,0,0,0,Change MFA,54.6,30.23,16.7,70,86.43,52.04,Medium,1
DIA-03590,Celeb-DF,video,Talking Face,1,1,1,0,0,0,Download Sensitive Data,64.64,25.89,17.88,75,85.48,55.2,Medium,1
DIA-03591,ASVspoof2021-LA,audio,TTS,1,1,0,0,0,0,Download Sensitive Data,63.25,39.87,25.4,75,88.21,58.93,Medium,1
DIA-03592,Celeb-DF,video,Talking Face,0,0,0,1,0,0,Approve Payment,20.48,84.81,52.07,80,25.56,46.39,Low,0
DIA-03593,ASVspoof2021-LA,audio,Replay,1,1,1,1,0,0,Approve Payment,68.09,21.57,60.31,80,80.02,63.73,Medium,1
DIA-03594,DFDC,video,Video Manipulation,0,1,0,0,0,1,Approve Payment,3.16,44.17,51.84,80,4.82,30.91,Low,0
DIA-03595,DFDC,video,Video Manipulation,0,0,1,1,1,0,Download Sensitive Data,31.86,53.01,76.33,75,26.53,49.33,Low,0
DIA-03596,ASVspoof2021-PA,audio,TTS,1,1,1,0,0,0,Transfer Funds,72.9,14.49,1.48,100,80.63,55.47,Medium,1
DIA-03597,ASVspoof2021-LA,audio,TTS,0,1,0,1,0,0,Transfer Funds,28.75,42.39,56.27,100,1.67,41.57,Low,0
DIA-03598,ASVspoof2021-PA,audio,Replay,1,1,1,0,1,0,Transfer Funds,70.73,16.92,36.68,100,97.53,65.6,Medium,1
DIA-03599,ASVspoof2021-PA,audio,Audio Manipulation,0,1,0,0,0,0,Approve Payment,14.87,38.52,22.51,80,18.01,30.34,Low,0
DIA-03600,Celeb-DF++,video,Face Swap,0,0,1,0,0,1,Access Internal Portal,16.32,75.96,50.18,35,17.97,35.17,Low,0
DIA-03601,Celeb-DF,video,Face Reenactment,1,1,1,0,1,0,Transfer Funds,54.81,19.55,42.39,100,79.04,58.66,Medium,1
DIA-03602,DFDC,video,Face Reenactment,0,1,1,1,0,0,Transfer Funds,39.97,15.25,45.95,100,29.53,44.37,Low,0
DIA-03603,Celeb-DF++,video,Face Reenactment,1,1,1,0,0,0,Reset Password,65.77,13.11,11.71,55,71.89,46.67,Low,1
DIA-03604,DFDC,video,Talking Face,1,1,1,0,0,0,Transfer Funds,47.73,16.18,0,100,78.97,47.54,Low,1
DIA-03605,ASVspoof2021-PA,audio,Voice Conversion,1,1,1,0,1,0,Download Sensitive Data,65.68,10.17,38.88,75,85.96,57.45,Medium,1
DIA-03606,DFDC,video,Face Reenactment,0,1,1,1,0,0,Approve Payment,0.07,6.82,58.52,80,16.98,28.14,Low,0
DIA-03607,DFDC,video,Video Manipulation,1,1,0,0,1,0,Reset Password,68.73,31.01,44.74,55,68.81,56.23,Medium,1
DIA-03608,Celeb-DF,video,Face Reenactment,0,1,1,0,0,0,Reset Password,19.57,14.2,7.52,55,22.24,22.2,Low,0
DIA-03609,DFDC,video,Face Swap,0,0,1,0,0,0,Change MFA,12.04,63.14,0,70,11.24,25.83,Low,0
DIA-03610,DFDC,video,Video Manipulation,0,0,1,0,0,1,Access Internal Portal,12.67,68.73,41.24,35,9.3,29.47,Low,0
DIA-03611,ASVspoof2021-DF,audio,Voice Conversion,0,0,1,0,1,0,Access Internal Portal,24.19,80.64,34.46,35,3.99,32.29,Low,0
DIA-03612,Celeb-DF,video,Video Manipulation,1,1,1,0,0,1,Change MFA,70.09,13.34,47.86,70,100,63.1,Medium,1
DIA-03613,ASVspoof2021-DF,audio,Audio Manipulation,0,0,1,1,1,0,Transfer Funds,1.64,71.11,60.79,100,11.26,40.57,Low,0
DIA-03614,ASVspoof2021-PA,audio,Replay,0,0,1,1,0,0,Read Information,36.24,68.17,49.27,20,23.27,38.61,Low,0
DIA-03615,ASVspoof2021-DF,audio,TTS,1,1,1,0,1,0,Reset Password,55.66,25.45,27.74,55,71.45,48.6,Low,1
DIA-03616,ASVspoof2021-DF,audio,Audio Manipulation,0,1,1,0,0,1,Reset Password,8.5,28.26,55.13,55,0.36,26.14,Low,0
DIA-03617,Celeb-DF,video,Talking Face,0,1,1,1,0,0,Access Internal Portal,37.95,11.24,33.66,35,28.82,30.82,Low,0
DIA-03618,DFDC,video,Face Reenactment,0,0,1,0,0,0,Read Information,29.66,75.82,17.09,20,7.26,28.14,Low,0
DIA-03619,Celeb-DF,video,Video Manipulation,0,0,1,0,0,0,Access Internal Portal,13.37,86.73,8.88,35,27.08,29.46,Low,0
DIA-03620,ASVspoof2021-PA,audio,Audio Manipulation,1,0,0,0,0,1,Download Sensitive Data,57.22,85.71,30.67,75,97.51,66.91,Medium,1
DIA-03621,ASVspoof2021-DF,audio,Audio Manipulation,1,1,1,1,0,0,Change MFA,60.99,22.84,61.74,70,75.27,59.62,Medium,1
DIA-03622,Celeb-DF,video,Face Swap,1,0,1,0,1,1,Download Sensitive Data,66.19,56.07,79.45,75,79.4,71.29,Medium,1
DIA-03623,Celeb-DF++,video,Talking Face,1,1,1,1,0,1,Create Privileged Account,89.38,15.24,93.75,95,66.46,75.39,High,1
DIA-03624,ASVspoof2021-LA,audio,Voice Conversion,0,1,1,0,0,0,Read Information,32.24,13.88,10.65,20,4.37,17.76,Low,0
DIA-03625,ASVspoof2021-DF,audio,TTS,1,1,0,0,0,1,Reset Password,72.83,26.34,40.3,55,90.89,60.29,Medium,1
DIA-03626,ASVspoof2021-DF,audio,Voice Conversion,0,0,0,0,0,0,Create Privileged Account,25.15,100,10.46,95,29.58,44.8,Low,0
DIA-03627,ASVspoof2021-PA,audio,TTS,0,0,0,0,0,0,Access Internal Portal,15.7,96.18,13.82,35,8.89,28.93,Low,0
DIA-03628,ASVspoof2021-DF,audio,TTS,0,1,1,0,1,0,Read Information,8.4,7.58,31.2,20,8.43,14.58,Low,0
DIA-03629,ASVspoof2021-DF,audio,Replay,0,1,1,0,0,1,Access Internal Portal,6.49,17.63,39,35,0,17.64,Low,0
DIA-03630,DFDC,video,Talking Face,1,1,1,0,0,0,Change MFA,69.55,22.23,13.45,70,74.22,52.23,Medium,1
DIA-03631,DFDC,video,Face Reenactment,0,1,0,0,0,0,Reset Password,27.9,25.85,11.37,55,30.93,28.96,Low,0
DIA-03632,ASVspoof2021-PA,audio,TTS,0,0,1,1,0,0,Download Sensitive Data,17.38,44.81,56.48,75,19.14,38.31,Low,0
DIA-03633,ASVspoof2021-DF,audio,Audio Manipulation,0,1,1,1,0,0,Access Internal Portal,36.06,14.66,60.66,35,4.86,31.37,Low,0
DIA-03634,Celeb-DF++,video,Talking Face,1,1,1,0,1,0,Download Sensitive Data,61.77,8.85,40.99,75,87.54,56.81,Medium,1
DIA-03635,ASVspoof2021-DF,audio,Replay,1,1,0,0,0,0,Create Privileged Account,66.92,50.71,1.93,95,100,62.32,Medium,1
DIA-03636,DFDC,video,Face Swap,1,0,1,0,0,0,Reset Password,63.57,67.04,9.91,55,79.35,55.23,Medium,1
DIA-03637,ASVspoof2021-LA,audio,TTS,1,0,1,0,0,0,Download Sensitive Data,79.6,72.48,12.71,75,80.9,64.72,Medium,1
DIA-03638,DFDC,video,Face Swap,1,1,0,0,1,0,Approve Payment,71.42,38.5,40.66,80,90.09,65.35,Medium,1
DIA-03639,ASVspoof2021-LA,audio,TTS,0,1,1,0,0,1,Read Information,22.36,2.63,51.01,20,26.65,25.63,Low,0
DIA-03640,Celeb-DF++,video,Video Manipulation,0,0,0,1,0,0,Reset Password,23.84,95.24,49.59,55,25.36,44.68,Low,0
DIA-03641,Celeb-DF,video,Face Reenactment,0,1,1,0,0,0,Approve Payment,4.92,4.39,6.57,80,10.38,17.52,Low,0
DIA-03642,DFDC,video,Talking Face,0,1,0,0,0,1,Reset Password,0,29,52.06,55,8.22,24.66,Low,0
DIA-03643,ASVspoof2021-LA,audio,Audio Manipulation,1,1,0,0,0,0,Change MFA,60.15,31.22,12.64,70,66.52,49.06,Low,1
DIA-03644,DFDC,video,Video Manipulation,0,0,1,0,0,1,Change MFA,20.87,60.52,46.97,70,6.15,36.46,Low,0
DIA-03645,DFDC,video,Face Reenactment,0,0,0,0,0,0,Transfer Funds,23.84,93.32,5.07,100,21.21,41.41,Low,0
DIA-03646,ASVspoof2021-LA,audio,Voice Conversion,1,1,1,0,0,0,Read Information,64.21,11.86,24.7,20,78.24,44.63,Low,1
DIA-03647,Celeb-DF,video,Face Reenactment,0,1,1,0,1,0,Approve Payment,12.84,17.27,36.74,80,17.43,29.28,Low,0
DIA-03648,Celeb-DF,video,Face Swap,0,1,1,0,0,1,Transfer Funds,0,2.41,44.39,100,9.85,26.21,Low,0
DIA-03649,Celeb-DF,video,Video Manipulation,0,1,1,0,0,0,Transfer Funds,23.8,12.99,11.74,100,18.51,30.14,Low,0
DIA-03650,ASVspoof2021-LA,audio,Replay,1,1,1,1,0,0,Download Sensitive Data,73.32,11.15,49.08,75,85.5,61.83,Medium,1
DIA-03651,Celeb-DF,video,Face Reenactment,0,1,1,0,0,0,Change MFA,26.95,16.61,0.98,70,25.45,26.36,Low,0
DIA-03652,DFDC,video,Talking Face,0,1,0,0,0,1,Access Internal Portal,23.3,41.99,47.09,35,25.46,33.05,Low,0
DIA-03653,Celeb-DF,video,Talking Face,0,1,0,0,0,0,Reset Password,30.62,41.25,0,55,19.5,27.52,Low,0
DIA-03654,DFDC,video,Face Swap,1,1,1,1,0,0,Create Privileged Account,64.94,7.08,50.72,95,81.4,61.22,Medium,1
DIA-03655,Celeb-DF,video,Talking Face,0,1,1,0,0,0,Read Information,17.55,15.2,0,20,16.07,13.76,Low,0
DIA-03656,DFDC,video,Video Manipulation,0,0,1,0,0,0,Approve Payment,20.65,65.89,0,80,10.11,30.1,Low,0
DIA-03657,DFDC,video,Talking Face,1,1,1,0,0,0,Transfer Funds,73.26,25.51,14.29,100,95.09,62.68,Medium,1
DIA-03658,Celeb-DF++,video,Talking Face,1,0,0,1,0,1,Change MFA,80.58,95.88,77.27,70,82.09,80.93,High,1
DIA-03659,ASVspoof2021-LA,audio,TTS,0,0,0,0,0,0,Create Privileged Account,23.25,95.64,13.04,95,16.37,41.45,Low,0
DIA-03660,DFDC,video,Talking Face,0,0,1,0,0,0,Transfer Funds,20.96,59.75,11.19,100,18.83,36.25,Low,0
DIA-03661,DFDC,video,Video Manipulation,0,1,1,0,0,1,Create Privileged Account,20.88,10.28,46.03,95,20.01,35.26,Low,0
DIA-03662,ASVspoof2021-PA,audio,Voice Conversion,1,1,1,0,0,1,Download Sensitive Data,80.91,17.07,40.61,75,89.65,64.14,Medium,1
DIA-03663,ASVspoof2021-PA,audio,Replay,0,1,1,0,1,1,Download Sensitive Data,4.58,14.37,69.08,75,11.92,30.98,Low,0
DIA-03664,ASVspoof2021-DF,audio,Replay,1,1,1,1,0,0,Access Internal Portal,64.08,14.28,45.41,35,97.82,55.26,Medium,1
DIA-03665,Celeb-DF,video,Face Swap,1,1,1,0,0,1,Access Internal Portal,88.51,0.97,51.61,35,89.81,60.23,Medium,1
DIA-03666,Celeb-DF++,video,Face Reenactment,1,1,1,1,1,0,Create Privileged Account,63.6,8.49,71.62,95,80.64,65.06,Medium,1
DIA-03667,DFDC,video,Video Manipulation,0,1,1,1,0,1,Download Sensitive Data,27.14,12.8,83.26,75,34.96,44.96,Low,0
DIA-03668,DFDC,video,Video Manipulation,1,0,0,0,0,0,Transfer Funds,81.27,100,15.21,100,80.32,73.49,Medium,1
DIA-03669,Celeb-DF,video,Face Reenactment,1,1,0,1,1,0,Approve Payment,69.61,24.87,70.65,80,100,70.74,Medium,1
DIA-03670,ASVspoof2021-DF,audio,Voice Conversion,1,0,1,0,0,0,Reset Password,56.83,61.65,0,55,63.25,47.2,Low,1
DIA-03671,Celeb-DF,video,Video Manipulation,0,0,1,0,0,0,Transfer Funds,31.18,54.81,2.57,100,16.18,36.33,Low,0
DIA-03672,ASVspoof2021-DF,audio,TTS,1,1,0,0,0,1,Read Information,67.82,42.6,52.39,20,68.93,54,Medium,1
DIA-03673,Celeb-DF,video,Face Reenactment,1,1,1,1,0,1,Read Information,73.57,24.49,85.58,20,73.13,60.49,Medium,1
DIA-03674,Celeb-DF,video,Face Swap,1,1,0,1,0,0,Download Sensitive Data,49.22,42.88,52.05,75,83.38,59.53,Medium,1
DIA-03675,ASVspoof2021-LA,audio,TTS,1,0,1,0,0,1,Download Sensitive Data,69.6,74.62,47.07,75,86.97,70.13,Medium,1
DIA-03676,ASVspoof2021-LA,audio,Replay,1,0,0,0,0,1,Approve Payment,78.51,86.74,57.52,80,81.15,76.3,High,1
DIA-03677,Celeb-DF,video,Face Reenactment,0,1,1,1,0,0,Approve Payment,18.26,17.96,35.47,80,31.27,33.52,Low,0
DIA-03678,ASVspoof2021-DF,audio,Audio Manipulation,1,1,0,0,1,0,Reset Password,51.91,33.82,34.11,55,90.19,53.76,Medium,1
DIA-03679,Celeb-DF,video,Video Manipulation,1,1,1,0,1,0,Access Internal Portal,60.71,15.48,35.21,35,81.71,49.17,Low,1
DIA-03680,DFDC,video,Video Manipulation,1,0,0,0,0,0,Transfer Funds,59.23,99.02,9.86,100,65.53,62.7,Medium,1
DIA-03681,ASVspoof2021-DF,audio,Replay,0,0,1,0,0,0,Reset Password,15.21,67.66,15.6,55,24.43,30.97,Low,0
DIA-03682,DFDC,video,Talking Face,0,0,1,0,0,1,Access Internal Portal,17.31,76.56,50.77,35,11.98,34.48,Low,0
DIA-03683,Celeb-DF++,video,Talking Face,1,1,0,0,1,0,Read Information,84.31,38.69,33.49,20,90.71,58.94,Medium,1
DIA-03684,Celeb-DF++,video,Video Manipulation,1,1,1,0,1,0,Create Privileged Account,69.33,17.19,23.17,95,91.51,60.56,Medium,1
DIA-03685,DFDC,video,Face Swap,0,1,1,0,0,0,Create Privileged Account,0,30.13,27.56,95,8.39,25.96,Low,0
DIA-03686,DFDC,video,Talking Face,0,1,1,0,0,0,Transfer Funds,18.79,18.98,9.96,100,28.21,31.12,Low,0
DIA-03687,Celeb-DF,video,Face Swap,1,1,0,0,0,1,Create Privileged Account,70.56,34,45.61,95,81.22,65.88,Medium,1
DIA-03688,ASVspoof2021-PA,audio,Voice Conversion,1,0,0,0,0,0,Access Internal Portal,79.14,91.16,18.84,35,91.63,64.76,Medium,1
DIA-03689,ASVspoof2021-DF,audio,Voice Conversion,0,0,1,0,0,1,Read Information,21.28,76.98,42.25,20,24.12,34.2,Low,0
DIA-03690,Celeb-DF,video,Talking Face,0,1,0,1,0,0,Download Sensitive Data,20.97,48.34,59.04,75,25.45,41.69,Low,0
DIA-03691,DFDC,video,Video Manipulation,0,1,0,0,0,0,Download Sensitive Data,38.49,39.71,7.85,75,37.32,37.79,Low,0
DIA-03692,ASVspoof2021-DF,audio,TTS,0,1,1,1,0,0,Read Information,11.24,2.78,62.8,20,7.41,20.83,Low,0
DIA-03693,DFDC,video,Talking Face,1,0,1,0,0,0,Transfer Funds,74.77,62.4,13.19,100,75.5,64.53,Medium,1
DIA-03694,ASVspoof2021-DF,audio,TTS,1,0,1,0,1,0,Approve Payment,66.7,71.45,30.27,80,80.78,64.94,Medium,1
DIA-03695,ASVspoof2021-LA,audio,TTS,1,1,1,1,0,0,Approve Payment,65.49,19.64,65.26,80,100,67.65,Medium,1
DIA-03696,Celeb-DF++,video,Face Reenactment,1,1,1,0,1,0,Download Sensitive Data,58.87,23.04,39.22,75,93.87,58.98,Medium,1
DIA-03697,Celeb-DF,video,Talking Face,0,1,1,1,0,1,Transfer Funds,42.94,0,80.74,100,17.78,47.59,Low,0
DIA-03698,DFDC,video,Face Swap,0,1,0,0,0,1,Create Privileged Account,28.12,46.97,35.15,95,15.9,39.94,Low,0
DIA-03699,DFDC,video,Face Reenactment,0,1,1,1,0,0,Download Sensitive Data,29.61,26.42,54.88,75,19.27,38.93,Low,0
DIA-03700,Celeb-DF++,video,Video Manipulation,0,1,1,0,0,1,Download Sensitive Data,32.79,0,54.69,75,22.65,36.56,Low,0
DIA-03701,ASVspoof2021-PA,audio,Voice Conversion,1,1,1,1,1,1,Create Privileged Account,79.76,14.96,100,95,92.71,78.96,High,1
DIA-03702,Celeb-DF,video,Video Manipulation,0,1,1,0,0,0,Reset Password,6.33,21.06,12.31,55,19.73,19.72,Low,0
DIA-03703,ASVspoof2021-DF,audio,Audio Manipulation,1,1,0,0,1,0,Create Privileged Account,48.71,28.71,45.91,95,89.95,60.34,Medium,1
DIA-03704,ASVspoof2021-DF,audio,Voice Conversion,0,0,1,0,1,0,Access Internal Portal,34.94,66,39.19,35,38.76,41.22,Low,0
DIA-03705,DFDC,video,Talking Face,0,1,0,1,0,1,Read Information,30.29,44.48,80.39,20,18.37,38.51,Low,0
DIA-03706,DFDC,video,Talking Face,0,1,1,0,0,0,Read Information,18.87,10.82,5.7,20,14.79,14.38,Low,0
DIA-03707,Celeb-DF,video,Face Reenactment,1,0,1,0,0,1,Reset Password,90.85,67.09,48.89,55,86.43,72.63,Medium,1
DIA-03708,ASVspoof2021-DF,audio,Voice Conversion,1,1,1,0,0,0,Download Sensitive Data,54.29,16.77,13.51,75,78.08,48.37,Low,1
DIA-03709,Celeb-DF++,video,Face Reenactment,1,1,1,0,0,0,Transfer Funds,38.24,5.64,17.62,100,79.88,46.82,Low,1
DIA-03710,ASVspoof2021-DF,audio,TTS,0,1,1,1,0,1,Transfer Funds,8.07,6.46,87.58,100,19.74,39.85,Low,0
DIA-03711,ASVspoof2021-LA,audio,TTS,1,0,1,0,1,0,Read Information,60.16,73.75,39.76,20,97.58,59.58,Medium,1
DIA-03712,ASVspoof2021-LA,audio,Voice Conversion,1,1,1,0,0,1,Create Privileged Account,72.29,22.59,47.44,95,78.69,64.55,Medium,1
DIA-03713,ASVspoof2021-PA,audio,Audio Manipulation,0,1,1,1,1,0,Access Internal Portal,38.31,18.19,81.75,35,24.8,40.78,Low,0
DIA-03714,ASVspoof2021-LA,audio,TTS,0,1,1,0,0,0,Change MFA,27.28,25.89,15.22,70,11.25,27.86,Low,0
DIA-03715,ASVspoof2021-LA,audio,TTS,0,0,1,0,0,0,Create Privileged Account,0,73.36,8.19,95,15.64,30.02,Low,0
DIA-03716,ASVspoof2021-LA,audio,Voice Conversion,0,1,0,0,1,0,Transfer Funds,48.81,54.78,33.68,100,48.26,54.25,Medium,0
DIA-03717,ASVspoof2021-DF,audio,Replay,1,1,1,0,0,0,Create Privileged Account,61.48,15.53,12.27,95,81.14,53.71,Medium,1
DIA-03718,ASVspoof2021-LA,audio,TTS,0,1,0,1,0,0,Access Internal Portal,36.51,42.02,50.78,35,43.2,41.3,Low,0
DIA-03719,ASVspoof2021-PA,audio,TTS,1,1,0,1,1,0,Read Information,77.01,43.23,84.2,20,78.72,65.17,Medium,1
DIA-03720,Celeb-DF++,video,Face Swap,1,1,1,1,1,0,Transfer Funds,71.06,9.98,76.48,100,80.62,69.24,Medium,1
DIA-03721,ASVspoof2021-DF,audio,Voice Conversion,0,1,1,0,0,0,Access Internal Portal,15.39,8.79,0.04,35,12.76,13.75,Low,0
DIA-03722,Celeb-DF++,video,Face Swap,1,1,1,0,1,0,Access Internal Portal,53.76,7.8,26.73,35,82.01,44.3,Low,1
DIA-03723,ASVspoof2021-LA,audio,Audio Manipulation,0,1,1,0,0,0,Download Sensitive Data,3.83,10.55,8.33,75,11.57,17.96,Low,0
DIA-03724,Celeb-DF++,video,Video Manipulation,0,0,0,0,0,1,Access Internal Portal,21.17,100,50.05,35,24.17,41.44,Low,0
DIA-03725,ASVspoof2021-LA,audio,Voice Conversion,0,1,0,0,0,0,Approve Payment,2.73,54.57,4.92,80,0,21.99,Low,0
DIA-03726,ASVspoof2021-LA,audio,TTS,0,1,1,0,0,0,Create Privileged Account,36.13,12.38,14.56,95,12.21,32.3,Low,0
DIA-03727,ASVspoof2021-PA,audio,TTS,0,0,1,1,0,0,Reset Password,24.07,66.64,44.63,55,35.07,41.41,Low,0
DIA-03728,Celeb-DF,video,Face Reenactment,1,0,1,0,0,1,Change MFA,94.02,52.83,46.11,70,77.84,71.42,Medium,1
DIA-03729,ASVspoof2021-DF,audio,Voice Conversion,1,1,1,0,0,0,Transfer Funds,61.21,7.05,12.9,100,79.09,52.82,Medium,1
DIA-03730,ASVspoof2021-LA,audio,Replay,1,0,1,1,1,0,Transfer Funds,64.5,63.53,67,100,88.64,75.01,High,1
DIA-03731,ASVspoof2021-PA,audio,Voice Conversion,0,1,1,0,1,1,Read Information,29.5,11.48,72.77,20,18.97,31.92,Low,0
DIA-03732,ASVspoof2021-PA,audio,Voice Conversion,1,0,1,0,1,1,Approve Payment,68.15,65.44,81.31,80,76.39,73.8,Medium,1
DIA-03733,ASVspoof2021-DF,audio,Voice Conversion,0,1,1,0,0,1,Read Information,33.7,16.72,43.62,20,24.43,29.23,Low,0
DIA-03734,ASVspoof2021-DF,audio,Replay,1,1,1,1,1,0,Access Internal Portal,86.82,21.2,75.54,35,96.23,68.83,Medium,1
DIA-03735,DFDC,video,Talking Face,1,0,1,0,0,0,Approve Payment,78.09,64.18,11.77,80,81.15,63.64,Medium,1
DIA-03736,ASVspoof2021-PA,audio,TTS,1,1,1,0,0,0,Read Information,81.01,26.5,10.63,20,90.92,51.59,Medium,1
DIA-03737,Celeb-DF,video,Face Reenactment,0,0,1,0,0,0,Access Internal Portal,26.99,72.77,10.17,35,26.5,31.6,Low,0
DIA-03738,ASVspoof2021-DF,audio,Replay,1,1,1,0,0,0,Change MFA,59.96,22.11,9.63,70,91.71,52.07,Medium,1
DIA-03739,ASVspoof2021-LA,audio,Replay,1,1,1,0,0,0,Change MFA,78.54,11.48,0,70,89.97,53.78,Medium,1
DIA-03740,Celeb-DF++,video,Talking Face,0,0,0,0,0,0,Download Sensitive Data,25.67,99.37,13.17,75,33.8,43.25,Low,0
DIA-03741,DFDC,video,Talking Face,1,1,1,0,1,0,Transfer Funds,59.2,18.63,27.48,100,82.23,57.5,Medium,1
DIA-03742,DFDC,video,Talking Face,0,0,1,1,0,0,Change MFA,17.6,81.74,52.64,70,7.55,40.08,Low,0
DIA-03743,ASVspoof2021-LA,audio,Voice Conversion,1,0,1,0,0,0,Reset Password,64.99,75.22,14.91,55,81.28,58.27,Medium,1
DIA-03744,Celeb-DF++,video,Talking Face,1,1,1,0,0,1,Access Internal Portal,83.23,21.83,47.85,35,98.72,62.81,Medium,1
DIA-03745,DFDC,video,Face Reenactment,1,1,1,0,0,0,Transfer Funds,67.29,10.77,3.81,100,75.78,52.72,Medium,1
DIA-03746,ASVspoof2021-DF,audio,Voice Conversion,0,1,0,0,1,0,Access Internal Portal,17.94,49.57,37.21,35,0,25.51,Low,0
DIA-03747,Celeb-DF,video,Face Swap,0,1,0,0,0,1,Read Information,21.25,29.79,43.5,20,21.45,26.83,Low,0
DIA-03748,ASVspoof2021-LA,audio,Voice Conversion,0,1,1,0,0,0,Download Sensitive Data,14.11,10.42,5.87,75,11.53,20.53,Low,0
DIA-03749,Celeb-DF,video,Face Swap,0,1,1,0,0,1,Approve Payment,10.2,17.25,59.45,80,34.78,36.49,Low,0
DIA-03750,DFDC,video,Face Swap,1,0,0,0,0,1,Read Information,79.75,85.78,38.71,20,89.34,65.4,Medium,1
DIA-03751,DFDC,video,Face Reenactment,0,1,1,0,0,1,Approve Payment,11.81,7.61,48.46,80,26.09,31.59,Low,0
DIA-03752,Celeb-DF++,video,Talking Face,1,0,1,0,0,0,Change MFA,66.74,62.62,20.68,70,79.27,59.9,Medium,1
DIA-03753,Celeb-DF++,video,Video Manipulation,0,1,0,0,0,0,Create Privileged Account,13.5,43.03,12.68,95,20.72,31.43,Low,0
DIA-03754,ASVspoof2021-LA,audio,TTS,0,1,1,0,0,0,Read Information,26.43,13.73,5.69,20,21.95,18.52,Low,0
DIA-03755,Celeb-DF++,video,Video Manipulation,0,1,1,1,1,1,Transfer Funds,24.24,22.71,100,100,30.47,51.77,Medium,0
DIA-03756,Celeb-DF,video,Face Reenactment,0,1,1,0,0,0,Create Privileged Account,6.93,30.04,0.22,95,15.45,23.97,Low,0
DIA-03757,Celeb-DF,video,Talking Face,0,1,1,1,0,0,Approve Payment,33.88,17.16,50.65,80,15.76,38.02,Low,0
DIA-03758,Celeb-DF,video,Talking Face,0,1,0,0,0,1,Download Sensitive Data,13.91,35.91,45.91,75,24.83,34.96,Low,0
DIA-03759,ASVspoof2021-PA,audio,Audio Manipulation,0,0,1,1,0,0,Approve Payment,24.7,72.95,48.25,80,11.75,42.35,Low,0
DIA-03760,DFDC,video,Face Swap,0,0,1,0,0,0,Access Internal Portal,32.01,62.83,19.97,35,12.65,30.8,Low,0
DIA-03761,ASVspoof2021-PA,audio,Audio Manipulation,1,1,1,0,0,1,Transfer Funds,62.97,14.49,44.74,100,82.35,61.48,Medium,1
DIA-03762,Celeb-DF,video,Face Swap,1,0,1,0,0,0,Create Privileged Account,64.86,89.7,0,95,80.28,63.22,Medium,1
DIA-03763,DFDC,video,Video Manipulation,1,0,1,0,0,0,Create Privileged Account,61.26,68.38,20.62,95,82.46,63.5,Medium,1
DIA-03764,Celeb-DF,video,Talking Face,0,1,1,0,0,0,Change MFA,19.45,17.42,1.96,70,10.85,21.51,Low,0
DIA-03765,DFDC,video,Face Reenactment,0,0,1,0,0,0,Access Internal Portal,17.25,68.71,13.83,35,26.39,28.78,Low,0
DIA-03766,ASVspoof2021-LA,audio,Voice Conversion,0,1,1,1,0,0,Download Sensitive Data,33.12,11.72,54.75,75,30.23,39.94,Low,0
DIA-03767,Celeb-DF++,video,Face Swap,1,1,0,1,0,1,Download Sensitive Data,69.17,43.85,84.73,75,91.77,73.88,Medium,1
DIA-03768,Celeb-DF,video,Video Manipulation,1,1,1,0,1,0,Reset Password,80.02,4.83,41.83,55,93.59,60.06,Medium,1
DIA-03769,ASVspoof2021-DF,audio,Replay,0,0,0,1,0,0,Transfer Funds,40.65,93.67,50.83,100,5.53,52.52,Medium,0
DIA-03770,ASVspoof2021-DF,audio,Audio Manipulation,0,0,1,0,0,1,Change MFA,25.82,59.14,42.78,70,19.5,39.57,Low,0
DIA-03771,ASVspoof2021-PA,audio,Replay,0,0,1,0,0,1,Transfer Funds,14.31,82.36,30.7,100,23.3,42.45,Low,0
DIA-03772,ASVspoof2021-PA,audio,Audio Manipulation,0,0,0,0,0,0,Transfer Funds,17.55,100,0,100,28.45,40.96,Low,0
DIA-03773,ASVspoof2021-DF,audio,Audio Manipulation,1,1,0,0,1,1,Read Information,69.63,33.85,89.58,20,82.57,63.4,Medium,1
DIA-03774,ASVspoof2021-LA,audio,Voice Conversion,0,1,1,1,0,0,Access Internal Portal,42.5,0.15,55.45,35,34.36,35.98,Low,0
DIA-03775,ASVspoof2021-LA,audio,Replay,0,1,1,1,0,0,Change MFA,21.87,18.92,59.1,70,20.23,35.76,Low,0
DIA-03776,Celeb-DF++,video,Face Reenactment,0,1,0,1,0,1,Download Sensitive Data,43.21,39.65,100,75,0,50.16,Medium,0
DIA-03777,ASVspoof2021-DF,audio,Audio Manipulation,0,1,1,0,0,0,Read Information,19.23,32.95,7.8,20,15.91,18.45,Low,0
DIA-03778,DFDC,video,Talking Face,0,0,1,0,1,0,Access Internal Portal,18.5,81.21,34.35,35,9.06,31.66,Low,0
DIA-03779,ASVspoof2021-LA,audio,Voice Conversion,0,1,1,1,1,1,Create Privileged Account,24.1,20.08,98.79,95,12.52,46.75,Low,0
DIA-03780,ASVspoof2021-PA,audio,Replay,0,1,0,0,0,0,Change MFA,15.13,35.77,8.31,70,25.25,27.12,Low,0
DIA-03781,DFDC,video,Face Reenactment,0,0,1,1,0,0,Download Sensitive Data,32.79,67.91,48.13,75,22.87,45.47,Low,0
DIA-03782,ASVspoof2021-LA,audio,Replay,1,0,1,0,0,0,Download Sensitive Data,57.96,72.42,7.6,75,76.83,56.39,Medium,1
DIA-03783,ASVspoof2021-PA,audio,Voice Conversion,1,1,0,1,0,0,Transfer Funds,81.56,42.84,57.7,100,81.3,73.69,Medium,1
DIA-03784,DFDC,video,Face Reenactment,0,1,1,0,0,0,Read Information,33.85,9.34,15.35,20,24.4,22.51,Low,0
DIA-03785,Celeb-DF++,video,Video Manipulation,1,0,0,0,1,0,Download Sensitive Data,59.49,84.09,41.78,75,80.21,66.11,Medium,1
DIA-03786,ASVspoof2021-PA,audio,TTS,0,1,1,0,0,0,Read Information,31.29,30.43,1.8,20,26.09,22.53,Low,0
DIA-03787,ASVspoof2021-PA,audio,Audio Manipulation,1,1,0,0,0,0,Read Information,77.53,40.27,10.54,20,78.95,50.2,Medium,1
DIA-03788,DFDC,video,Face Swap,1,1,1,0,0,0,Change MFA,75.56,18.39,12.75,70,82.47,54.97,Medium,1
DIA-03789,Celeb-DF,video,Face Swap,0,1,1,1,0,0,Transfer Funds,16,8.14,63.42,100,5.92,34.89,Low,0
DIA-03790,ASVspoof2021-DF,audio,TTS,0,1,1,0,1,0,Change MFA,16.69,25.93,36.16,70,11.19,28.87,Low,0
DIA-03791,DFDC,video,Face Swap,1,1,0,0,0,0,Approve Payment,64.67,48.32,9.19,80,100,60.49,Medium,1
DIA-03792,Celeb-DF,video,Face Swap,0,1,1,0,1,0,Transfer Funds,41,15.48,42.95,100,15.62,41.34,Low,0
DIA-03793,DFDC,video,Video Manipulation,0,1,1,0,0,1,Read Information,22.89,16.68,43.53,20,13.46,23.77,Low,0
DIA-03794,DFDC,video,Video Manipulation,1,1,1,0,0,0,Approve Payment,63.98,17.28,13.63,80,75.58,51.63,Medium,1
DIA-03795,ASVspoof2021-DF,audio,Replay,0,1,1,1,0,0,Transfer Funds,10.37,15.79,53.42,100,12.94,33.75,Low,0
DIA-03796,ASVspoof2021-DF,audio,TTS,1,1,1,0,0,1,Transfer Funds,60.31,19.46,41.7,100,81.43,60.64,Medium,1
DIA-03797,ASVspoof2021-DF,audio,Audio Manipulation,1,1,1,1,0,0,Approve Payment,63.47,18.01,45.5,80,93.83,61.61,Medium,1
DIA-03798,ASVspoof2021-LA,audio,Replay,1,0,1,0,0,0,Transfer Funds,69.97,68.59,9.78,100,80.84,64.4,Medium,1
DIA-03799,Celeb-DF++,video,Talking Face,1,1,1,0,0,0,Download Sensitive Data,50.34,5.65,6.97,75,80.61,44.72,Low,1
DIA-03800,Celeb-DF,video,Video Manipulation,1,1,1,0,0,0,Read Information,58.68,14.8,0,20,64.8,35.78,Low,1
DIA-03801,DFDC,video,Face Reenactment,1,1,1,0,0,0,Transfer Funds,45.53,21,15.05,100,70.6,48.94,Low,1
DIA-03802,DFDC,video,Face Reenactment,1,0,1,0,0,0,Transfer Funds,81.42,75.38,13.99,100,97.13,72.96,Medium,1
DIA-03803,Celeb-DF,video,Video Manipulation,1,1,1,0,0,1,Access Internal Portal,72.17,25.5,39.8,35,77.34,54.15,Medium,1
DIA-03804,DFDC,video,Talking Face,1,1,0,0,0,0,Transfer Funds,69.41,51.35,4.12,100,91.26,62.6,Medium,1
DIA-03805,DFDC,video,Talking Face,1,0,1,0,1,0,Approve Payment,54.01,75.61,38.42,80,72.17,61.66,Medium,1
DIA-03806,DFDC,video,Talking Face,1,0,1,0,0,0,Change MFA,78.77,71.5,22.26,70,85.14,66.34,Medium,1
DIA-03807,ASVspoof2021-DF,audio,Audio Manipulation,0,1,0,0,0,1,Create Privileged Account,39.53,42.75,52.15,95,37.32,50.42,Medium,0
DIA-03808,ASVspoof2021-DF,audio,Voice Conversion,1,1,1,0,0,1,Approve Payment,71.74,10.41,53.4,80,91.64,64.09,Medium,1
DIA-03809,ASVspoof2021-PA,audio,TTS,0,0,0,0,0,0,Create Privileged Account,12.73,100,7.87,95,0,34.64,Low,0
DIA-03810,ASVspoof2021-LA,audio,Voice Conversion,0,0,1,0,1,0,Reset Password,24.07,80.59,37.91,55,47.01,44.54,Low,0
DIA-03811,ASVspoof2021-DF,audio,Replay,0,0,0,0,0,0,Change MFA,26.08,100,9.07,70,9.17,36.97,Low,0
DIA-03812,DFDC,video,Video Manipulation,1,0,0,0,1,1,Read Information,80.57,99.45,64.92,20,100,75.07,High,1
DIA-03813,ASVspoof2021-DF,audio,Voice Conversion,1,0,0,0,0,1,Transfer Funds,78.3,93.07,46.37,100,82.56,78.24,High,1
DIA-03814,DFDC,video,Talking Face,0,0,1,0,0,0,Reset Password,28.6,67.15,3.93,55,8.09,29.31,Low,0
DIA-03815,Celeb-DF++,video,Video Manipulation,0,1,0,0,0,0,Access Internal Portal,10.38,38.72,4.78,35,10.54,17.24,Low,0
DIA-03816,Celeb-DF,video,Video Manipulation,0,0,0,0,0,1,Read Information,33.03,89.16,41.88,20,14.38,37.54,Low,0
DIA-03817,Celeb-DF++,video,Video Manipulation,0,0,1,1,1,1,Change MFA,23.01,72.2,100,70,12.82,50.8,Medium,0
DIA-03818,Celeb-DF,video,Video Manipulation,0,1,1,0,0,0,Change MFA,0,0,9.79,70,12.54,14.97,Low,0
DIA-03819,ASVspoof2021-DF,audio,Replay,1,1,1,0,0,0,Create Privileged Account,60.91,10.69,0,95,86.53,51.43,Medium,1
DIA-03820,ASVspoof2021-LA,audio,Voice Conversion,0,1,0,0,0,0,Approve Payment,11.91,40.55,3.47,80,27.76,27.9,Low,0
DIA-03821,ASVspoof2021-LA,audio,Voice Conversion,0,0,0,1,0,0,Create Privileged Account,25.65,100,61,95,20.34,53.21,Medium,0
DIA-03822,ASVspoof2021-DF,audio,Replay,0,1,1,0,1,1,Read Information,32.22,15.04,69.94,20,20.75,33.06,Low,0
DIA-03823,Celeb-DF++,video,Face Swap,1,1,1,0,0,0,Read Information,68.12,15.33,13.93,20,77.53,44.03,Low,1
DIA-03824,DFDC,video,Talking Face,1,1,1,0,1,1,Access Internal Portal,93.1,8.33,72.91,35,87.75,66.56,Medium,1
DIA-03825,ASVspoof2021-DF,audio,Replay,0,1,1,1,0,0,Change MFA,17.22,28.76,49.24,70,11.77,32.18,Low,0
DIA-03826,ASVspoof2021-DF,audio,Replay,0,1,0,0,1,0,Read Information,0,33.49,28.82,20,0,13.79,Low,0
DIA-03827,Celeb-DF,video,Face Reenactment,1,1,1,0,0,0,Create Privileged Account,69.06,31.26,6.15,95,100,60.89,Medium,1
DIA-03828,Celeb-DF,video,Talking Face,0,1,0,0,1,0,Transfer Funds,12.01,34.08,48.71,100,17.18,36.89,Low,0
DIA-03829,ASVspoof2021-PA,audio,TTS,1,1,1,0,0,0,Change MFA,54.06,22.53,6.27,70,82.81,47.91,Low,1
DIA-03830,ASVspoof2021-DF,audio,Replay,1,1,1,0,0,0,Create Privileged Account,62.73,14.55,22.05,95,93.64,58.39,Medium,1
DIA-03831,Celeb-DF++,video,Video Manipulation,1,1,0,1,0,0,Access Internal Portal,62.38,35.5,47.09,35,59.36,50.58,Medium,1
DIA-03832,ASVspoof2021-DF,audio,Audio Manipulation,1,1,1,1,1,1,Read Information,68.47,23.08,100,20,100,67,Medium,1
DIA-03833,Celeb-DF++,video,Video Manipulation,0,0,0,0,1,0,Transfer Funds,34.75,100,35.54,100,12.96,50.12,Medium,0
DIA-03834,Celeb-DF++,video,Face Reenactment,0,0,0,1,0,0,Create Privileged Account,24.37,93.52,48.77,95,10.14,47.37,Low,0
DIA-03835,Celeb-DF,video,Face Swap,0,0,0,1,0,1,Create Privileged Account,25.08,94.81,78.43,95,13.38,54.36,Medium,0
DIA-03836,Celeb-DF++,video,Talking Face,0,1,0,0,0,0,Create Privileged Account,35.57,36.7,9.9,95,29.75,38.36,Low,0
DIA-03837,ASVspoof2021-DF,audio,TTS,0,1,1,1,0,0,Approve Payment,19.75,16.79,39.69,80,36.24,35.63,Low,0
DIA-03838,DFDC,video,Face Reenactment,0,0,1,0,0,1,Create Privileged Account,9.47,61.24,47.55,95,29.12,41.61,Low,0
DIA-03839,ASVspoof2021-LA,audio,Replay,1,1,0,0,0,0,Transfer Funds,51.41,18.45,11.57,100,75.51,50.61,Medium,1
DIA-03840,Celeb-DF,video,Talking Face,0,1,1,0,0,0,Transfer Funds,17.12,0.04,15.1,100,0.1,23.18,Low,0
DIA-03841,ASVspoof2021-DF,audio,Replay,1,1,0,1,0,0,Transfer Funds,52.94,38.23,46.52,100,76.5,61.22,Medium,1
DIA-03842,ASVspoof2021-DF,audio,Audio Manipulation,0,1,1,1,0,0,Change MFA,10.1,6.44,55.17,70,8.77,27.28,Low,0
DIA-03843,ASVspoof2021-DF,audio,TTS,0,1,0,0,0,0,Create Privileged Account,13.81,39.06,13.01,95,0.65,26.98,Low,0
DIA-03844,ASVspoof2021-DF,audio,Audio Manipulation,0,1,1,0,0,0,Access Internal Portal,30.45,10.9,10.89,35,24.86,23.17,Low,0
DIA-03845,ASVspoof2021-PA,audio,Replay,1,1,0,0,0,0,Reset Password,80.21,34.35,23.84,55,87.09,59.65,Medium,1
DIA-03846,Celeb-DF++,video,Face Reenactment,1,1,1,1,0,0,Create Privileged Account,78.26,9.81,53.3,95,91.07,68.07,Medium,1
DIA-03847,ASVspoof2021-DF,audio,Voice Conversion,1,1,1,0,0,0,Reset Password,65.96,22.74,6.75,55,90.07,50.81,Medium,1
DIA-03848,ASVspoof2021-DF,audio,Replay,0,0,0,0,0,1,Create Privileged Account,16.73,96.88,55.75,95,22.34,49.42,Low,0
DIA-03849,DFDC,video,Talking Face,0,0,1,0,1,1,Change MFA,27.27,82.52,73.57,70,18.24,49.42,Low,0
DIA-03850,Celeb-DF,video,Face Reenactment,1,1,1,0,0,1,Reset Password,90.6,15.83,57.45,55,100,69.29,Medium,1
DIA-03851,Celeb-DF++,video,Face Swap,0,1,1,0,1,0,Change MFA,19.56,0,22.02,70,12.48,23.27,Low,0
DIA-03852,Celeb-DF,video,Face Swap,0,1,1,0,0,0,Download Sensitive Data,12.92,6.65,7.9,75,9.48,19.6,Low,0
DIA-03853,Celeb-DF,video,Face Reenactment,0,1,1,0,0,0,Read Information,16.27,15.92,7.91,20,13.98,14.65,Low,0
DIA-03854,Celeb-DF,video,Face Reenactment,0,0,1,1,0,0,Download Sensitive Data,20.07,71.94,36.78,75,21.86,39.79,Low,0
DIA-03855,ASVspoof2021-DF,audio,Replay,0,0,1,0,1,0,Read Information,24.04,65.31,36.16,20,24.15,32.07,Low,0
DIA-03856,DFDC,video,Video Manipulation,0,1,1,0,0,0,Change MFA,9.6,8.63,7.4,70,11.34,18.42,Low,0
DIA-03857,ASVspoof2021-LA,audio,TTS,1,0,0,1,0,0,Reset Password,75.47,90.14,36.01,55,82.99,68.21,Medium,1
DIA-03858,Celeb-DF++,video,Face Reenactment,1,1,1,0,0,0,Download Sensitive Data,72.25,13.84,4.64,75,96.81,55.29,Medium,1
DIA-03859,ASVspoof2021-DF,audio,TTS,0,1,1,0,0,0,Create Privileged Account,21.78,14.61,19.7,95,5.68,28.05,Low,0
DIA-03860,DFDC,video,Video Manipulation,0,0,1,1,0,0,Read Information,11.05,61.22,56.36,20,39.49,34.67,Low,0
DIA-03861,Celeb-DF++,video,Talking Face,1,1,1,0,0,0,Read Information,64.36,16.97,5.02,20,80.38,41.93,Low,1
DIA-03862,DFDC,video,Face Swap,0,1,0,0,0,1,Change MFA,17.21,41.9,39.81,70,14.46,32.8,Low,0
DIA-03863,ASVspoof2021-DF,audio,Voice Conversion,1,0,0,0,0,1,Create Privileged Account,70.19,94.12,51.03,95,87.87,77.2,High,1
DIA-03864,Celeb-DF,video,Talking Face,0,1,1,0,0,1,Reset Password,15.67,9.47,31.24,55,20.7,24.76,Low,0
DIA-03865,ASVspoof2021-PA,audio,Audio Manipulation,1,1,1,0,1,1,Create Privileged Account,84.68,20.37,74.16,95,82.27,74,Medium,1
DIA-03866,Celeb-DF,video,Talking Face,1,1,0,0,1,0,Read Information,68.06,50.59,22.18,20,87.06,52.85,Medium,1
DIA-03867,ASVspoof2021-DF,audio,Voice Conversion,0,1,1,0,0,0,Reset Password,0.2,11.41,21.49,55,3.65,15.05,Low,0
DIA-03868,Celeb-DF,video,Talking Face,1,1,1,0,0,0,Download Sensitive Data,51.37,9.97,14.61,75,74.45,45.97,Low,1
DIA-03869,ASVspoof2021-DF,audio,Replay,1,1,1,0,0,1,Approve Payment,84.25,18.73,32.09,80,73.62,61.23,Medium,1
DIA-03870,Celeb-DF++,video,Talking Face,1,1,0,0,0,0,Reset Password,64.02,30.64,7.34,55,84.27,50.37,Medium,1
DIA-03871,Celeb-DF,video,Face Swap,0,1,1,0,0,0,Transfer Funds,13.71,4.79,12.22,100,13.84,25.04,Low,0
DIA-03872,DFDC,video,Talking Face,0,1,1,0,0,1,Change MFA,35.41,9.81,31.09,70,2.73,29.36,Low,0
DIA-03873,DFDC,video,Face Swap,0,0,0,0,0,0,Approve Payment,16.33,97.48,9.7,80,9.95,35.45,Low,0
DIA-03874,DFDC,video,Video Manipulation,1,1,1,1,0,0,Read Information,57.85,7.96,53.37,20,81.2,48.46,Low,1
DIA-03875,ASVspoof2021-PA,audio,Audio Manipulation,0,1,1,1,0,0,Transfer Funds,10.6,14.85,35.52,100,22.38,31.99,Low,0
DIA-03876,Celeb-DF++,video,Talking Face,0,0,1,0,1,0,Download Sensitive Data,24.9,53.93,40.22,75,6.69,36.19,Low,0
DIA-03877,DFDC,video,Talking Face,1,1,0,0,1,0,Change MFA,88.32,44.93,34.13,70,86.37,67.84,Medium,1
DIA-03878,ASVspoof2021-PA,audio,TTS,0,1,1,0,0,1,Reset Password,32.24,26.52,51.42,55,10.16,34.22,Low,0
DIA-03879,DFDC,video,Video Manipulation,1,1,1,0,0,0,Download Sensitive Data,61.8,7.72,8.36,75,88.98,50.42,Medium,1
DIA-03880,Celeb-DF++,video,Face Reenactment,0,1,0,1,0,1,Read Information,25.51,43.55,77.6,20,12.36,35.18,Low,0
DIA-03881,ASVspoof2021-DF,audio,Voice Conversion,1,0,0,0,0,0,Change MFA,66.53,93.34,1.92,70,88.3,62.5,Medium,1
DIA-03882,ASVspoof2021-PA,audio,Replay,0,1,1,0,1,0,Create Privileged Account,0,15.85,32.82,95,8.77,24.95,Low,0
DIA-03883,ASVspoof2021-DF,audio,Audio Manipulation,0,0,1,0,0,0,Create Privileged Account,18.26,68.03,8.68,95,1.23,31.91,Low,0
DIA-03884,Celeb-DF++,video,Face Reenactment,1,1,1,1,0,0,Approve Payment,77.42,12.57,57.45,80,85.73,65.75,Medium,1
DIA-03885,ASVspoof2021-PA,audio,Replay,0,1,1,0,0,1,Reset Password,42.5,8.33,43.04,55,11.97,33.25,Low,0
DIA-03886,DFDC,video,Talking Face,0,1,1,1,0,0,Download Sensitive Data,35,6.26,39.08,75,30.82,36.67,Low,0
DIA-03887,ASVspoof2021-PA,audio,Voice Conversion,0,1,0,0,0,0,Access Internal Portal,39.23,48.8,6.8,35,38.17,33.33,Low,0
DIA-03888,ASVspoof2021-LA,audio,Replay,1,1,0,1,0,0,Download Sensitive Data,89.49,26.57,39.33,75,95.11,68.97,Medium,1
DIA-03889,ASVspoof2021-PA,audio,Audio Manipulation,0,1,0,0,0,1,Access Internal Portal,38.34,39.85,47.45,35,15.82,35.38,Low,0
DIA-03890,Celeb-DF,video,Face Reenactment,0,1,1,1,0,0,Reset Password,23.29,14.49,54.06,55,18.02,31.83,Low,0
DIA-03891,DFDC,video,Video Manipulation,0,0,1,1,0,0,Approve Payment,26.79,69.62,55.25,80,21.31,45.79,Low,0
DIA-03892,ASVspoof2021-DF,audio,Audio Manipulation,0,0,0,1,0,0,Read Information,4.63,100,47.88,20,22.92,33.55,Low,0
DIA-03893,Celeb-DF++,video,Video Manipulation,1,1,1,1,0,0,Reset Password,72.43,12.03,45.1,55,83.41,57.49,Medium,1
DIA-03894,Celeb-DF++,video,Talking Face,0,0,1,0,0,0,Reset Password,24.23,75.22,6.42,55,21.73,32.43,Low,0
DIA-03895,ASVspoof2021-PA,audio,Audio Manipulation,1,1,1,0,0,0,Transfer Funds,62.88,30.89,9.36,100,67.61,53.89,Medium,1
DIA-03896,ASVspoof2021-DF,audio,Replay,1,1,1,0,0,0,Create Privileged Account,49.04,13.78,6.44,95,81.44,48.6,Low,1
DIA-03897,Celeb-DF,video,Video Manipulation,1,1,1,1,0,0,Reset Password,88.41,0,61.27,55,81.36,63.3,Medium,1
DIA-03898,Celeb-DF++,video,Talking Face,1,1,1,1,0,0,Download Sensitive Data,75.47,13.86,47.44,75,86.25,62.71,Medium,1
DIA-03899,DFDC,video,Video Manipulation,0,1,0,1,0,0,Access Internal Portal,41.93,38.07,49.28,35,13.14,36.02,Low,0
DIA-03900,DFDC,video,Video Manipulation,1,1,1,0,0,0,Create Privileged Account,74.16,18.22,4.74,95,89.24,58.03,Medium,1
DIA-03901,DFDC,video,Video Manipulation,1,0,1,1,1,0,Reset Password,86.05,54.05,69.9,55,94.26,75,High,1
DIA-03902,ASVspoof2021-LA,audio,Replay,1,1,1,1,0,1,Transfer Funds,88.79,17.6,76.09,100,87.1,76.92,High,1
DIA-03903,ASVspoof2021-DF,audio,Replay,0,0,1,0,0,0,Transfer Funds,10.53,66.63,2.8,100,6.84,30.08,Low,0
DIA-03904,Celeb-DF++,video,Video Manipulation,0,1,1,0,0,0,Access Internal Portal,12.4,21.42,23.11,35,20.27,20.86,Low,0
DIA-03905,Celeb-DF,video,Face Reenactment,1,1,1,1,1,0,Change MFA,66.29,10.85,78.81,70,97.59,67.29,Medium,1
DIA-03906,ASVspoof2021-DF,audio,TTS,0,1,1,1,0,0,Transfer Funds,12.37,21.94,47.63,100,32.39,38.01,Low,0
DIA-03907,ASVspoof2021-LA,audio,Audio Manipulation,1,1,1,0,0,0,Read Information,85.42,2.91,5.4,20,91.92,48.53,Low,1
DIA-03908,ASVspoof2021-PA,audio,Replay,0,1,0,0,0,0,Approve Payment,18.46,40.14,18.65,80,19.12,31.11,Low,0
DIA-03909,ASVspoof2021-DF,audio,Voice Conversion,1,0,1,0,1,1,Download Sensitive Data,76.05,62.23,64.15,75,74.18,71.07,Medium,1
DIA-03910,ASVspoof2021-LA,audio,Replay,0,1,1,0,0,0,Download Sensitive Data,3.36,11.1,0,75,24.66,18.86,Low,0
DIA-03911,Celeb-DF++,video,Face Swap,0,1,0,0,0,0,Download Sensitive Data,27,61.76,13.33,75,0,31.28,Low,0
DIA-03912,Celeb-DF++,video,Face Reenactment,0,0,0,0,0,1,Download Sensitive Data,18.5,87.4,38.51,75,27.35,43.08,Low,0
DIA-03913,ASVspoof2021-LA,audio,Voice Conversion,1,1,0,1,0,0,Reset Password,84.87,37.02,41.02,55,88.46,65.16,Medium,1
DIA-03914,Celeb-DF,video,Face Reenactment,1,0,1,1,0,0,Change MFA,63.46,60.85,42.35,70,60.98,59.33,Medium,1
DIA-03915,Celeb-DF,video,Video Manipulation,1,1,0,0,0,0,Transfer Funds,80.65,37.54,12.91,100,90.19,65.45,Medium,1
DIA-03916,Celeb-DF,video,Talking Face,1,1,1,1,0,0,Read Information,81.35,13.8,49.27,20,85.93,56.52,Medium,1
DIA-03917,Celeb-DF++,video,Face Swap,1,1,1,0,1,0,Access Internal Portal,60.88,9.12,28.11,35,78.18,46.14,Low,1
DIA-03918,ASVspoof2021-DF,audio,Voice Conversion,1,1,0,0,0,0,Read Information,81.6,52.61,13.29,20,84.97,55.02,Medium,1
DIA-03919,ASVspoof2021-DF,audio,TTS,1,1,1,0,0,1,Approve Payment,83.64,24.24,39.21,80,87.74,66.12,Medium,1
DIA-03920,Celeb-DF++,video,Video Manipulation,1,1,0,0,0,1,Reset Password,76.39,32.43,33.55,55,85.9,59.92,Medium,1
DIA-03921,DFDC,video,Face Reenactment,1,0,0,0,0,0,Read Information,55.07,100,0.85,20,67.49,48.19,Low,1
DIA-03922,ASVspoof2021-LA,audio,Voice Conversion,0,0,1,1,1,1,Access Internal Portal,36.8,66.16,100,35,24.83,51.18,Medium,0
DIA-03923,Celeb-DF,video,Face Reenactment,1,1,1,0,0,0,Reset Password,66.73,5.17,4.52,55,80.26,46,Low,1
DIA-03924,ASVspoof2021-PA,audio,TTS,0,1,0,0,0,1,Read Information,23.54,34.26,45.74,20,32.17,30.78,Low,0
DIA-03925,DFDC,video,Video Manipulation,0,0,1,0,0,0,Create Privileged Account,18.81,59.95,17.79,95,24.44,37.33,Low,0
DIA-03926,ASVspoof2021-DF,audio,Replay,1,1,1,0,0,0,Read Information,65.67,22.53,5.59,20,92.17,45.63,Low,1
DIA-03927,Celeb-DF++,video,Face Reenactment,1,1,1,0,1,0,Transfer Funds,56.48,7.99,53.66,100,97.87,63.45,Medium,1
DIA-03928,ASVspoof2021-LA,audio,Voice Conversion,0,1,0,0,0,0,Transfer Funds,1.33,50.31,11.93,100,18.96,29.12,Low,0
DIA-03929,DFDC,video,Talking Face,0,1,0,0,1,1,Transfer Funds,4.06,41.13,68.77,100,11.7,38.48,Low,0
DIA-03930,ASVspoof2021-PA,audio,TTS,1,1,1,0,0,0,Access Internal Portal,69.29,11.77,0.66,35,61.3,40.19,Low,1
DIA-03931,Celeb-DF++,video,Video Manipulation,0,0,0,0,0,0,Access Internal Portal,0,90.98,7.56,35,14.17,23.24,Low,0
DIA-03932,ASVspoof2021-DF,audio,Replay,0,1,0,1,0,1,Transfer Funds,35.99,54.02,83.26,100,36.57,57.87,Medium,0
DIA-03933,Celeb-DF++,video,Face Swap,1,0,1,0,1,0,Download Sensitive Data,71.57,70.08,40.32,75,92.94,69.88,Medium,1
DIA-03934,DFDC,video,Talking Face,1,0,1,1,0,0,Download Sensitive Data,67.67,65.97,45.83,75,79.35,66.48,Medium,1
DIA-03935,Celeb-DF++,video,Video Manipulation,1,1,1,1,0,1,Create Privileged Account,87.29,21.83,88.03,95,89.36,79.19,High,1
DIA-03936,Celeb-DF,video,Face Swap,1,0,0,0,0,0,Access Internal Portal,63.14,99.68,10.29,35,77.78,56.76,Medium,1
DIA-03937,Celeb-DF,video,Talking Face,0,1,1,0,0,0,Change MFA,22.6,7.1,16.82,70,20.4,25.79,Low,0
DIA-03938,ASVspoof2021-DF,audio,Replay,0,0,1,0,0,0,Access Internal Portal,0,70.04,17.38,35,7.41,20.71,Low,0
DIA-03939,Celeb-DF++,video,Video Manipulation,1,1,1,1,0,0,Create Privileged Account,46.34,0.53,52.34,95,91.54,57.01,Medium,1
DIA-03940,DFDC,video,Talking Face,1,1,1,0,1,0,Access Internal Portal,63.41,14.73,40.35,35,83.94,51.34,Medium,1
DIA-03941,DFDC,video,Talking Face,0,1,1,0,0,0,Access Internal Portal,22.65,17.51,17.86,35,19.98,22.24,Low,0
DIA-03942,DFDC,video,Video Manipulation,0,0,1,0,1,0,Reset Password,28.45,73.58,38.76,55,11.66,37.91,Low,0
DIA-03943,DFDC,video,Video Manipulation,0,1,1,1,0,0,Download Sensitive Data,21.05,7,51.94,75,13.5,31.7,Low,0
DIA-03944,ASVspoof2021-DF,audio,Voice Conversion,0,0,0,0,0,0,Access Internal Portal,20.71,89.09,12.86,35,6.78,28.75,Low,0
DIA-03945,DFDC,video,Talking Face,0,1,0,0,0,0,Transfer Funds,26.65,41.98,21.28,100,31.42,39.83,Low,0
DIA-03946,ASVspoof2021-PA,audio,TTS,0,1,0,0,0,0,Create Privileged Account,16.59,50,10.79,95,11.53,31.19,Low,0
DIA-03947,DFDC,video,Video Manipulation,1,1,1,1,0,0,Transfer Funds,77.46,15.74,55.1,100,87.8,69.18,Medium,1
DIA-03948,DFDC,video,Video Manipulation,0,1,1,0,0,1,Reset Password,10.58,10.54,40.27,55,0.71,21.2,Low,0
DIA-03949,ASVspoof2021-LA,audio,Voice Conversion,1,1,0,0,0,0,Change MFA,47.78,47.76,20.51,70,67.86,49.67,Low,1
DIA-03950,Celeb-DF,video,Talking Face,1,1,1,1,0,1,Download Sensitive Data,70.13,16.03,88.15,75,82.28,68.78,Medium,1
DIA-03951,Celeb-DF++,video,Video Manipulation,1,0,1,0,0,0,Transfer Funds,74.52,71.43,7.58,100,82.83,66.15,Medium,1
DIA-03952,ASVspoof2021-PA,audio,TTS,1,0,1,1,0,0,Download Sensitive Data,63.18,76.38,49.51,75,85,68.56,Medium,1
DIA-03953,ASVspoof2021-PA,audio,Replay,0,1,1,0,0,0,Change MFA,25.16,14.23,8.47,70,36.39,29.15,Low,0
DIA-03954,ASVspoof2021-DF,audio,Audio Manipulation,0,1,1,0,1,0,Approve Payment,6.7,7.53,35.03,80,0,22.15,Low,0
DIA-03955,DFDC,video,Video Manipulation,1,1,0,0,0,0,Access Internal Portal,59.59,38.76,11.47,35,90.7,49.38,Low,1
DIA-03956,ASVspoof2021-DF,audio,TTS,0,0,0,0,1,0,Transfer Funds,20.66,100,33.62,100,21.65,47.25,Low,0
DIA-03957,ASVspoof2021-PA,audio,Audio Manipulation,0,0,0,1,1,0,Approve Payment,15.66,100,63.88,80,10.35,46.54,Low,0
DIA-03958,ASVspoof2021-PA,audio,Audio Manipulation,0,0,0,0,1,1,Change MFA,17.52,85.25,82.42,70,12.48,47.52,Low,0
DIA-03959,DFDC,video,Face Swap,1,0,1,0,0,0,Read Information,37.31,83.1,11.86,20,86.41,46.31,Low,1
DIA-03960,Celeb-DF,video,Talking Face,0,1,1,1,0,1,Reset Password,37.23,12.06,86.9,55,20.75,42.76,Low,0
DIA-03961,Celeb-DF,video,Talking Face,0,1,1,0,0,1,Download Sensitive Data,21.7,15.16,44.66,75,14.53,31.87,Low,0
DIA-03962,DFDC,video,Video Manipulation,0,0,0,0,0,0,Transfer Funds,7.6,100,16.36,100,4.46,36.44,Low,0
DIA-03963,ASVspoof2021-DF,audio,TTS,1,1,1,0,0,0,Change MFA,86.16,11.72,10.34,70,81.01,56.38,Medium,1
DIA-03964,Celeb-DF,video,Video Manipulation,0,1,0,1,0,0,Transfer Funds,14.32,37.8,47.82,100,4.63,35.46,Low,0
DIA-03965,Celeb-DF,video,Talking Face,1,1,1,0,0,0,Download Sensitive Data,60.33,9.86,8.27,75,90.04,50.49,Medium,1
DIA-03966,DFDC,video,Face Reenactment,1,0,1,1,1,0,Create Privileged Account,60.42,70.3,83.76,95,75.05,74.68,Medium,1
DIA-03967,Celeb-DF++,video,Face Reenactment,0,1,0,1,0,0,Read Information,35.14,42.49,51.42,20,10.04,32.21,Low,0
DIA-03968,DFDC,video,Video Manipulation,0,0,0,0,1,0,Create Privileged Account,33.77,89.5,34.75,95,22.02,49.16,Low,0
DIA-03969,Celeb-DF++,video,Video Manipulation,1,1,0,0,0,0,Access Internal Portal,80.67,51.6,6.95,35,79.82,54.54,Medium,1
DIA-03970,DFDC,video,Face Reenactment,1,1,1,0,1,1,Change MFA,85.57,9.02,67.76,70,100,71.08,Medium,1
DIA-03971,ASVspoof2021-PA,audio,Audio Manipulation,0,1,1,0,0,0,Reset Password,11.43,18.99,17.56,55,15.23,21.09,Low,0
DIA-03972,DFDC,video,Talking Face,0,0,1,1,1,0,Download Sensitive Data,41.4,70.21,68.59,75,24.19,52.76,Medium,0
DIA-03973,Celeb-DF++,video,Face Swap,0,1,0,0,0,0,Download Sensitive Data,15.85,49.95,14.69,75,17.83,30,Low,0
DIA-03974,DFDC,video,Talking Face,0,0,1,0,1,1,Reset Password,6.03,63.57,74.95,55,18.65,38.31,Low,0
DIA-03975,DFDC,video,Video Manipulation,0,1,1,0,0,1,Read Information,18.31,19.58,46.51,20,22.97,25.33,Low,0
DIA-03976,DFDC,video,Face Swap,0,0,1,0,0,0,Download Sensitive Data,21.59,89.37,8.67,75,17.66,36.4,Low,0
DIA-03977,DFDC,video,Face Swap,0,0,0,0,0,0,Change MFA,10.91,83.47,0,70,5.58,27.41,Low,0
DIA-03978,DFDC,video,Face Swap,1,1,1,1,0,0,Create Privileged Account,72.62,7.8,54.65,95,83.77,64.89,Medium,1
DIA-03979,Celeb-DF++,video,Talking Face,1,0,0,1,1,0,Approve Payment,76.9,100,63.83,80,86.76,80.19,High,1
DIA-03980,ASVspoof2021-DF,audio,TTS,1,1,1,1,0,0,Reset Password,75.52,13.93,51.17,55,71.19,57.47,Medium,1
DIA-03981,DFDC,video,Video Manipulation,1,0,1,0,0,1,Read Information,78.21,70.91,45.36,20,67.61,59.69,Medium,1
DIA-03982,Celeb-DF++,video,Face Swap,1,0,0,0,0,0,Download Sensitive Data,64.02,92.34,15.38,75,72.09,61.8,Medium,1
DIA-03983,ASVspoof2021-DF,audio,TTS,0,1,1,1,1,0,Create Privileged Account,15,28.23,68.73,95,0,36.73,Low,0
DIA-03984,DFDC,video,Face Reenactment,1,1,1,0,0,0,Create Privileged Account,49.83,2.09,3.38,95,75.08,45.2,Low,1
DIA-03985,Celeb-DF,video,Video Manipulation,0,0,1,0,1,1,Reset Password,22.03,79.9,73.74,55,10.55,43.7,Low,0
DIA-03986,DFDC,video,Video Manipulation,1,0,1,0,1,1,Access Internal Portal,65.09,58.18,68.8,35,84.07,64.08,Medium,1
DIA-03987,DFDC,video,Face Reenactment,1,1,0,0,0,0,Read Information,64.7,27.46,0,20,89.56,44.44,Low,1
DIA-03988,Celeb-DF++,video,Talking Face,1,0,1,0,0,0,Download Sensitive Data,43.22,61.3,9.96,75,80.41,51.48,Medium,1
DIA-03989,ASVspoof2021-PA,audio,Audio Manipulation,0,1,1,0,0,0,Reset Password,1.3,13.98,22.65,55,16.23,18.51,Low,0
DIA-03990,ASVspoof2021-PA,audio,Audio Manipulation,1,1,0,0,1,1,Create Privileged Account,76.61,34.29,73.84,95,94.67,76.08,High,1
DIA-03991,ASVspoof2021-PA,audio,TTS,0,1,1,0,0,0,Download Sensitive Data,0.01,8.81,1.7,75,9.07,14.73,Low,0
DIA-03992,Celeb-DF++,video,Video Manipulation,0,1,1,0,1,0,Read Information,15.91,7.58,38.29,20,0,16.57,Low,0
DIA-03993,DFDC,video,Video Manipulation,0,1,0,0,1,0,Approve Payment,8.86,32.72,41.88,80,0,27.94,Low,0
DIA-03994,Celeb-DF,video,Talking Face,0,1,0,1,0,0,Reset Password,13.16,32.54,37.92,55,19.78,28.62,Low,0
DIA-03995,DFDC,video,Talking Face,1,1,1,1,0,0,Create Privileged Account,71.94,16.88,47.99,95,86.75,65.31,Medium,1
DIA-03996,DFDC,video,Face Reenactment,0,1,1,1,0,0,Read Information,23.31,9.91,59.1,20,24.08,28.12,Low,0
DIA-03997,DFDC,video,Video Manipulation,0,0,1,1,0,1,Reset Password,34.01,48.68,74.33,55,46.08,49.84,Low,0
DIA-03998,Celeb-DF++,video,Video Manipulation,1,0,1,1,1,1,Read Information,63.88,69.7,100,20,84.94,69.61,Medium,1
DIA-03999,Celeb-DF,video,Talking Face,1,0,0,0,0,0,Approve Payment,56.27,100,8.49,80,80.21,61.62,Medium,1
DIA-04000,DFDC,video,Talking Face,0,1,1,0,0,0,Change MFA,30.36,12.77,7.09,70,22.7,27.48,Low,0
DIA-04001,ASVspoof2021-DF,audio,Voice Conversion,1,0,1,1,0,0,Download Sensitive Data,68.53,59.91,59.63,75,73.42,67.41,Medium,1
DIA-04002,Celeb-DF,video,Talking Face,1,1,1,0,1,0,Approve Payment,70.02,20.96,43.56,80,91.3,63.12,Medium,1
DIA-04003,ASVspoof2021-LA,audio,TTS,0,1,1,0,0,0,Transfer Funds,12.53,4.02,7.88,100,13.59,23.66,Low,0
DIA-04004,Celeb-DF,video,Video Manipulation,1,0,0,0,0,0,Change MFA,71.01,92.43,2.88,70,99.9,66.22,Medium,1
DIA-04005,Celeb-DF++,video,Talking Face,1,1,1,0,0,0,Download Sensitive Data,38.62,14.83,18.91,75,62.25,41.29,Low,1
DIA-04006,DFDC,video,Talking Face,0,0,1,1,1,1,Download Sensitive Data,40.67,78.63,100,75,22.21,59.69,Medium,0
DIA-04007,Celeb-DF++,video,Face Swap,0,1,1,0,0,0,Transfer Funds,12.99,19.62,9.88,100,9.6,25.74,Low,0
DIA-04008,DFDC,video,Talking Face,0,1,1,0,0,0,Access Internal Portal,4.26,16.91,14.58,35,3.47,12.67,Low,0
DIA-04009,DFDC,video,Face Swap,1,1,0,0,1,0,Download Sensitive Data,54.31,47.44,39.53,75,86.18,59.8,Medium,1
DIA-04010,ASVspoof2021-DF,audio,Audio Manipulation,0,1,0,1,0,1,Create Privileged Account,25.1,30.74,78.88,95,15.42,45.25,Low,0
DIA-04011,Celeb-DF,video,Talking Face,0,1,0,1,0,0,Reset Password,21.79,52.64,45.84,55,29.42,37.74,Low,0
DIA-04012,DFDC,video,Face Reenactment,1,1,1,0,0,0,Reset Password,67.55,0,10.04,55,79.11,46.34,Low,1
DIA-04013,ASVspoof2021-PA,audio,Audio Manipulation,1,1,0,0,0,0,Change MFA,52.88,51.42,0,70,76.69,49.42,Low,1
DIA-04014,DFDC,video,Video Manipulation,0,0,1,0,0,0,Approve Payment,27.58,63.27,7.6,80,37.03,38.69,Low,0
DIA-04015,ASVspoof2021-DF,audio,TTS,0,1,1,1,0,0,Approve Payment,17.23,18.04,44.45,80,4.15,29.6,Low,0
DIA-04016,ASVspoof2021-DF,audio,TTS,0,1,1,0,0,0,Access Internal Portal,11.68,26.59,11.2,35,7.87,16.56,Low,0
DIA-04017,Celeb-DF,video,Face Reenactment,1,1,0,1,0,0,Access Internal Portal,68.51,44.49,42.12,35,56.32,52.16,Medium,1
DIA-04018,Celeb-DF++,video,Face Swap,0,1,0,0,0,0,Create Privileged Account,25.29,42.98,13.01,95,14.3,33.75,Low,0
DIA-04019,DFDC,video,Talking Face,0,1,1,1,0,0,Approve Payment,22.63,21.93,51.56,80,23.87,37.16,Low,0
DIA-04020,ASVspoof2021-DF,audio,Replay,1,1,0,0,0,0,Download Sensitive Data,60.03,28.16,9.29,75,85.7,52.48,Medium,1
DIA-04021,DFDC,video,Talking Face,0,0,0,0,0,1,Change MFA,19.44,84.36,48.28,70,18.16,42.27,Low,0
DIA-04022,DFDC,video,Face Swap,0,1,0,0,0,0,Transfer Funds,31.41,42.17,14.15,100,11.97,35.97,Low,0
DIA-04023,Celeb-DF,video,Video Manipulation,1,0,1,1,1,1,Transfer Funds,87.61,68.42,100,100,87.19,88.98,High,1
DIA-04024,ASVspoof2021-PA,audio,Audio Manipulation,0,1,0,1,0,0,Change MFA,27.02,37.5,50.25,70,15.18,37.32,Low,0
DIA-04025,ASVspoof2021-LA,audio,Replay,1,1,0,0,1,0,Reset Password,67.63,49.91,30.25,55,83.86,58.85,Medium,1
DIA-04026,ASVspoof2021-PA,audio,TTS,1,1,1,0,0,0,Create Privileged Account,91.45,24.21,5.17,95,91.43,64.64,Medium,1
DIA-04027,ASVspoof2021-DF,audio,Voice Conversion,0,1,1,0,0,1,Reset Password,28.1,7.63,56.06,55,15.87,32.21,Low,0
DIA-04028,ASVspoof2021-DF,audio,Replay,1,1,0,0,0,0,Change MFA,67.99,43.54,8.58,70,84.21,55.99,Medium,1
DIA-04029,Celeb-DF++,video,Talking Face,1,1,0,0,0,0,Transfer Funds,63.78,27.49,9.92,100,82.06,56.65,Medium,1
DIA-04030,ASVspoof2021-PA,audio,TTS,1,1,1,0,1,0,Read Information,69.92,2.29,34.46,20,78.41,46.89,Low,1
DIA-04031,Celeb-DF++,video,Video Manipulation,1,1,0,1,0,0,Approve Payment,37.5,32.86,52.6,80,77.09,54.12,Medium,1
DIA-04032,Celeb-DF,video,Video Manipulation,0,1,1,0,0,0,Approve Payment,29.3,14.58,6.19,80,7.83,25.78,Low,0
DIA-04033,ASVspoof2021-DF,audio,Replay,0,0,1,0,0,0,Change MFA,4.01,64.78,6.87,70,14.63,25.72,Low,0
DIA-04034,ASVspoof2021-DF,audio,Voice Conversion,1,0,1,0,0,0,Access Internal Portal,58.1,73.61,16.56,35,71.53,51.34,Medium,1
DIA-04035,DFDC,video,Talking Face,0,1,1,0,0,0,Create Privileged Account,2.6,14.88,0,95,12.42,19.75,Low,0
DIA-04036,Celeb-DF,video,Face Swap,0,1,1,0,0,0,Create Privileged Account,9.9,23.91,11.31,95,18.66,26.8,Low,0
DIA-04037,Celeb-DF,video,Talking Face,0,1,1,1,1,1,Create Privileged Account,24.26,19.37,100,95,9.73,46.38,Low,0
DIA-04038,ASVspoof2021-LA,audio,TTS,0,0,1,0,0,0,Reset Password,27.78,61.69,0,55,28.24,31.49,Low,0
DIA-04039,Celeb-DF,video,Face Swap,1,1,1,0,0,0,Transfer Funds,80.18,22.2,9.43,100,100,64.27,Medium,1
DIA-04040,ASVspoof2021-LA,audio,Replay,1,1,1,0,0,0,Create Privileged Account,87.35,8.1,1.92,95,82.99,58.65,Medium,1
DIA-04041,Celeb-DF++,video,Talking Face,1,0,0,1,0,0,Access Internal Portal,72.12,98.29,40.67,35,83.73,66.51,Medium,1
DIA-04042,ASVspoof2021-LA,audio,Audio Manipulation,0,1,1,1,0,0,Change MFA,20.59,11.06,68.17,70,28.05,37.58,Low,0
DIA-04043,DFDC,video,Talking Face,0,1,1,0,0,1,Reset Password,31.58,25.59,48.79,55,3.71,32.06,Low,0
DIA-04044,ASVspoof2021-PA,audio,Audio Manipulation,1,0,1,0,1,0,Download Sensitive Data,56.6,75.85,38.97,75,81.45,63.69,Medium,1
DIA-04045,Celeb-DF++,video,Video Manipulation,0,0,1,0,0,0,Access Internal Portal,7.38,64.46,9.63,35,11.13,21.28,Low,0
DIA-04046,Celeb-DF,video,Face Reenactment,1,1,1,0,0,0,Approve Payment,61.96,11.91,1.64,80,90.59,50.82,Medium,1
DIA-04047,Celeb-DF,video,Video Manipulation,1,1,0,0,0,0,Change MFA,65.63,66.15,8.84,70,81.2,58.12,Medium,1
DIA-04048,Celeb-DF,video,Face Reenactment,0,1,1,0,0,0,Approve Payment,0,4.91,7.51,80,16.07,17.45,Low,0
DIA-04049,Celeb-DF,video,Talking Face,0,1,1,0,0,1,Approve Payment,34.74,9.24,31.53,80,13.28,32.77,Low,0
DIA-04050,ASVspoof2021-DF,audio,TTS,1,1,1,1,0,0,Approve Payment,73.64,9.63,62.54,80,93.97,66.84,Medium,1
DIA-04051,ASVspoof2021-PA,audio,TTS,0,1,1,0,1,0,Create Privileged Account,26.78,5.73,34.37,95,8.6,31.74,Low,0
DIA-04052,ASVspoof2021-DF,audio,Replay,1,1,1,0,0,1,Approve Payment,53.72,6.57,39.17,80,88.27,54.59,Medium,1
DIA-04053,ASVspoof2021-DF,audio,Voice Conversion,1,0,0,1,1,0,Download Sensitive Data,63.68,94.13,75.86,75,83.61,76.37,High,1
DIA-04054,Celeb-DF++,video,Talking Face,0,0,1,0,1,0,Download Sensitive Data,10.13,73.81,25.35,75,0,30.43,Low,0
DIA-04055,ASVspoof2021-LA,audio,TTS,1,0,1,0,0,0,Approve Payment,63.77,57.25,3.43,80,83.51,57.11,Medium,1
DIA-04056,ASVspoof2021-LA,audio,Voice Conversion,0,1,1,0,1,0,Create Privileged Account,17.63,10.99,45.76,95,21.87,34.71,Low,0
DIA-04057,Celeb-DF,video,Talking Face,0,1,1,0,0,0,Change MFA,27.57,8.57,6.36,70,7.83,22.89,Low,0
DIA-04058,ASVspoof2021-PA,audio,Replay,1,1,1,1,0,0,Reset Password,72.09,5.64,49.87,55,77.4,56.18,Medium,1
DIA-04059,Celeb-DF,video,Video Manipulation,1,1,1,1,0,0,Reset Password,62.84,22.97,50.72,55,83.51,57.39,Medium,1
DIA-04060,ASVspoof2021-LA,audio,Audio Manipulation,1,1,1,0,0,1,Access Internal Portal,95.06,8.88,43.78,35,86.16,61.09,Medium,1
DIA-04061,ASVspoof2021-PA,audio,Audio Manipulation,1,0,1,1,0,0,Download Sensitive Data,68.08,59.04,46.23,75,86.99,67.17,Medium,1
DIA-04062,ASVspoof2021-DF,audio,TTS,1,1,0,0,1,0,Approve Payment,56.02,47.04,50.88,80,79.12,61.86,Medium,1
DIA-04063,DFDC,video,Talking Face,0,1,1,0,0,0,Reset Password,0,25.01,4.81,55,0.12,12.99,Low,0
DIA-04064,ASVspoof2021-DF,audio,TTS,0,1,1,0,0,0,Download Sensitive Data,18.99,16.9,3.74,75,37.7,27.77,Low,0
DIA-04065,DFDC,video,Face Reenactment,0,0,0,0,0,0,Reset Password,25.6,87.47,13.43,55,15.34,34.8,Low,0
DIA-04066,ASVspoof2021-LA,audio,TTS,0,1,1,0,1,0,Transfer Funds,5.46,12.78,26.01,100,14.48,26.65,Low,0
DIA-04067,Celeb-DF,video,Face Reenactment,0,1,1,0,0,0,Transfer Funds,24.87,9.76,17.15,100,34.17,34.19,Low,0
DIA-04068,ASVspoof2021-DF,audio,TTS,1,1,1,1,0,0,Transfer Funds,71.92,14.6,48.59,100,92.75,67.03,Medium,1
DIA-04069,ASVspoof2021-PA,audio,Replay,0,0,1,0,0,0,Create Privileged Account,0,75.73,10.9,95,16.93,31.18,Low,0
DIA-04070,DFDC,video,Face Swap,1,1,0,0,1,0,Create Privileged Account,72.88,39.8,37.07,95,94.74,68.45,Medium,1
DIA-04071,Celeb-DF,video,Talking Face,1,1,1,0,0,1,Download Sensitive Data,68.08,14.97,42.62,75,88.98,60.24,Medium,1
DIA-04072,ASVspoof2021-DF,audio,Replay,1,0,1,0,0,0,Download Sensitive Data,53.61,65.9,16.41,75,85.37,57.57,Medium,1
DIA-04073,Celeb-DF++,video,Face Swap,0,0,0,0,0,1,Reset Password,33.53,100,49.55,55,25.49,48.32,Low,0
DIA-04074,DFDC,video,Face Swap,1,1,1,0,0,0,Create Privileged Account,76.32,17.95,13.62,95,84.56,59.47,Medium,1
DIA-04075,DFDC,video,Video Manipulation,1,0,0,0,0,0,Reset Password,53.37,80.29,0,55,90.02,54.31,Medium,1
DIA-04076,Celeb-DF++,video,Talking Face,0,1,1,1,1,0,Reset Password,26.23,0.75,72.56,55,24.63,35.67,Low,0
DIA-04077,ASVspoof2021-DF,audio,Voice Conversion,0,1,1,0,0,0,Transfer Funds,20.24,12.35,9.22,100,0,24.77,Low,0
DIA-04078,ASVspoof2021-DF,audio,Audio Manipulation,0,1,0,0,0,0,Read Information,17.25,47.77,22.16,20,23.97,24.57,Low,0
DIA-04079,DFDC,video,Face Swap,1,1,1,0,1,0,Read Information,60.33,24.33,25.1,20,74.94,44.76,Low,1
DIA-04080,Celeb-DF++,video,Video Manipulation,1,1,1,1,0,0,Create Privileged Account,69.37,21.1,45.53,95,86.53,64.64,Medium,1
DIA-04081,Celeb-DF,video,Face Swap,0,0,1,1,0,0,Approve Payment,33.32,68.79,57.57,80,5.28,44.88,Low,0
DIA-04082,Celeb-DF,video,Talking Face,1,0,0,0,0,0,Create Privileged Account,70.5,100,3.43,95,79.38,66.96,Medium,1
DIA-04083,ASVspoof2021-DF,audio,TTS,0,1,0,0,0,0,Change MFA,0,34.22,5.4,70,8.72,18.46,Low,0
DIA-04084,Celeb-DF,video,Face Swap,0,0,1,0,0,0,Read Information,0,67.27,21.72,20,16.83,20.8,Low,0
DIA-04085,ASVspoof2021-DF,audio,Voice Conversion,1,0,1,0,0,0,Reset Password,45.57,58.63,12.56,55,73.1,47.85,Low,1
DIA-04086,ASVspoof2021-PA,audio,TTS,1,1,1,1,0,0,Create Privileged Account,56.06,12.24,56.01,95,61.52,56.41,Medium,1
DIA-04087,Celeb-DF++,video,Face Reenactment,1,0,1,0,1,0,Approve Payment,57.69,63.11,40.06,80,77.01,62.19,Medium,1
DIA-04088,ASVspoof2021-DF,audio,TTS,0,0,1,0,0,0,Transfer Funds,13.02,82.3,10.82,100,11.83,35.78,Low,0
DIA-04089,DFDC,video,Face Swap,0,0,0,0,0,0,Read Information,17.28,100,10.64,20,22.02,29.72,Low,0
DIA-04090,DFDC,video,Video Manipulation,0,1,1,1,0,0,Reset Password,22.63,15.51,56.21,55,18.99,32.41,Low,0
DIA-04091,DFDC,video,Video Manipulation,0,0,1,0,1,1,Approve Payment,22.47,73.74,64.07,80,10.72,44.76,Low,0
DIA-04092,ASVspoof2021-LA,audio,Audio Manipulation,0,0,1,0,0,0,Read Information,30.58,65.17,22.14,20,22.14,30.81,Low,0
DIA-04093,ASVspoof2021-LA,audio,TTS,1,1,1,1,0,0,Change MFA,52.56,0,46.26,70,96.64,54.85,Medium,1
DIA-04094,DFDC,video,Face Reenactment,1,1,1,0,1,0,Transfer Funds,69.67,8.9,42.16,100,94.95,64.66,Medium,1
DIA-04095,DFDC,video,Face Reenactment,0,1,1,0,0,1,Access Internal Portal,26.62,20.98,48.54,35,1.47,26.38,Low,0
DIA-04096,Celeb-DF,video,Face Reenactment,0,1,1,0,1,0,Read Information,4.11,18.51,31.17,20,35.3,20.3,Low,0
DIA-04097,ASVspoof2021-DF,audio,Voice Conversion,0,1,1,0,0,0,Approve Payment,23.87,11.86,13.39,80,28.62,29.34,Low,0
DIA-04098,ASVspoof2021-DF,audio,Replay,0,1,1,0,1,1,Access Internal Portal,27.1,20.92,70.89,35,33.04,37.3,Low,0
DIA-04099,ASVspoof2021-DF,audio,Voice Conversion,1,0,1,1,0,0,Access Internal Portal,70.52,66.23,37.64,35,70.95,58.06,Medium,1
DIA-04100,ASVspoof2021-PA,audio,Voice Conversion,0,0,0,1,1,1,Download Sensitive Data,1.41,85.87,100,75,8.62,46.28,Low,0
DIA-04101,Celeb-DF,video,Video Manipulation,1,1,1,0,0,0,Download Sensitive Data,76.6,20.92,1.26,75,91.45,55.91,Medium,1
DIA-04102,ASVspoof2021-DF,audio,Audio Manipulation,0,1,1,0,0,0,Create Privileged Account,20.49,10.11,13.55,95,7.03,26.03,Low,0
DIA-04103,ASVspoof2021-DF,audio,Voice Conversion,0,1,0,1,0,0,Read Information,27.44,48.21,49.01,20,23.61,32.99,Low,0
DIA-04104,Celeb-DF,video,Face Swap,1,1,1,0,0,0,Create Privileged Account,28.7,0,16.14,95,88.87,43.86,Low,1
DIA-04105,ASVspoof2021-PA,audio,Replay,0,1,1,0,0,0,Approve Payment,12.15,10.44,5.12,80,12.04,20.64,Low,0
DIA-04106,DFDC,video,Face Reenactment,0,1,0,1,0,0,Approve Payment,7.23,44.78,40.93,80,29.14,34.9,Low,0
DIA-04107,ASVspoof2021-DF,audio,Audio Manipulation,1,0,1,0,0,0,Access Internal Portal,80.23,73.95,2.47,35,93.38,59.58,Medium,1
DIA-04108,ASVspoof2021-DF,audio,Voice Conversion,0,1,0,0,0,0,Create Privileged Account,5.84,38.23,24.14,95,0,26.56,Low,0
DIA-04109,ASVspoof2021-PA,audio,TTS,0,1,1,0,0,1,Read Information,39.27,17.3,66.2,20,14,33.42,Low,0
DIA-04110,Celeb-DF++,video,Face Swap,0,0,1,0,0,1,Approve Payment,33.48,71.12,59.01,80,30.34,50.58,Medium,0
DIA-04111,Celeb-DF,video,Face Swap,0,1,1,0,0,0,Access Internal Portal,20.43,3.09,0,35,7.82,13.41,Low,0
DIA-04112,ASVspoof2021-LA,audio,Voice Conversion,1,1,1,1,0,0,Approve Payment,83.49,12.09,40.36,80,97.59,66.45,Medium,1
DIA-04113,ASVspoof2021-LA,audio,Voice Conversion,0,1,1,0,0,0,Change MFA,7.61,16.82,2.54,70,19.41,19.7,Low,0
DIA-04114,Celeb-DF++,video,Video Manipulation,1,1,1,0,0,0,Access Internal Portal,57.58,19.05,15.42,35,84.21,45.31,Low,1
DIA-04115,ASVspoof2021-LA,audio,Audio Manipulation,1,1,1,0,0,1,Access Internal Portal,81.15,14.48,59.76,35,82.09,60.14,Medium,1
DIA-04116,Celeb-DF,video,Face Swap,0,0,1,0,0,1,Change MFA,12.66,65.58,51.33,70,17.88,37.98,Low,0
DIA-04117,ASVspoof2021-DF,audio,Audio Manipulation,0,1,1,0,0,0,Reset Password,3.42,4.32,11.33,55,28,17.79,Low,0
DIA-04118,ASVspoof2021-LA,audio,Replay,0,0,1,1,0,0,Change MFA,19.47,76.02,43.53,70,13.36,39.12,Low,0
DIA-04119,Celeb-DF,video,Face Reenactment,0,1,1,0,0,1,Change MFA,13.3,20.14,43,70,20.82,30.28,Low,0
DIA-04120,Celeb-DF++,video,Face Reenactment,0,0,1,0,0,1,Read Information,43.52,77.9,45.62,20,40.94,45.05,Low,0
DIA-04121,ASVspoof2021-PA,audio,Voice Conversion,1,1,0,0,0,1,Change MFA,79.53,31.37,51.18,70,89.24,67.15,Medium,1
DIA-04122,ASVspoof2021-LA,audio,TTS,0,1,1,1,0,0,Change MFA,16.66,15.98,46.51,70,11.75,29.55,Low,0
DIA-04123,ASVspoof2021-PA,audio,Audio Manipulation,0,1,1,1,0,0,Change MFA,11.98,9.46,52.81,70,10.48,28.17,Low,0
DIA-04124,Celeb-DF,video,Face Swap,1,1,0,1,0,1,Access Internal Portal,79.73,40.37,86.93,35,68.18,66.25,Medium,1
DIA-04125,ASVspoof2021-PA,audio,TTS,1,1,0,0,0,0,Access Internal Portal,79.06,63.25,10.7,35,75.86,55.77,Medium,1
DIA-04126,DFDC,video,Face Reenactment,0,1,1,0,0,0,Read Information,21.2,22.23,7.23,20,20.34,18.21,Low,0
DIA-04127,Celeb-DF++,video,Face Swap,0,1,1,0,1,0,Download Sensitive Data,7.54,8.95,35.85,75,22.61,26.55,Low,0
DIA-04128,Celeb-DF++,video,Face Swap,1,1,0,0,0,0,Download Sensitive Data,50.2,37.98,9.33,75,75.71,49.02,Low,1
DIA-04129,ASVspoof2021-LA,audio,Voice Conversion,0,1,1,0,0,1,Create Privileged Account,18.84,12.1,39.53,95,25.32,34.69,Low,0
DIA-04130,ASVspoof2021-PA,audio,Voice Conversion,1,1,1,1,1,1,Access Internal Portal,79.47,15.99,100,35,94.92,70.47,Medium,1
DIA-04131,ASVspoof2021-DF,audio,TTS,1,1,1,0,0,1,Change MFA,65.82,2.81,56.02,70,76.52,57.18,Medium,1
DIA-04132,ASVspoof2021-DF,audio,Audio Manipulation,1,1,1,0,0,0,Access Internal Portal,77.08,17.59,11.19,35,80.91,49.43,Low,1
DIA-04133,Celeb-DF++,video,Video Manipulation,0,1,0,1,0,1,Transfer Funds,33.8,23.06,84.68,100,8.33,47.2,Low,0
DIA-04134,Celeb-DF++,video,Talking Face,0,1,1,1,0,0,Create Privileged Account,25.61,1.62,55.31,95,25.1,38.26,Low,0
DIA-04135,Celeb-DF++,video,Talking Face,0,1,1,0,0,0,Access Internal Portal,23.58,31.01,11.3,35,17.93,22.82,Low,0
DIA-04136,DFDC,video,Video Manipulation,1,1,1,0,0,0,Create Privileged Account,50.72,12.11,17.98,95,87.67,52.41,Medium,1
DIA-04137,Celeb-DF++,video,Face Reenactment,1,0,1,1,0,1,Transfer Funds,70.52,81.41,85.74,100,84.09,82.33,High,1
DIA-04138,ASVspoof2021-LA,audio,Voice Conversion,1,0,0,1,1,1,Approve Payment,64.56,88.52,100,80,74.67,79.58,High,1
DIA-04139,ASVspoof2021-DF,audio,TTS,1,1,0,0,0,1,Transfer Funds,75.23,23.19,57.13,100,92.82,71.04,Medium,1
DIA-04140,ASVspoof2021-LA,audio,Replay,1,1,1,0,0,1,Access Internal Portal,59.72,6.59,53.87,35,64.1,47.75,Low,1
DIA-04141,Celeb-DF,video,Face Swap,1,1,0,0,0,0,Reset Password,66.9,61.5,8.9,55,80.69,55.46,Medium,1
DIA-04142,Celeb-DF++,video,Talking Face,0,1,1,1,0,1,Approve Payment,26.19,3.71,92.57,80,11.58,41.24,Low,0
DIA-04143,DFDC,video,Video Manipulation,0,1,1,0,1,0,Download Sensitive Data,24.6,29.21,27.53,75,31.88,34.89,Low,0
DIA-04144,Celeb-DF,video,Face Swap,1,1,1,0,0,1,Approve Payment,57.84,17.76,43.59,80,97.21,60.18,Medium,1
DIA-04145,Celeb-DF++,video,Talking Face,1,1,1,1,0,1,Transfer Funds,80.97,15.96,90.83,100,91.05,78.06,High,1
DIA-04146,Celeb-DF,video,Face Reenactment,0,1,1,0,0,0,Access Internal Portal,6.24,9.01,20.71,35,8.35,14.29,Low,0
DIA-04147,DFDC,video,Face Reenactment,1,0,0,0,0,0,Create Privileged Account,55.39,87.79,4.74,95,96.34,64.25,Medium,1
DIA-04148,ASVspoof2021-DF,audio,Replay,0,1,1,1,1,0,Access Internal Portal,21.43,19.51,74.81,35,11.07,31.78,Low,0
DIA-04149,Celeb-DF++,video,Face Swap,0,0,1,0,0,1,Change MFA,36.14,80.55,45.02,70,8.58,44.14,Low,0
DIA-04150,Celeb-DF++,video,Video Manipulation,1,0,0,0,0,0,Change MFA,56.74,96.57,9.35,70,63.3,56.54,Medium,1
DIA-04151,Celeb-DF,video,Face Reenactment,0,1,0,0,0,0,Create Privileged Account,0,45.92,1.49,95,12.92,24.02,Low,0
DIA-04152,Celeb-DF++,video,Face Reenactment,1,0,1,0,1,1,Change MFA,60.6,66.6,73.51,70,66.72,66.72,Medium,1
DIA-04153,Celeb-DF++,video,Video Manipulation,1,0,1,1,0,0,Create Privileged Account,66.76,87.38,41.07,95,96.46,74.89,Medium,1
DIA-04154,Celeb-DF++,video,Face Swap,1,1,0,0,0,0,Access Internal Portal,86.56,41.91,17.96,35,83.42,57.78,Medium,1
DIA-04155,ASVspoof2021-DF,audio,Voice Conversion,0,1,1,1,1,1,Transfer Funds,32.27,31.27,100,100,8.49,51.07,Medium,0
DIA-04156,DFDC,video,Video Manipulation,1,0,1,0,0,0,Access Internal Portal,57.71,62.28,5.53,35,91.47,51.31,Medium,1
DIA-04157,ASVspoof2021-PA,audio,Voice Conversion,0,1,1,1,0,0,Download Sensitive Data,21.45,14.64,41.12,75,25.24,33.15,Low,0
DIA-04158,DFDC,video,Face Swap,1,1,1,1,1,0,Change MFA,88.28,23.57,74.77,70,100,75.47,High,1
DIA-04159,Celeb-DF++,video,Face Reenactment,0,1,1,1,0,0,Read Information,20.36,16.14,46.36,20,1.79,21.16,Low,0
DIA-04160,DFDC,video,Video Manipulation,1,1,0,1,0,0,Download Sensitive Data,68.49,44.14,48.53,75,66.93,61.51,Medium,1
DIA-04161,Celeb-DF++,video,Video Manipulation,1,1,1,0,0,0,Create Privileged Account,61.54,7.18,10.64,95,96.43,55.2,Medium,1
DIA-04162,Celeb-DF,video,Video Manipulation,0,0,0,0,1,1,Download Sensitive Data,30.66,91.76,63.49,75,0,46.91,Low,0
DIA-04163,ASVspoof2021-LA,audio,Voice Conversion,0,1,1,0,0,0,Approve Payment,12.22,8,21.61,80,4.12,22.01,Low,0
DIA-04164,Celeb-DF,video,Video Manipulation,0,1,1,0,0,1,Transfer Funds,32.6,14.32,40.51,100,20.65,39.16,Low,0
DIA-04165,ASVspoof2021-DF,audio,Voice Conversion,1,1,1,0,0,0,Reset Password,77.69,13.49,16.55,55,74.46,51.78,Medium,1
DIA-04166,Celeb-DF,video,Video Manipulation,1,1,1,0,0,0,Read Information,72.75,10.77,3.77,20,87.09,44.61,Low,1
DIA-04167,DFDC,video,Video Manipulation,1,0,1,0,0,0,Approve Payment,63.53,75.06,10.43,80,72.55,58.91,Medium,1
DIA-04168,Celeb-DF++,video,Face Swap,1,1,0,1,1,0,Create Privileged Account,55.62,31.48,78.15,95,92.51,69.79,Medium,1
DIA-04169,Celeb-DF++,video,Video Manipulation,0,1,1,0,0,0,Access Internal Portal,15.54,0,10.95,35,22.34,16.57,Low,0
DIA-04170,Celeb-DF++,video,Talking Face,1,1,1,0,1,0,Reset Password,58.65,10.43,33.22,55,84.14,50.88,Medium,1
DIA-04171,ASVspoof2021-PA,audio,Replay,0,0,1,0,0,0,Reset Password,9.43,87.22,6.55,55,11.16,27.7,Low,0
DIA-04172,ASVspoof2021-DF,audio,Audio Manipulation,1,0,1,0,0,1,Create Privileged Account,68.37,74.08,42.15,95,74.79,69.26,Medium,1
DIA-04173,ASVspoof2021-PA,audio,TTS,0,1,1,1,0,0,Transfer Funds,28.27,8.23,45.27,100,17.86,37.34,Low,0
DIA-04174,Celeb-DF,video,Talking Face,1,1,1,0,0,1,Approve Payment,64.15,18.56,47.33,80,71.95,57.88,Medium,1
DIA-04175,ASVspoof2021-LA,audio,TTS,0,1,1,1,0,0,Reset Password,7.88,13.93,62.82,55,31.22,31.51,Low,0
DIA-04176,ASVspoof2021-DF,audio,Voice Conversion,0,0,0,0,0,0,Download Sensitive Data,7.45,98.1,12.52,75,16.74,34.05,Low,0
DIA-04177,ASVspoof2021-DF,audio,TTS,0,0,0,0,0,0,Reset Password,36.59,100,14.17,55,13.32,39.72,Low,0
DIA-04178,ASVspoof2021-PA,audio,TTS,1,1,1,0,0,0,Approve Payment,72.04,16.55,17.58,80,99.1,59.43,Medium,1
DIA-04179,ASVspoof2021-DF,audio,Audio Manipulation,1,0,1,0,0,0,Transfer Funds,55.46,70.96,6.84,100,80.45,59.74,Medium,1
DIA-04180,ASVspoof2021-PA,audio,Voice Conversion,0,1,1,1,0,0,Approve Payment,37.18,26.89,37.37,80,33.88,41.44,Low,0
DIA-04181,ASVspoof2021-DF,audio,Voice Conversion,0,1,1,1,1,1,Create Privileged Account,25.36,19.32,100,95,30.66,50.89,Medium,0
DIA-04182,DFDC,video,Face Reenactment,0,1,0,0,0,0,Approve Payment,43.06,41.56,15.98,80,26.69,39.69,Low,0
DIA-04183,ASVspoof2021-DF,audio,Replay,1,1,1,1,0,0,Change MFA,73.88,15.34,64.07,70,74.05,62.59,Medium,1
DIA-04184,Celeb-DF++,video,Talking Face,1,1,0,0,0,0,Access Internal Portal,72.22,35.47,3.14,35,79.83,48.83,Low,1
DIA-04185,ASVspoof2021-PA,audio,Replay,1,1,1,0,0,1,Transfer Funds,80.21,5.04,52.7,100,100,70.36,Medium,1
DIA-04186,ASVspoof2021-LA,audio,Audio Manipulation,1,0,0,0,0,1,Reset Password,87.35,100,46.83,55,83.88,75.6,High,1
DIA-04187,DFDC,video,Face Reenactment,0,0,0,0,1,0,Transfer Funds,13.17,100,32.28,100,12.98,43,Low,0
DIA-04188,DFDC,video,Video Manipulation,0,1,0,1,1,0,Create Privileged Account,38.4,43.42,67.68,95,17.35,49.29,Low,0
DIA-04189,DFDC,video,Video Manipulation,1,1,0,0,0,1,Approve Payment,64.14,44.53,40.91,80,74.58,61.02,Medium,1
DIA-04190,Celeb-DF++,video,Talking Face,1,0,1,0,0,0,Download Sensitive Data,62.02,62.9,14.01,75,88.84,59.86,Medium,1
DIA-04191,DFDC,video,Face Swap,0,1,1,0,0,0,Reset Password,18.1,10.23,18.56,55,4.47,19.82,Low,0
DIA-04192,ASVspoof2021-DF,audio,Voice Conversion,1,0,1,0,1,1,Access Internal Portal,81.12,59.75,50.93,35,79.8,64.69,Medium,1
DIA-04193,ASVspoof2021-DF,audio,Replay,0,1,0,0,0,0,Create Privileged Account,14.37,38,13.59,95,18.37,30.65,Low,0
DIA-04194,ASVspoof2021-LA,audio,Voice Conversion,0,1,0,1,0,1,Transfer Funds,46.16,47.87,80.99,100,21.28,56.48,Medium,0
DIA-04195,Celeb-DF,video,Face Reenactment,0,0,1,0,1,0,Approve Payment,32.59,64.42,31.64,80,21.62,42.09,Low,0
DIA-04196,Celeb-DF++,video,Face Reenactment,1,1,0,1,0,0,Transfer Funds,71.44,39.4,52.92,100,84.58,69.84,Medium,1
DIA-04197,DFDC,video,Face Swap,1,1,1,0,0,0,Access Internal Portal,55.37,20.62,23.45,35,70.29,43.7,Low,1
DIA-04198,ASVspoof2021-PA,audio,TTS,1,1,1,0,0,0,Download Sensitive Data,77.01,24.66,4.98,75,99.43,58.93,Medium,1
DIA-04199,DFDC,video,Video Manipulation,1,0,1,0,0,1,Access Internal Portal,47.95,56.82,44.33,35,89.27,54.88,Medium,1
DIA-04200,DFDC,video,Face Swap,1,0,1,1,0,0,Download Sensitive Data,79.15,66.19,38.97,75,78.19,68.36,Medium,1
DIA-04201,DFDC,video,Video Manipulation,0,1,1,0,0,1,Transfer Funds,13.94,9.09,48.07,100,19.78,34.12,Low,0
DIA-04202,ASVspoof2021-LA,audio,Voice Conversion,1,1,0,0,0,0,Reset Password,79.82,32.99,5.17,55,82.54,54.69,Medium,1
DIA-04203,DFDC,video,Video Manipulation,0,1,1,1,0,1,Change MFA,12.76,11.94,96.03,70,24.94,40.31,Low,0
DIA-04204,ASVspoof2021-DF,audio,Voice Conversion,1,1,1,0,0,0,Download Sensitive Data,58.72,0,12.52,75,89.41,49.25,Low,1
DIA-04205,ASVspoof2021-LA,audio,Audio Manipulation,0,1,1,0,0,0,Change MFA,22.82,12.06,8.02,70,29.01,26.56,Low,0
DIA-04206,ASVspoof2021-LA,audio,Replay,0,1,1,1,0,0,Transfer Funds,29.62,15.28,48.07,100,10.88,37.97,Low,0
DIA-04207,DFDC,video,Video Manipulation,1,1,1,0,0,0,Change MFA,59.11,6.65,12.55,70,69.59,45.66,Low,1
DIA-04208,DFDC,video,Face Swap,0,1,0,0,0,0,Reset Password,14.35,36.15,14.84,55,0,20.95,Low,0
DIA-04209,Celeb-DF++,video,Video Manipulation,0,1,1,1,0,1,Reset Password,38.48,15.16,76.82,55,45.7,46.57,Low,0
DIA-04210,DFDC,video,Face Reenactment,1,1,0,0,0,1,Reset Password,82.07,40.96,43.96,55,95.67,66.94,Medium,1
DIA-04211,ASVspoof2021-DF,audio,Voice Conversion,1,1,0,0,0,0,Reset Password,62.13,26.92,9.98,55,93.74,51.67,Medium,1
DIA-04212,Celeb-DF,video,Face Swap,0,1,0,1,0,0,Transfer Funds,16.32,45.6,51.48,100,3.18,37.67,Low,0
DIA-04213,Celeb-DF++,video,Video Manipulation,0,1,1,0,1,0,Download Sensitive Data,2.94,20.79,44.14,75,18.45,27.77,Low,0
DIA-04214,DFDC,video,Talking Face,0,1,1,1,0,1,Change MFA,30.79,9.06,75.02,70,4.2,36.94,Low,0
DIA-04215,ASVspoof2021-DF,audio,Audio Manipulation,1,1,0,0,0,0,Access Internal Portal,74.94,53.42,16.69,35,89.83,57.05,Medium,1
DIA-04216,DFDC,video,Talking Face,1,1,1,0,0,0,Transfer Funds,67.66,18.65,12.55,100,84.1,57.43,Medium,1
DIA-04217,ASVspoof2021-DF,audio,TTS,0,1,1,1,0,0,Access Internal Portal,12.83,17.49,46.52,35,12.52,23.53,Low,0
DIA-04218,DFDC,video,Face Reenactment,1,1,1,0,0,1,Reset Password,90.65,20.46,50.64,55,84.78,65.6,Medium,1
DIA-04219,ASVspoof2021-PA,audio,Voice Conversion,1,1,1,1,0,0,Approve Payment,47.86,6.74,47.32,80,89.55,54.74,Medium,1
DIA-04220,ASVspoof2021-DF,audio,TTS,1,1,1,1,0,0,Read Information,80.66,12.17,37.31,20,82.46,52.98,Medium,1
DIA-04221,DFDC,video,Video Manipulation,0,1,0,1,0,0,Reset Password,25.38,44.94,25.96,55,30.53,33.9,Low,0
DIA-04222,DFDC,video,Video Manipulation,1,1,1,0,0,1,Transfer Funds,76.16,8.62,36.49,100,85.61,63.56,Medium,1
DIA-04223,Celeb-DF,video,Talking Face,1,1,1,0,1,0,Read Information,57.34,12.18,31.19,20,84.7,45.21,Low,1
DIA-04224,DFDC,video,Talking Face,0,1,0,0,0,1,Access Internal Portal,21.32,44.81,46.2,35,22.28,32.06,Low,0
DIA-04225,DFDC,video,Talking Face,0,0,1,0,0,1,Read Information,26.23,72.48,49.18,20,22.69,36.11,Low,0
DIA-04226,ASVspoof2021-LA,audio,Replay,0,1,1,0,0,0,Approve Payment,17.06,15.17,8.19,80,18.32,24.7,Low,0
DIA-04227,ASVspoof2021-DF,audio,TTS,0,0,0,0,0,0,Read Information,0,95.5,0.13,20,31.37,23.62,Low,0
DIA-04228,DFDC,video,Talking Face,1,1,0,0,1,1,Read Information,89.84,38.6,67.34,20,99.62,69.13,Medium,1
DIA-04229,ASVspoof2021-DF,audio,Audio Manipulation,1,0,1,1,0,0,Change MFA,78.15,76.82,48.47,70,63.53,67.87,Medium,1
DIA-04230,Celeb-DF,video,Video Manipulation,0,0,1,0,0,0,Approve Payment,18.38,86.72,22.16,80,14.72,37.9,Low,0
DIA-04231,ASVspoof2021-PA,audio,Replay,1,1,1,0,0,0,Transfer Funds,67.09,17.34,13.9,100,97.15,59.94,Medium,1
DIA-04232,DFDC,video,Video Manipulation,0,1,0,0,1,1,Access Internal Portal,41.52,50.26,58.4,35,15.06,39.94,Low,0
DIA-04233,ASVspoof2021-DF,audio,Replay,1,1,0,0,0,0,Download Sensitive Data,57.83,36.51,7.79,75,81.5,51.93,Medium,1
DIA-04234,ASVspoof2021-LA,audio,Voice Conversion,0,1,1,0,0,0,Create Privileged Account,7.35,9.55,14.88,95,14.55,23.77,Low,0
DIA-04235,DFDC,video,Face Reenactment,1,1,0,0,0,0,Approve Payment,75.35,33.69,10.15,80,100,61.69,Medium,1
DIA-04236,DFDC,video,Talking Face,1,0,1,0,0,0,Transfer Funds,71.09,62.65,0,100,75.35,60.79,Medium,1
DIA-04237,Celeb-DF,video,Video Manipulation,1,0,1,0,0,0,Read Information,54.89,67.65,15.73,20,72.59,47.28,Low,1
DIA-04238,ASVspoof2021-LA,audio,TTS,1,0,1,1,0,0,Read Information,82.98,77.09,52.54,20,92.29,68.42,Medium,1
DIA-04239,Celeb-DF++,video,Face Reenactment,0,0,1,1,1,1,Approve Payment,31.24,78.02,100,80,22.91,57.66,Medium,0
DIA-04240,ASVspoof2021-DF,audio,Replay,1,0,0,0,0,1,Reset Password,61.12,90.92,39.36,55,86.98,65.49,Medium,1
DIA-04241,ASVspoof2021-LA,audio,Audio Manipulation,1,0,1,0,0,0,Approve Payment,71.39,67.41,17.09,80,87.75,64.5,Medium,1
DIA-04242,ASVspoof2021-LA,audio,Voice Conversion,0,1,1,1,1,0,Approve Payment,26.75,14.98,62.3,80,17.62,38.26,Low,0
DIA-04243,Celeb-DF++,video,Talking Face,1,0,1,0,0,0,Change MFA,65.03,71.87,0,70,88.3,58.45,Medium,1
DIA-04244,Celeb-DF++,video,Face Swap,0,1,0,0,0,0,Transfer Funds,22.23,44.69,4.86,100,19.41,33.23,Low,0
DIA-04245,ASVspoof2021-DF,audio,Voice Conversion,0,1,1,0,0,0,Transfer Funds,24.89,11.81,12.12,100,15.98,29.86,Low,0
DIA-04246,Celeb-DF,video,Video Manipulation,1,1,0,0,1,0,Reset Password,76.06,38.4,25.45,55,85.44,59.01,Medium,1
DIA-04247,ASVspoof2021-LA,audio,Replay,0,1,1,0,0,0,Read Information,19.18,25.84,6.19,20,11.94,16.26,Low,0
DIA-04248,DFDC,video,Video Manipulation,0,0,0,1,0,0,Transfer Funds,20.02,92.77,47.61,100,10.63,46.57,Low,0
DIA-04249,DFDC,video,Face Swap,0,1,1,0,0,0,Transfer Funds,20.63,10.4,12.4,100,22.18,29.66,Low,0
DIA-04250,ASVspoof2021-LA,audio,Voice Conversion,1,1,1,0,0,0,Transfer Funds,79.1,14.32,8.06,100,75.01,57.49,Medium,1
DIA-04251,Celeb-DF,video,Video Manipulation,1,1,0,1,1,0,Read Information,77.93,40.63,73.09,20,92.68,65.63,Medium,1
DIA-04252,DFDC,video,Video Manipulation,0,1,1,1,0,0,Approve Payment,19.41,2.67,45.06,80,14.48,30.13,Low,0
DIA-04253,DFDC,video,Video Manipulation,1,1,0,0,0,0,Transfer Funds,66.61,36.45,17.62,100,82.72,60.52,Medium,1
DIA-04254,Celeb-DF++,video,Face Reenactment,1,1,1,0,0,0,Change MFA,84.32,18.36,14.62,70,86.49,58.77,Medium,1
DIA-04255,ASVspoof2021-LA,audio,Audio Manipulation,1,1,1,0,0,0,Create Privileged Account,74.24,31.04,14.37,95,90.09,62.07,Medium,1
DIA-04256,DFDC,video,Face Reenactment,1,1,0,1,1,0,Download Sensitive Data,72.67,35.77,69.55,75,98.49,72.02,Medium,1
DIA-04257,DFDC,video,Video Manipulation,1,1,0,0,0,0,Change MFA,78.54,46.12,6.41,70,100,62.26,Medium,1
DIA-04258,Celeb-DF++,video,Video Manipulation,0,1,1,1,0,0,Approve Payment,17.03,16.43,53.33,80,25.69,35.38,Low,0
DIA-04259,ASVspoof2021-PA,audio,Voice Conversion,0,1,1,1,0,0,Download Sensitive Data,26.62,24.28,45.89,75,19.36,35.93,Low,0
DIA-04260,Celeb-DF,video,Face Reenactment,1,0,0,0,1,0,Approve Payment,86.63,90.05,28.51,80,95.85,76.37,High,1
DIA-04261,ASVspoof2021-PA,audio,Audio Manipulation,0,0,1,0,0,0,Access Internal Portal,25.19,78.83,12.02,35,0.1,27.06,Low,0
DIA-04262,ASVspoof2021-PA,audio,Voice Conversion,0,0,0,1,0,0,Reset Password,40.83,100,40.84,55,27.68,49.2,Low,0
DIA-04263,Celeb-DF,video,Face Reenactment,0,1,1,1,0,0,Approve Payment,22.08,26.56,48.53,80,21.03,36.52,Low,0
DIA-04264,ASVspoof2021-LA,audio,Replay,0,1,1,0,0,0,Download Sensitive Data,12.76,26.42,16.25,75,1.29,22.55,Low,0
DIA-04265,ASVspoof2021-DF,audio,Audio Manipulation,1,0,0,0,1,0,Change MFA,78.76,96.53,36.02,70,81.46,72.1,Medium,1
DIA-04266,Celeb-DF++,video,Face Swap,0,0,1,0,0,0,Create Privileged Account,0,74.68,2.67,95,14.5,28.89,Low,0
DIA-04267,Celeb-DF++,video,Video Manipulation,1,1,1,0,0,0,Reset Password,67.98,11.64,13.31,55,87.43,50.54,Medium,1
DIA-04268,ASVspoof2021-LA,audio,Voice Conversion,1,1,1,0,0,1,Change MFA,82.34,0,40.79,70,96.2,62.6,Medium,1
DIA-04269,ASVspoof2021-LA,audio,TTS,0,1,0,0,0,0,Reset Password,24.19,42.05,15.92,55,33.07,31.61,Low,0
DIA-04270,ASVspoof2021-LA,audio,Voice Conversion,0,1,1,1,0,0,Download Sensitive Data,0,13.71,53.56,75,10.66,26.15,Low,0
DIA-04271,ASVspoof2021-PA,audio,Voice Conversion,0,0,0,0,0,0,Download Sensitive Data,3.19,100,7.57,75,2.56,29.23,Low,0
DIA-04272,Celeb-DF++,video,Talking Face,1,0,1,0,0,0,Reset Password,64.74,76.9,4.75,55,90.58,58.27,Medium,1
DIA-04273,ASVspoof2021-LA,audio,Replay,0,0,1,0,0,1,Create Privileged Account,28.22,61.5,39.06,95,30.65,45.88,Low,0
DIA-04274,ASVspoof2021-LA,audio,TTS,1,1,1,0,0,0,Access Internal Portal,71.66,33.71,28.13,35,96.32,56.69,Medium,1
DIA-04275,DFDC,video,Face Reenactment,0,1,1,0,0,0,Create Privileged Account,17.93,18.11,0,95,20.72,26.49,Low,0
DIA-04276,DFDC,video,Face Swap,0,0,1,0,1,0,Read Information,26.03,59.73,22.68,20,36.51,31.61,Low,0
DIA-04277,Celeb-DF++,video,Face Reenactment,0,1,1,0,0,1,Reset Password,27.81,5.85,52.72,55,16.49,31.31,Low,0
DIA-04278,ASVspoof2021-LA,audio,Replay,0,1,1,0,0,1,Change MFA,21.59,0,51.21,70,31.79,33.58,Low,0
DIA-04279,Celeb-DF,video,Video Manipulation,0,1,0,0,1,0,Change MFA,23.91,46.11,37.52,70,7.54,33.6,Low,0
DIA-04280,ASVspoof2021-DF,audio,TTS,1,1,1,0,1,0,Approve Payment,58.88,10.79,21.06,80,61.32,47.76,Low,1
DIA-04281,DFDC,video,Talking Face,0,1,1,0,1,0,Transfer Funds,25.01,8.28,38.77,100,7.66,33.03,Low,0
DIA-04282,Celeb-DF,video,Face Reenactment,1,0,1,0,1,1,Create Privileged Account,61.68,64.85,63.14,95,77.25,70.56,Medium,1
DIA-04283,ASVspoof2021-DF,audio,Voice Conversion,1,1,1,0,0,0,Download Sensitive Data,71.36,12.6,9.31,75,84.85,53.38,Medium,1
DIA-04284,DFDC,video,Talking Face,1,1,0,0,0,0,Read Information,71.09,44.61,12.85,20,76.38,48.86,Low,1
DIA-04285,ASVspoof2021-PA,audio,TTS,1,1,0,0,1,1,Transfer Funds,67.71,26.84,73.55,100,85.08,71.06,Medium,1
DIA-04286,DFDC,video,Video Manipulation,0,1,0,0,0,0,Reset Password,24.98,31.44,5.45,55,24.07,26.36,Low,0
DIA-04287,ASVspoof2021-PA,audio,Voice Conversion,1,1,1,0,0,1,Download Sensitive Data,87.97,18.72,53.99,75,92.17,69.68,Medium,1
DIA-04288,DFDC,video,Face Swap,0,1,1,0,0,1,Create Privileged Account,11.78,10.25,50.69,95,13.71,32.2,Low,0
DIA-04289,ASVspoof2021-PA,audio,Audio Manipulation,1,0,0,0,0,1,Approve Payment,81.5,99.66,38.28,80,98.2,78.69,High,1
DIA-04290,ASVspoof2021-DF,audio,Audio Manipulation,0,1,0,0,0,0,Read Information,29.95,36.02,6.64,20,12.28,21.17,Low,0
DIA-04291,DFDC,video,Talking Face,1,1,1,0,0,0,Reset Password,63.72,27.6,4.69,55,80.76,48.6,Low,1
DIA-04292,DFDC,video,Talking Face,1,1,1,1,0,0,Transfer Funds,79.81,16.67,49.56,100,82,67.76,Medium,1
DIA-04293,DFDC,video,Face Swap,1,1,0,0,0,1,Create Privileged Account,68.2,49.81,49.4,95,89.92,70.05,Medium,1
DIA-04294,ASVspoof2021-DF,audio,Voice Conversion,0,1,0,0,0,0,Approve Payment,31.82,44.14,0,80,16.13,31.39,Low,0
DIA-04295,ASVspoof2021-LA,audio,Voice Conversion,1,1,1,0,0,1,Change MFA,40.87,19.63,31.11,70,80.82,48.09,Low,1
DIA-04296,Celeb-DF++,video,Video Manipulation,1,1,1,1,1,1,Transfer Funds,91.89,8.98,100,100,97.32,83.38,High,1
DIA-04297,Celeb-DF++,video,Face Reenactment,0,1,0,0,0,0,Approve Payment,5.76,49.34,19.47,80,8.88,26.8,Low,0
DIA-04298,ASVspoof2021-DF,audio,Replay,0,1,1,0,0,1,Approve Payment,23.99,16.73,46.66,80,3.61,31.76,Low,0
DIA-04299,Celeb-DF++,video,Face Reenactment,0,1,1,0,0,0,Transfer Funds,9.05,7.37,21.04,100,12.23,25.47,Low,0
DIA-04300,ASVspoof2021-DF,audio,Replay,0,1,1,1,0,1,Transfer Funds,44.46,0,83.91,100,15.95,48.31,Low,0
DIA-04301,Celeb-DF++,video,Face Swap,1,1,1,1,0,1,Create Privileged Account,73.48,16.12,79.11,95,79.59,70.45,Medium,1
DIA-04302,ASVspoof2021-DF,audio,Replay,0,1,0,0,0,0,Approve Payment,12.04,52.06,0,80,0,23.42,Low,0
DIA-04303,ASVspoof2021-PA,audio,TTS,1,1,0,0,1,0,Access Internal Portal,78.32,32.74,29.2,35,72,53.9,Medium,1
DIA-04304,Celeb-DF,video,Talking Face,1,0,1,1,0,0,Reset Password,79.05,62.47,45.66,55,93.96,69.26,Medium,1
DIA-04305,DFDC,video,Face Swap,1,1,1,0,0,1,Access Internal Portal,67.33,12.47,28.02,35,75.4,48,Low,1
DIA-04306,DFDC,video,Video Manipulation,1,0,0,0,0,0,Create Privileged Account,55.1,100,4.11,95,91.18,64.84,Medium,1
DIA-04307,ASVspoof2021-DF,audio,Audio Manipulation,1,1,1,0,1,0,Reset Password,53.61,0.31,29.05,55,73.96,44.98,Low,1
DIA-04308,Celeb-DF,video,Talking Face,1,1,1,0,1,0,Access Internal Portal,80.03,9.8,35.15,35,91.38,56.04,Medium,1
DIA-04309,ASVspoof2021-PA,audio,Audio Manipulation,0,1,1,0,0,0,Approve Payment,22.61,6.95,9.7,80,15.37,24.84,Low,0
DIA-04310,ASVspoof2021-DF,audio,Audio Manipulation,1,1,1,0,1,1,Download Sensitive Data,72.91,19.5,72.24,75,91.07,68.71,Medium,1
DIA-04311,Celeb-DF++,video,Face Swap,1,0,0,0,0,0,Access Internal Portal,71.41,93.86,0,35,82.57,57.27,Medium,1
DIA-04312,ASVspoof2021-LA,audio,Replay,0,0,1,0,0,0,Reset Password,0,67.23,2.05,55,13.92,21.53,Low,0
DIA-04313,Celeb-DF,video,Face Reenactment,1,0,0,0,0,1,Change MFA,67.43,93.56,51.48,70,94.94,74.05,Medium,1
DIA-04314,ASVspoof2021-LA,audio,Audio Manipulation,1,1,1,0,1,0,Create Privileged Account,62.72,21.28,33.19,95,86.92,60.28,Medium,1
DIA-04315,DFDC,video,Video Manipulation,0,0,1,1,0,0,Read Information,33.8,78.97,55.93,20,14.25,39.02,Low,0
DIA-04316,ASVspoof2021-DF,audio,Audio Manipulation,1,1,0,0,0,0,Create Privileged Account,49.84,48.2,9.01,95,62.6,50.75,Medium,1
DIA-04317,ASVspoof2021-PA,audio,Voice Conversion,1,0,1,0,0,1,Read Information,82.59,74.6,46.31,20,86.67,65.56,Medium,1
DIA-04318,ASVspoof2021-LA,audio,TTS,0,1,0,0,0,1,Create Privileged Account,42.74,51.07,48.7,95,26.56,49.78,Low,0
DIA-04319,ASVspoof2021-LA,audio,TTS,0,0,1,0,1,0,Read Information,0,62.55,31.1,20,13.39,21.28,Low,0
DIA-04320,Celeb-DF,video,Face Swap,0,1,0,0,0,0,Access Internal Portal,18.18,43.1,5.33,35,8.65,19.96,Low,0
DIA-04321,ASVspoof2021-LA,audio,Audio Manipulation,1,1,1,0,0,0,Reset Password,71.49,33.79,5.24,55,86.24,53.06,Medium,1
DIA-04322,ASVspoof2021-DF,audio,Replay,0,0,1,0,0,0,Transfer Funds,27.6,55.31,9.45,100,24.84,38.43,Low,0
DIA-04323,ASVspoof2021-DF,audio,Voice Conversion,1,1,1,0,0,0,Change MFA,42.19,10.73,14.02,70,90.09,45.59,Low,1
DIA-04324,DFDC,video,Face Reenactment,1,0,1,1,0,0,Create Privileged Account,74.71,61.71,47.15,95,83.64,72.08,Medium,1
DIA-04325,DFDC,video,Face Swap,1,1,1,0,0,0,Reset Password,63.59,17.31,18.09,55,100,53.54,Medium,1
DIA-04326,ASVspoof2021-DF,audio,Replay,0,1,1,0,0,1,Change MFA,19.88,26.5,57.25,70,30.05,37.9,Low,0
DIA-04327,DFDC,video,Face Reenactment,0,0,1,1,0,0,Download Sensitive Data,45.76,74.3,43.85,75,24.95,49.88,Low,0
DIA-04328,ASVspoof2021-LA,audio,Audio Manipulation,0,1,1,1,0,0,Access Internal Portal,20.63,13.26,58.32,35,19.51,28.99,Low,0
DIA-04329,ASVspoof2021-LA,audio,TTS,0,0,1,0,1,1,Read Information,27.95,74.37,69.87,20,31.49,42.81,Low,0
DIA-04330,ASVspoof2021-PA,audio,Audio Manipulation,0,1,1,0,0,0,Reset Password,16.68,12.68,12.67,55,7.5,19.19,Low,0
DIA-04331,DFDC,video,Face Swap,0,1,1,0,0,0,Create Privileged Account,20.65,16.55,9.06,95,9.94,26.73,Low,0
DIA-04332,ASVspoof2021-PA,audio,Voice Conversion,0,1,0,0,1,0,Read Information,24.08,44.95,43.53,20,6.43,26.96,Low,0
DIA-04333,DFDC,video,Face Reenactment,1,1,1,0,0,1,Create Privileged Account,80.83,29.02,47.43,95,84.91,69.32,Medium,1
DIA-04334,Celeb-DF++,video,Talking Face,0,0,1,0,0,0,Download Sensitive Data,9.45,73.6,7.57,75,6.62,27.96,Low,0
DIA-04335,ASVspoof2021-LA,audio,Replay,0,0,1,0,0,1,Reset Password,24.68,71.74,42.08,55,14.98,37.83,Low,0
DIA-04336,DFDC,video,Face Swap,1,1,1,0,0,0,Read Information,68.07,31.28,1.59,20,83.7,45.17,Low,1
DIA-04337,DFDC,video,Face Reenactment,1,1,1,0,0,0,Download Sensitive Data,47.87,0,6,75,66.56,40.12,Low,1
DIA-04338,DFDC,video,Talking Face,1,1,0,1,1,0,Change MFA,60.51,39.26,83.54,70,94.42,70.13,Medium,1
DIA-04339,Celeb-DF++,video,Face Reenactment,1,1,1,0,0,1,Read Information,80.8,9.07,52.58,20,97.93,58.7,Medium,1
DIA-04340,ASVspoof2021-LA,audio,TTS,0,0,0,0,0,0,Approve Payment,12.92,93.09,5.52,80,11.09,33.16,Low,0
DIA-04341,DFDC,video,Face Swap,1,1,0,0,1,0,Create Privileged Account,94.73,44.83,27.31,95,100,74.86,Medium,1
DIA-04342,DFDC,video,Talking Face,1,1,0,0,0,0,Change MFA,76.59,47.85,16.66,70,89.64,61.91,Medium,1
DIA-04343,ASVspoof2021-DF,audio,Voice Conversion,1,1,1,1,0,0,Change MFA,75.97,10.84,53,70,95.88,64.69,Medium,1
DIA-04344,DFDC,video,Talking Face,1,1,1,1,0,0,Transfer Funds,87.61,20.35,36.17,100,76.69,66.91,Medium,1
DIA-04345,ASVspoof2021-DF,audio,TTS,0,0,0,0,0,0,Change MFA,26.5,87.82,30.16,70,15.6,40.78,Low,0
DIA-04346,ASVspoof2021-PA,audio,Replay,0,1,0,0,0,0,Access Internal Portal,20.03,29.76,10.08,35,22.66,22.27,Low,0
DIA-04347,ASVspoof2021-LA,audio,TTS,1,1,1,0,0,0,Create Privileged Account,50.44,15.57,21.91,95,78.14,51.73,Medium,1
DIA-04348,ASVspoof2021-LA,audio,Replay,1,1,1,1,0,0,Download Sensitive Data,78.32,13.25,51.22,75,85,63.98,Medium,1
DIA-04349,Celeb-DF++,video,Video Manipulation,0,1,1,0,1,1,Transfer Funds,38.36,26.92,62.71,100,20.59,47.21,Low,0
DIA-04350,ASVspoof2021-LA,audio,Voice Conversion,0,1,1,0,1,0,Transfer Funds,11.48,32.03,36.36,100,18.23,34.17,Low,0
DIA-04351,DFDC,video,Face Swap,0,0,0,0,0,0,Create Privileged Account,0,90.13,0,95,13,30.37,Low,0
DIA-04352,DFDC,video,Face Swap,0,1,0,0,0,0,Reset Password,6.24,25.51,9.12,55,27.58,21.29,Low,0
DIA-04353,ASVspoof2021-DF,audio,Voice Conversion,0,1,1,0,0,1,Approve Payment,42.35,4.06,37.38,80,13.68,35.53,Low,0
DIA-04354,DFDC,video,Face Swap,1,1,1,1,0,0,Change MFA,71.88,8.31,48.57,70,85.82,60.19,Medium,1
DIA-04355,ASVspoof2021-PA,audio,Audio Manipulation,0,0,1,0,0,0,Create Privileged Account,34.06,71.66,11.74,95,26.85,42.94,Low,0
DIA-04356,ASVspoof2021-DF,audio,Audio Manipulation,0,1,0,0,0,0,Transfer Funds,18.21,37.91,12.07,100,5.36,29.64,Low,0
DIA-04357,ASVspoof2021-PA,audio,Audio Manipulation,0,1,0,0,0,0,Approve Payment,12.54,29.93,0,80,12.04,22.66,Low,0
DIA-04358,Celeb-DF,video,Video Manipulation,1,0,1,0,0,1,Change MFA,94.48,84.29,40.49,70,92.18,78.02,High,1
DIA-04359,Celeb-DF++,video,Talking Face,1,1,1,1,0,0,Transfer Funds,66.91,20.3,36.17,100,97.25,64.8,Medium,1
DIA-04360,ASVspoof2021-LA,audio,Voice Conversion,1,0,0,0,1,1,Create Privileged Account,68.26,100,74.35,95,85.29,81.66,High,1
DIA-04361,Celeb-DF,video,Face Reenactment,1,0,1,1,0,0,Access Internal Portal,76.07,55.59,51.42,35,92.84,65.26,Medium,1
DIA-04362,ASVspoof2021-DF,audio,Voice Conversion,1,0,0,1,0,0,Transfer Funds,67.81,100,41.78,100,91.36,76.97,High,1
DIA-04363,ASVspoof2021-DF,audio,Audio Manipulation,1,1,1,0,0,0,Change MFA,74.56,13.81,19.84,70,60.84,51.08,Medium,1
DIA-04364,ASVspoof2021-PA,audio,Voice Conversion,1,1,1,0,0,0,Reset Password,70.91,11.87,13.27,55,85.45,51.05,Medium,1
DIA-04365,ASVspoof2021-LA,audio,Voice Conversion,0,0,1,0,0,1,Reset Password,28.34,70.19,44.26,55,15.16,39.16,Low,0
DIA-04366,DFDC,video,Talking Face,1,1,1,0,0,0,Create Privileged Account,59.22,9.4,6.69,95,95.33,53.83,Medium,1
DIA-04367,Celeb-DF++,video,Face Reenactment,0,1,0,0,0,0,Change MFA,0,38.86,5.54,70,18.29,21.1,Low,0
DIA-04368,ASVspoof2021-DF,audio,Voice Conversion,1,1,0,0,0,0,Approve Payment,56.85,47.57,4.48,80,89.08,54.9,Medium,1
DIA-04369,DFDC,video,Face Swap,0,1,1,0,0,1,Change MFA,14.82,0,53.22,70,20.38,29.67,Low,0
DIA-04370,Celeb-DF++,video,Face Swap,0,1,1,0,0,1,Transfer Funds,26.22,26.98,46.92,100,19.5,40.2,Low,0
DIA-04371,Celeb-DF,video,Face Swap,0,0,0,0,0,0,Access Internal Portal,9.03,98.14,2.66,35,21.78,27.57,Low,0
DIA-04372,DFDC,video,Face Reenactment,1,1,0,0,0,0,Download Sensitive Data,49.88,39.12,19.08,75,79.28,51.75,Medium,1
DIA-04373,Celeb-DF++,video,Video Manipulation,1,1,1,0,0,0,Reset Password,53.39,22.48,9.37,55,91.91,47.9,Low,1
DIA-04374,DFDC,video,Face Reenactment,0,0,0,0,0,0,Create Privileged Account,22.26,97.91,3.57,95,7.94,37.92,Low,0
DIA-04375,ASVspoof2021-DF,audio,Replay,1,1,1,0,0,0,Transfer Funds,73.56,11.16,23.83,100,94.73,62.45,Medium,1
DIA-04376,DFDC,video,Face Reenactment,0,1,0,1,0,0,Reset Password,17.43,33.82,42.34,55,13.09,29.64,Low,0
DIA-04377,ASVspoof2021-DF,audio,Voice Conversion,1,1,1,1,1,0,Transfer Funds,66.6,27,69.22,100,89.76,70.83,Medium,1
DIA-04378,DFDC,video,Face Swap,0,1,1,0,1,0,Download Sensitive Data,24.75,3.17,35,75,4.04,26.96,Low,0
DIA-04379,ASVspoof2021-PA,audio,Replay,0,1,0,0,0,0,Read Information,19.82,38.42,12.26,20,19.38,21.04,Low,0
DIA-04380,DFDC,video,Talking Face,1,1,0,0,0,0,Create Privileged Account,79.05,28.72,4.73,95,85.4,60.3,Medium,1
DIA-04381,Celeb-DF++,video,Face Reenactment,1,1,0,0,0,0,Download Sensitive Data,64.27,43.9,0,75,82.66,53.65,Medium,1
DIA-04382,Celeb-DF,video,Talking Face,1,1,1,0,0,1,Transfer Funds,61.85,14.22,45.23,100,66.56,58.05,Medium,1
DIA-04383,DFDC,video,Face Reenactment,1,1,0,1,0,0,Change MFA,82.95,30,42.68,70,88.03,66.03,Medium,1
DIA-04384,Celeb-DF++,video,Face Reenactment,1,1,0,1,0,0,Reset Password,67.58,33.05,47.49,55,85.06,59.99,Medium,1
DIA-04385,ASVspoof2021-LA,audio,Replay,0,1,1,0,1,1,Access Internal Portal,14.32,15.36,64.33,35,0,24.72,Low,0
DIA-04386,ASVspoof2021-PA,audio,Replay,0,1,1,1,0,1,Read Information,37.82,17.28,77.41,20,11.1,34.64,Low,0
DIA-04387,Celeb-DF,video,Face Swap,1,1,0,0,0,1,Approve Payment,86.94,24.5,43.13,80,90.15,68.41,Medium,1
DIA-04388,DFDC,video,Face Reenactment,0,0,1,1,0,0,Transfer Funds,25.02,64.36,45.58,100,21.92,45.66,Low,0
DIA-04389,ASVspoof2021-DF,audio,Voice Conversion,1,1,1,0,1,0,Approve Payment,54.95,16.28,29.12,80,80.28,52.81,Medium,1
DIA-04390,ASVspoof2021-DF,audio,Audio Manipulation,0,0,0,0,1,0,Download Sensitive Data,34.88,100,41.76,75,21.13,49.29,Low,0
DIA-04391,DFDC,video,Face Reenactment,0,1,1,0,0,1,Read Information,27.14,21.71,38.04,20,19.03,25.81,Low,0
DIA-04392,ASVspoof2021-LA,audio,Audio Manipulation,0,1,0,0,0,0,Read Information,20.42,36.36,8.23,20,12.2,18.67,Low,0
DIA-04393,Celeb-DF++,video,Talking Face,1,1,1,0,0,0,Change MFA,61.56,22.99,9.74,70,80.78,50.52,Medium,1
DIA-04394,ASVspoof2021-DF,audio,TTS,1,1,1,0,0,0,Download Sensitive Data,78.43,12.48,0,75,73.99,51.45,Medium,1
DIA-04395,Celeb-DF,video,Face Reenactment,0,1,0,1,0,0,Change MFA,10.81,15.02,42.18,70,9.44,26.32,Low,0
DIA-04396,Celeb-DF++,video,Video Manipulation,0,0,0,0,0,0,Transfer Funds,4.76,100,9.72,100,12.81,35.93,Low,0
DIA-04397,DFDC,video,Face Reenactment,0,0,1,1,0,0,Reset Password,43.84,73.66,49.46,55,34.08,49.16,Low,0
DIA-04398,ASVspoof2021-LA,audio,Replay,0,0,0,0,0,0,Transfer Funds,8.51,96.5,4.48,100,13.03,35.53,Low,0
DIA-04399,DFDC,video,Video Manipulation,0,0,0,1,1,1,Reset Password,38.56,95.07,100,55,40.19,62.12,Medium,0
DIA-04400,ASVspoof2021-LA,audio,Replay,1,1,0,1,0,1,Reset Password,91.16,42.42,86.87,55,100,79.34,High,1
DIA-04401,ASVspoof2021-LA,audio,TTS,0,1,1,0,0,0,Reset Password,20.31,15.06,14.11,55,17.71,22.97,Low,0
DIA-04402,ASVspoof2021-LA,audio,Voice Conversion,0,1,1,0,0,0,Create Privileged Account,8.31,12.69,14.67,95,10.35,23.65,Low,0
DIA-04403,DFDC,video,Face Reenactment,0,1,0,0,1,1,Reset Password,29.93,34.78,78.46,55,39.88,46.11,Low,0
DIA-04404,Celeb-DF,video,Face Reenactment,0,0,0,0,0,0,Change MFA,33.31,95.62,10.75,70,27.04,42.39,Low,0
DIA-04405,Celeb-DF++,video,Video Manipulation,0,1,1,0,0,0,Read Information,21.77,7.95,0.28,20,21.39,15.06,Low,0
DIA-04406,ASVspoof2021-DF,audio,TTS,1,1,1,0,0,0,Change MFA,57.79,5.86,7.93,70,74.95,45.29,Low,1
DIA-04407,ASVspoof2021-PA,audio,Replay,1,1,1,1,0,0,Access Internal Portal,74.37,17.16,41.12,35,81.74,54.71,Medium,1
DIA-04408,Celeb-DF,video,Video Manipulation,1,0,1,0,1,0,Create Privileged Account,50.77,77.84,40.92,95,70.69,63.48,Medium,1
DIA-04409,ASVspoof2021-LA,audio,Audio Manipulation,0,1,1,1,0,0,Create Privileged Account,12.29,8.63,59.61,95,28.46,36.85,Low,0
DIA-04410,DFDC,video,Talking Face,1,0,1,1,0,0,Reset Password,68.15,65.02,49.96,55,88.55,66.15,Medium,1
DIA-04411,Celeb-DF,video,Video Manipulation,1,1,1,0,0,0,Transfer Funds,66.68,1.43,18.14,100,80.88,55.02,Medium,1
DIA-04412,DFDC,video,Face Reenactment,1,1,1,1,0,0,Change MFA,57.78,4.47,57.66,70,77.19,55.47,Medium,1
DIA-04413,ASVspoof2021-LA,audio,Replay,1,1,1,1,0,0,Create Privileged Account,73.75,4.77,52.13,95,76.52,62.82,Medium,1
DIA-04414,DFDC,video,Talking Face,0,0,0,0,0,0,Access Internal Portal,23.74,100,13.69,35,17.31,33.57,Low,0
DIA-04415,Celeb-DF,video,Face Swap,1,0,1,1,1,1,Create Privileged Account,73.64,56.11,100,95,86.95,82.15,High,1
DIA-04416,ASVspoof2021-LA,audio,TTS,1,1,1,0,0,0,Access Internal Portal,42.26,18.67,0.23,35,57.09,32.19,Low,1
DIA-04417,Celeb-DF++,video,Video Manipulation,1,1,1,0,0,0,Reset Password,67.15,12.88,11.73,55,75.11,47.7,Low,1
DIA-04418,DFDC,video,Face Swap,1,1,1,0,1,0,Change MFA,85.96,19.84,38.88,70,82.4,63.52,Medium,1
DIA-04419,DFDC,video,Face Reenactment,1,1,1,0,0,0,Access Internal Portal,71.03,24.33,0,35,94.53,49.11,Low,1
DIA-04420,Celeb-DF++,video,Talking Face,0,1,0,1,1,1,Transfer Funds,28.17,39.76,100,100,14.06,52.23,Medium,0
DIA-04421,Celeb-DF,video,Talking Face,1,1,1,0,0,0,Reset Password,61.9,24.07,17.65,55,66.33,47.23,Low,1
DIA-04422,DFDC,video,Talking Face,1,1,1,0,0,1,Change MFA,77.35,27.4,52.7,70,76.43,63.64,Medium,1
DIA-04423,ASVspoof2021-DF,audio,Audio Manipulation,1,0,0,0,1,0,Read Information,68.29,100,37.86,20,99.59,65.98,Medium,1
DIA-04424,DFDC,video,Video Manipulation,1,0,0,1,0,1,Approve Payment,83.78,89.62,78.36,80,84.59,83.17,High,1
DIA-04425,ASVspoof2021-DF,audio,Audio Manipulation,0,0,1,0,0,0,Access Internal Portal,5.94,54.24,1.12,35,4.14,16.22,Low,0
DIA-04426,Celeb-DF,video,Talking Face,0,0,1,0,0,0,Reset Password,19.33,69,9.31,55,1.77,26.62,Low,0
DIA-04427,DFDC,video,Video Manipulation,0,0,1,0,0,0,Transfer Funds,12.93,71.43,14.88,100,15.45,35.66,Low,0
DIA-04428,DFDC,video,Talking Face,1,1,1,0,0,0,Create Privileged Account,70.09,0,13.8,95,85.69,55.18,Medium,1
DIA-04429,DFDC,video,Talking Face,1,1,1,1,0,0,Read Information,49.6,15.49,61.97,20,83.37,49.27,Low,1
DIA-04430,DFDC,video,Video Manipulation,1,1,1,1,1,1,Download Sensitive Data,71.68,0,100,75,100,72.75,Medium,1
DIA-04431,Celeb-DF,video,Video Manipulation,1,0,1,0,0,1,Approve Payment,76.97,82.37,42.48,80,75.12,70.97,Medium,1
DIA-04432,ASVspoof2021-PA,audio,TTS,1,1,1,0,0,0,Transfer Funds,73.74,18.82,10.05,100,82.11,58.38,Medium,1
DIA-04433,ASVspoof2021-LA,audio,Audio Manipulation,0,1,0,1,0,1,Access Internal Portal,27.66,33.46,76.91,35,21.55,38.26,Low,0
DIA-04434,Celeb-DF,video,Talking Face,1,1,1,0,0,1,Reset Password,47.24,16.01,55.51,55,74.87,50.9,Medium,1
DIA-04435,ASVspoof2021-DF,audio,Audio Manipulation,1,1,1,0,0,1,Access Internal Portal,78.05,17,43.25,35,67.92,53.45,Medium,1
DIA-04436,ASVspoof2021-DF,audio,Replay,1,1,0,0,0,0,Download Sensitive Data,83.43,43.86,11.77,75,92.46,63.7,Medium,1
DIA-04437,ASVspoof2021-LA,audio,Audio Manipulation,1,0,1,0,0,0,Download Sensitive Data,56.77,70.56,15.7,75,75.51,57.11,Medium,1
DIA-04438,DFDC,video,Face Reenactment,1,1,1,0,0,1,Access Internal Portal,66.32,22.56,39.73,35,74,51.28,Medium,1
DIA-04439,Celeb-DF,video,Face Swap,0,0,1,0,1,0,Read Information,26.87,59.86,36.94,20,10.68,29.56,Low,0
DIA-04440,Celeb-DF,video,Face Swap,1,1,1,0,1,0,Access Internal Portal,75.17,13.97,34.95,35,99.75,56.84,Medium,1
DIA-04441,DFDC,video,Face Reenactment,1,0,1,0,0,0,Access Internal Portal,78.07,84.29,16.83,35,98.21,64.32,Medium,1
DIA-04442,Celeb-DF,video,Face Swap,0,1,1,0,0,0,Download Sensitive Data,29.16,12.19,10.06,75,9.47,25.73,Low,0
DIA-04443,ASVspoof2021-LA,audio,Voice Conversion,0,1,1,0,0,0,Access Internal Portal,1.15,16.93,0,35,0,8.13,Low,0
DIA-04444,ASVspoof2021-PA,audio,TTS,0,0,1,0,0,0,Create Privileged Account,12.73,62.04,3.46,95,23.27,32.72,Low,0
DIA-04445,DFDC,video,Face Swap,0,0,1,1,0,0,Approve Payment,29.89,87.25,39.5,80,38,49.55,Low,0
DIA-04446,Celeb-DF++,video,Talking Face,1,0,0,1,0,0,Access Internal Portal,70.05,97.28,63.49,35,100,73.56,Medium,1
DIA-04447,Celeb-DF,video,Video Manipulation,0,0,0,0,0,0,Transfer Funds,22.02,84.93,19.9,100,4.76,39.28,Low,0
DIA-04448,Celeb-DF++,video,Face Swap,0,1,1,0,0,0,Approve Payment,16.57,23.72,0,80,28.36,26.2,Low,0
DIA-04449,ASVspoof2021-DF,audio,Replay,1,1,1,0,0,0,Create Privileged Account,61.21,6.41,2.93,95,82.25,50.61,Medium,1
DIA-04450,DFDC,video,Talking Face,0,1,0,0,1,0,Approve Payment,15.34,45.47,25.31,80,0,28.48,Low,0
DIA-04451,ASVspoof2021-LA,audio,Replay,1,0,1,1,0,0,Approve Payment,58.66,78.24,51.52,80,73.93,66.42,Medium,1
DIA-04452,ASVspoof2021-PA,audio,TTS,0,0,1,0,0,1,Change MFA,15.04,86.21,38.31,70,8.69,37.34,Low,0
DIA-04453,ASVspoof2021-DF,audio,Replay,0,0,0,1,0,0,Approve Payment,22.26,96.79,48.14,80,21.85,47.19,Low,0
DIA-04454,ASVspoof2021-DF,audio,TTS,1,0,1,0,0,0,Create Privileged Account,65.46,70.39,0.36,95,71.06,58.73,Medium,1
DIA-04455,Celeb-DF++,video,Face Swap,1,1,1,0,1,0,Transfer Funds,72.24,0,38.01,100,93.56,62.99,Medium,1
DIA-04456,Celeb-DF,video,Face Reenactment,1,1,1,0,0,0,Download Sensitive Data,62.86,11.35,0,75,86.99,49.21,Low,1
DIA-04457,DFDC,video,Video Manipulation,1,1,1,1,0,0,Create Privileged Account,89.43,9.29,67.52,95,98.54,75.68,High,1
DIA-04458,ASVspoof2021-DF,audio,TTS,0,1,1,0,0,0,Transfer Funds,31.53,13.55,20.53,100,13.94,33.39,Low,0
DIA-04459,DFDC,video,Video Manipulation,1,0,1,1,0,0,Download Sensitive Data,65.47,65.84,67.37,75,86.94,71.63,Medium,1
DIA-04460,ASVspoof2021-LA,audio,Audio Manipulation,0,1,0,1,0,0,Create Privileged Account,25.18,46.29,54.24,95,8.97,41.39,Low,0
DIA-04461,Celeb-DF++,video,Video Manipulation,0,0,1,0,1,0,Access Internal Portal,31.34,65.52,45.9,35,25.93,38.85,Low,0
DIA-04462,Celeb-DF++,video,Face Reenactment,0,1,0,0,0,0,Transfer Funds,10.95,43.8,16.25,100,12.6,30.62,Low,0
DIA-04463,Celeb-DF,video,Face Swap,1,1,1,0,0,0,Transfer Funds,57.77,14.08,2.97,100,80.19,51.08,Medium,1
DIA-04464,ASVspoof2021-PA,audio,TTS,0,0,1,0,0,1,Reset Password,37.29,65.02,42.39,55,21.03,41.87,Low,0
DIA-04465,DFDC,video,Video Manipulation,0,1,1,0,1,0,Transfer Funds,25.61,9.29,37.97,100,2.73,32.22,Low,0
DIA-04466,DFDC,video,Face Swap,0,0,1,0,0,0,Create Privileged Account,29.81,71.86,18.07,95,30.16,43.62,Low,0
DIA-04467,DFDC,video,Talking Face,1,1,1,0,0,0,Access Internal Portal,69.47,25.97,9.95,35,85.11,49,Low,1
DIA-04468,ASVspoof2021-DF,audio,Voice Conversion,0,1,1,0,0,0,Transfer Funds,15.2,9.15,13.88,100,26.54,29.02,Low,0
DIA-04469,ASVspoof2021-PA,audio,Audio Manipulation,1,1,1,0,0,0,Download Sensitive Data,51.24,15.38,7.67,75,89.89,48.44,Low,1
DIA-04470,DFDC,video,Talking Face,0,1,1,0,0,0,Access Internal Portal,19.51,18.87,7.11,35,9.56,17.27,Low,0
DIA-04471,ASVspoof2021-PA,audio,Replay,1,0,1,1,0,0,Read Information,84.55,69.84,39.7,20,85.71,63.92,Medium,1
DIA-04472,Celeb-DF,video,Video Manipulation,0,0,1,1,1,0,Download Sensitive Data,36.68,55.92,78.1,75,7.21,47.7,Low,0
DIA-04473,ASVspoof2021-DF,audio,Audio Manipulation,1,0,1,1,0,0,Download Sensitive Data,82.78,73.83,46.55,75,98.73,76.21,High,1
DIA-04474,DFDC,video,Face Reenactment,0,1,1,0,0,1,Create Privileged Account,31.66,2.95,36.01,95,22.84,35.96,Low,0
DIA-04475,Celeb-DF++,video,Talking Face,0,0,0,0,0,0,Download Sensitive Data,42.32,83.06,5.85,75,24.39,42.45,Low,0
DIA-04476,ASVspoof2021-DF,audio,Replay,0,1,0,0,0,0,Change MFA,0.93,29.56,12,70,9.75,19.56,Low,0
DIA-04477,Celeb-DF++,video,Video Manipulation,0,1,1,1,0,0,Reset Password,25.54,13.71,54.68,55,9.66,30.84,Low,0
DIA-04478,DFDC,video,Face Reenactment,0,0,1,0,1,0,Download Sensitive Data,7.7,62.29,33.71,75,25.47,34.74,Low,0
DIA-04479,ASVspoof2021-LA,audio,Voice Conversion,0,0,1,0,0,0,Reset Password,35.08,58.52,17.48,55,38.82,38.81,Low,0
DIA-04480,ASVspoof2021-PA,audio,Audio Manipulation,1,0,1,0,0,0,Approve Payment,59.92,73.04,20.43,80,93.87,63.79,Medium,1
DIA-04481,Celeb-DF++,video,Video Manipulation,1,0,1,0,0,0,Access Internal Portal,77.09,69.78,7.99,35,84.77,57.4,Medium,1
DIA-04482,ASVspoof2021-DF,audio,Replay,0,1,1,0,0,0,Create Privileged Account,13.06,21.06,16.82,95,18.78,28.45,Low,0
DIA-04483,ASVspoof2021-LA,audio,TTS,0,1,0,0,0,0,Access Internal Portal,22.62,34.16,5.33,35,27.29,23.68,Low,0
DIA-04484,Celeb-DF,video,Face Reenactment,0,1,0,0,0,0,Access Internal Portal,16.81,39.49,0.9,35,17.05,19.81,Low,0
DIA-04485,ASVspoof2021-LA,audio,Voice Conversion,0,1,1,1,0,0,Transfer Funds,22.85,21.4,43.39,100,35.21,40.79,Low,0
DIA-04486,Celeb-DF,video,Talking Face,0,1,1,0,0,1,Change MFA,26.67,4.49,38.95,70,29.9,32.94,Low,0
DIA-04487,ASVspoof2021-LA,audio,Replay,0,1,1,0,0,0,Approve Payment,28.11,9.71,6.94,80,44.1,32.1,Low,0
DIA-04488,DFDC,video,Video Manipulation,0,1,1,1,0,1,Change MFA,26.8,22.94,98.88,70,20.45,45.85,Low,0
DIA-04489,Celeb-DF,video,Face Swap,1,1,1,1,0,1,Transfer Funds,85.8,15.16,81.33,100,66.72,72.62,Medium,1
DIA-04490,Celeb-DF++,video,Face Reenactment,1,0,1,0,0,1,Access Internal Portal,82.42,68.8,42.36,35,88.25,66.42,Medium,1
DIA-04491,Celeb-DF++,video,Talking Face,1,1,1,0,1,0,Change MFA,61.41,14.69,36.08,70,78.94,54.13,Medium,1
DIA-04492,ASVspoof2021-LA,audio,Audio Manipulation,0,1,1,0,0,1,Read Information,43.74,24.78,35.76,20,24.49,31.89,Low,0
DIA-04493,ASVspoof2021-PA,audio,TTS,1,1,1,0,0,0,Download Sensitive Data,74.2,14.81,11.02,75,100,57.94,Medium,1
DIA-04494,DFDC,video,Video Manipulation,0,1,1,1,0,0,Approve Payment,18.25,15.36,54.6,80,11.69,33.04,Low,0
DIA-04495,Celeb-DF,video,Face Swap,0,1,0,0,0,0,Change MFA,24.75,39.87,20.38,70,10.7,30.12,Low,0
DIA-04496,Celeb-DF,video,Face Swap,1,1,1,1,0,0,Create Privileged Account,82.42,2.07,59.2,95,81.78,67.48,Medium,1
DIA-04497,Celeb-DF++,video,Video Manipulation,0,0,1,0,1,1,Create Privileged Account,29.49,74.02,72.54,95,38.76,56.46,Medium,0
DIA-04498,Celeb-DF++,video,Video Manipulation,0,0,1,0,1,0,Transfer Funds,20.22,63.43,33.44,100,12.91,39.85,Low,0
DIA-04499,ASVspoof2021-LA,audio,Audio Manipulation,1,1,1,0,0,0,Transfer Funds,28.03,4.9,8.84,100,76.34,41.18,Low,1
DIA-04500,ASVspoof2021-LA,audio,Replay,1,1,1,1,0,0,Transfer Funds,60.36,1.03,52.85,100,98.71,63.57,Medium,1
DIA-04501,DFDC,video,Talking Face,1,1,1,0,0,0,Change MFA,73.46,2.69,9.67,70,91.34,53.14,Medium,1
DIA-04502,Celeb-DF++,video,Talking Face,0,1,1,0,0,1,Transfer Funds,12.14,0,44.36,100,0,27.51,Low,0
DIA-04503,ASVspoof2021-DF,audio,Replay,0,1,1,0,0,1,Approve Payment,28.65,6.8,38.46,80,14.81,32.27,Low,0
DIA-04504,Celeb-DF++,video,Talking Face,1,0,1,0,1,0,Read Information,75.73,66.52,39.69,20,80.06,59.65,Medium,1
DIA-04505,DFDC,video,Face Reenactment,0,1,1,0,0,0,Read Information,16.76,23.49,12.08,20,0.51,14.07,Low,0
DIA-04506,Celeb-DF,video,Video Manipulation,0,1,1,0,0,0,Change MFA,0,15.49,4.71,70,7.71,15.31,Low,0
DIA-04507,Celeb-DF++,video,Face Reenactment,0,0,1,0,1,0,Download Sensitive Data,9.9,72.03,45.42,75,0,34.11,Low,0
DIA-04508,DFDC,video,Talking Face,1,1,0,0,0,0,Read Information,73.53,50.24,11.46,20,88.31,52.55,Medium,1
DIA-04509,ASVspoof2021-LA,audio,Replay,1,1,1,0,0,0,Download Sensitive Data,79.83,0,0.03,75,87.02,52.61,Medium,1
DIA-04510,Celeb-DF,video,Talking Face,0,1,0,0,1,0,Approve Payment,0,43.13,41.61,80,5.63,27.92,Low,0
DIA-04511,ASVspoof2021-DF,audio,Replay,1,1,1,0,0,0,Approve Payment,66.89,17.52,5.29,80,67.44,49.24,Low,1
DIA-04512,Celeb-DF++,video,Face Swap,0,1,1,0,0,0,Transfer Funds,1.86,21.59,7.13,100,25.01,25.22,Low,0
DIA-04513,ASVspoof2021-LA,audio,Voice Conversion,1,0,1,0,0,0,Reset Password,66.99,55.63,8.69,55,78.63,54.16,Medium,1
DIA-04514,DFDC,video,Face Reenactment,0,1,1,0,0,0,Read Information,16.27,10.41,16.04,20,25.95,17.84,Low,0
DIA-04515,DFDC,video,Face Reenactment,0,0,1,0,0,0,Transfer Funds,43.96,62.55,9.6,100,21.86,43.86,Low,0
DIA-04516,Celeb-DF,video,Video Manipulation,0,1,1,0,1,1,Download Sensitive Data,17.07,4.7,74.33,75,29.4,37.82,Low,0
DIA-04517,Celeb-DF++,video,Video Manipulation,1,0,1,1,0,0,Approve Payment,82.54,88.5,38.98,80,92.89,76.41,High,1
DIA-04518,Celeb-DF,video,Talking Face,1,1,1,1,0,1,Download Sensitive Data,87.1,10.47,77.28,75,89.78,72.36,Medium,1
DIA-04519,ASVspoof2021-LA,audio,Voice Conversion,1,1,0,1,1,0,Change MFA,68.86,47.42,75.22,70,76.66,68.65,Medium,1
DIA-04520,Celeb-DF,video,Face Swap,0,1,1,0,1,0,Access Internal Portal,19.31,20.65,29.92,35,28.52,25.83,Low,0
DIA-04521,DFDC,video,Video Manipulation,0,1,1,0,1,0,Download Sensitive Data,18.01,3.48,33.57,75,14.65,26.82,Low,0
DIA-04522,Celeb-DF++,video,Video Manipulation,0,1,1,1,1,0,Create Privileged Account,14.82,10.8,80.22,95,8.37,38.03,Low,0
DIA-04523,ASVspoof2021-LA,audio,Voice Conversion,0,1,0,1,1,0,Read Information,13.87,40.48,69.38,20,14.05,29.92,Low,0
DIA-04524,ASVspoof2021-LA,audio,Audio Manipulation,0,0,0,1,1,0,Change MFA,18.49,98.16,69.85,70,16.21,47.98,Low,0
DIA-04525,ASVspoof2021-DF,audio,Audio Manipulation,1,1,1,1,0,0,Transfer Funds,58.48,17.65,50.77,100,89.49,63.24,Medium,1
DIA-04526,ASVspoof2021-DF,audio,Replay,1,1,1,1,0,1,Change MFA,70.5,29.03,70.12,70,67.69,63.57,Medium,1
DIA-04527,ASVspoof2021-DF,audio,TTS,1,0,1,0,0,0,Access Internal Portal,63.85,77.28,17.05,35,100,59.41,Medium,1
DIA-04528,ASVspoof2021-DF,audio,TTS,0,1,1,0,0,1,Transfer Funds,24.78,20.26,45.91,100,22.37,39.13,Low,0
DIA-04529,DFDC,video,Video Manipulation,0,1,0,0,0,0,Access Internal Portal,22.88,47.75,10.65,35,17.58,24.92,Low,0
DIA-04530,ASVspoof2021-DF,audio,Replay,1,0,1,0,0,1,Access Internal Portal,68.84,80.82,41.22,35,88.21,63.91,Medium,1
DIA-04531,ASVspoof2021-LA,audio,TTS,0,0,0,1,0,0,Change MFA,14.54,90.02,54.82,70,1.85,39.7,Low,0
DIA-04532,Celeb-DF,video,Face Swap,1,1,1,0,0,1,Change MFA,75.68,2.36,43.87,70,87.04,59.74,Medium,1
DIA-04533,ASVspoof2021-DF,audio,Audio Manipulation,1,1,0,0,0,0,Change MFA,74.7,35.15,18.58,70,91.53,60.2,Medium,1
DIA-04534,Celeb-DF++,video,Face Reenactment,0,1,1,1,0,0,Create Privileged Account,17.66,4.01,38.02,95,13.76,30.51,Low,0
DIA-04535,Celeb-DF++,video,Face Reenactment,0,1,1,0,0,0,Download Sensitive Data,7.19,7.14,10.44,75,18.51,20.27,Low,0
DIA-04536,DFDC,video,Talking Face,1,0,1,0,0,0,Change MFA,61.09,70.8,10.3,70,89.41,59.39,Medium,1
DIA-04537,ASVspoof2021-DF,audio,Voice Conversion,1,0,1,0,0,0,Approve Payment,64,65.57,12.18,80,76.44,58.76,Medium,1
DIA-04538,ASVspoof2021-LA,audio,Audio Manipulation,1,1,0,0,0,0,Download Sensitive Data,78.6,45.18,19.83,75,97.89,65.15,Medium,1
DIA-04539,DFDC,video,Talking Face,1,1,1,0,0,1,Approve Payment,78.63,17.43,35.45,80,86.12,62.52,Medium,1
DIA-04540,Celeb-DF,video,Face Reenactment,1,0,0,0,1,1,Change MFA,70.96,97.92,60.24,70,100,78.52,High,1
DIA-04541,DFDC,video,Face Reenactment,0,1,1,1,0,0,Download Sensitive Data,43.91,4.88,47.53,75,34.76,41.61,Low,0
DIA-04542,DFDC,video,Video Manipulation,1,0,1,0,1,0,Reset Password,65.62,62.98,21.75,55,87.06,59.14,Medium,1
DIA-04543,ASVspoof2021-PA,audio,Replay,1,1,1,0,1,0,Change MFA,81.55,0,51.15,70,80.08,61.21,Medium,1
DIA-04544,Celeb-DF++,video,Video Manipulation,0,1,1,0,1,0,Access Internal Portal,31.43,19.54,41.53,35,18.85,29.69,Low,0
DIA-04545,Celeb-DF,video,Face Reenactment,0,1,0,0,1,0,Read Information,30.66,55.38,38.62,20,28.73,33.98,Low,0
DIA-04546,Celeb-DF,video,Face Swap,1,0,1,0,0,0,Create Privileged Account,69.53,71.43,15.48,95,79.35,64.79,Medium,1
DIA-04547,ASVspoof2021-PA,audio,Audio Manipulation,1,1,1,0,0,0,Create Privileged Account,67.28,17.14,18.9,95,87.72,58.33,Medium,1
DIA-04548,Celeb-DF,video,Face Swap,0,0,1,0,0,0,Reset Password,18.06,65.75,5.7,55,21.43,28.96,Low,0
DIA-04549,ASVspoof2021-DF,audio,Audio Manipulation,1,1,0,1,0,0,Change MFA,80.35,38.27,47.47,70,86.08,67.06,Medium,1
DIA-04550,Celeb-DF,video,Talking Face,1,1,0,0,0,0,Transfer Funds,57.32,50.2,12.4,100,73.93,56.99,Medium,1
DIA-04551,DFDC,video,Face Swap,1,1,0,0,1,0,Download Sensitive Data,63.11,40.73,31.47,75,97.16,62.02,Medium,1
DIA-04552,ASVspoof2021-DF,audio,Audio Manipulation,0,1,1,1,0,0,Read Information,41.34,20.11,43.51,20,26.61,32.44,Low,0
DIA-04553,DFDC,video,Face Swap,0,1,1,0,0,0,Download Sensitive Data,24.86,25.41,6.29,75,15.5,26.88,Low,0
DIA-04554,ASVspoof2021-DF,audio,Voice Conversion,0,1,1,1,1,1,Transfer Funds,38.5,23.8,100,100,14.51,53.02,Medium,0
DIA-04555,Celeb-DF,video,Face Reenactment,1,1,0,0,0,0,Access Internal Portal,52.57,40.26,16.38,35,88.23,47.98,Low,1
DIA-04556,ASVspoof2021-LA,audio,Replay,1,1,1,0,0,0,Transfer Funds,61.25,15.85,1.1,100,81.69,52.31,Medium,1
DIA-04557,ASVspoof2021-LA,audio,Replay,0,0,0,0,0,0,Create Privileged Account,21.67,91.91,8.67,95,26.22,41.52,Low,0
DIA-04558,ASVspoof2021-DF,audio,Replay,1,0,0,0,0,1,Read Information,70.54,98.99,44.62,20,76.34,63.2,Medium,1
DIA-04559,DFDC,video,Face Reenactment,0,1,1,1,0,0,Transfer Funds,9.52,11.69,40.27,100,17.1,31.08,Low,0
DIA-04560,ASVspoof2021-DF,audio,Replay,1,1,0,0,0,1,Approve Payment,79.36,42.8,48.14,80,82.52,68.36,Medium,1
DIA-04561,ASVspoof2021-PA,audio,TTS,0,0,1,1,0,1,Access Internal Portal,39.85,78.31,84.25,35,37.64,53.33,Medium,0
DIA-04562,Celeb-DF,video,Talking Face,1,1,1,1,0,1,Create Privileged Account,72.86,1.51,78.43,95,88.53,69.73,Medium,1
DIA-04563,Celeb-DF,video,Face Swap,1,0,1,0,0,1,Create Privileged Account,79.75,55.14,41.62,95,77.98,70.37,Medium,1
DIA-04564,ASVspoof2021-LA,audio,TTS,1,1,1,1,0,0,Download Sensitive Data,93.32,14.64,53.75,75,98.74,71.94,Medium,1
DIA-04565,DFDC,video,Talking Face,0,0,0,1,0,0,Transfer Funds,39.78,100,56.85,100,33.06,59.92,Medium,0
DIA-04566,ASVspoof2021-DF,audio,TTS,0,1,1,0,0,1,Transfer Funds,20.35,17.3,47.38,100,14.06,35.99,Low,0
DIA-04567,ASVspoof2021-LA,audio,Audio Manipulation,0,1,0,1,1,0,Reset Password,10.86,30.31,88.34,55,7.43,35.21,Low,0
DIA-04568,DFDC,video,Face Swap,1,1,0,1,0,1,Access Internal Portal,78.53,47.2,92.81,35,66.81,67.81,Medium,1
DIA-04569,ASVspoof2021-DF,audio,TTS,0,1,1,0,0,1,Create Privileged Account,48.82,30.27,48.86,95,34.11,50.03,Medium,0
DIA-04570,ASVspoof2021-DF,audio,Audio Manipulation,1,1,1,0,0,0,Transfer Funds,80.72,8.05,5.08,100,71.4,55.72,Medium,1
DIA-04571,Celeb-DF,video,Face Swap,1,0,1,0,0,0,Reset Password,65.93,64.2,17.92,55,83.05,57.85,Medium,1
DIA-04572,ASVspoof2021-LA,audio,Audio Manipulation,0,1,1,1,1,0,Download Sensitive Data,40.18,15.2,69.62,75,6.52,40.81,Low,0
DIA-04573,DFDC,video,Face Reenactment,0,1,1,0,1,0,Download Sensitive Data,30.86,13.99,40.23,75,35.92,37.84,Low,0
DIA-04574,Celeb-DF,video,Video Manipulation,0,1,0,1,0,0,Reset Password,2.11,49.62,32.89,55,24.54,27.81,Low,0
DIA-04575,ASVspoof2021-LA,audio,Audio Manipulation,1,1,0,1,0,0,Download Sensitive Data,82.68,42.27,46.54,75,90.37,69.78,Medium,1
DIA-04576,DFDC,video,Face Swap,1,1,1,0,0,1,Download Sensitive Data,72.31,12.67,35.22,75,94.51,60.79,Medium,1
DIA-04577,ASVspoof2021-LA,audio,Voice Conversion,0,1,0,1,0,1,Transfer Funds,18.47,35.28,83,100,15.43,45.52,Low,0
DIA-04578,DFDC,video,Talking Face,1,0,1,0,0,0,Reset Password,67,57.78,0,55,76.33,52.28,Medium,1
DIA-04579,Celeb-DF++,video,Video Manipulation,0,0,0,0,0,1,Access Internal Portal,27.56,100,45.2,35,3.8,38.32,Low,0
DIA-04580,DFDC,video,Face Swap,0,1,0,0,1,0,Change MFA,9.26,45.02,38.27,70,21.44,31.97,Low,0
DIA-04581,ASVspoof2021-DF,audio,TTS,1,0,0,0,0,0,Access Internal Portal,64.68,94.28,5.45,35,74.09,54.7,Medium,1
DIA-04582,ASVspoof2021-LA,audio,Voice Conversion,1,1,1,0,1,1,Access Internal Portal,67.36,15.87,67.76,35,100,61.39,Medium,1
DIA-04583,ASVspoof2021-LA,audio,TTS,0,1,0,0,0,1,Approve Payment,31.75,39.14,46.54,80,9.93,38.69,Low,0
DIA-04584,ASVspoof2021-PA,audio,Voice Conversion,1,0,1,0,1,0,Create Privileged Account,62.68,55.88,34.67,95,91.78,66.73,Medium,1
DIA-04585,ASVspoof2021-DF,audio,TTS,1,0,1,0,1,0,Read Information,47.3,58.63,44.44,20,90.31,52.93,Medium,1
DIA-04586,ASVspoof2021-LA,audio,Audio Manipulation,1,1,1,0,0,0,Change MFA,61.08,13.37,5.2,70,70.21,45.91,Low,1
DIA-04587,Celeb-DF++,video,Video Manipulation,1,1,1,1,0,0,Access Internal Portal,60.59,13.23,53.76,35,78.1,51.78,Medium,1
DIA-04588,ASVspoof2021-PA,audio,TTS,0,1,1,0,0,0,Change MFA,3.77,14.9,11.82,70,10.87,18.4,Low,0
DIA-04589,ASVspoof2021-DF,audio,Replay,0,1,1,0,0,0,Download Sensitive Data,30.98,28.58,0,75,51.09,35.05,Low,0
DIA-04590,ASVspoof2021-PA,audio,Replay,1,1,0,0,0,1,Transfer Funds,79.84,37.71,45.61,100,84.75,70.68,Medium,1
DIA-04591,DFDC,video,Talking Face,1,1,1,0,1,0,Transfer Funds,55.36,8.9,34.39,100,70.6,53.94,Medium,1
DIA-04592,Celeb-DF++,video,Video Manipulation,0,0,0,0,0,0,Transfer Funds,4.04,95.42,6.55,100,17.43,35.32,Low,0
DIA-04593,ASVspoof2021-DF,audio,Replay,0,0,0,1,1,0,Change MFA,21.87,83.83,87.42,70,8.04,48.73,Low,0
DIA-04594,DFDC,video,Talking Face,0,1,1,0,0,0,Create Privileged Account,3.44,16.24,19,95,12.31,23.98,Low,0
DIA-04595,DFDC,video,Face Swap,0,0,0,0,0,0,Reset Password,15.34,89.2,4.66,55,11.74,29.51,Low,0
DIA-04596,ASVspoof2021-PA,audio,TTS,0,0,1,1,0,0,Read Information,23.78,71.8,54.45,20,22.61,36.32,Low,0
DIA-04597,Celeb-DF++,video,Talking Face,0,1,1,0,0,0,Transfer Funds,21.35,13.56,15.21,100,12.29,28.94,Low,0
DIA-04598,DFDC,video,Video Manipulation,0,1,0,0,0,0,Transfer Funds,21.74,38.87,11.02,100,11.17,31.79,Low,0
DIA-04599,Celeb-DF,video,Face Reenactment,1,0,0,1,0,0,Access Internal Portal,62.41,100,42.31,35,92.31,65.9,Medium,1
DIA-04600,Celeb-DF,video,Talking Face,1,0,1,0,0,0,Access Internal Portal,66.78,75.88,3.33,35,86.3,54.59,Medium,1
DIA-04601,ASVspoof2021-DF,audio,TTS,0,1,0,0,0,1,Transfer Funds,37.09,56.27,48.7,100,21.53,48.61,Low,0
DIA-04602,ASVspoof2021-PA,audio,Voice Conversion,0,1,1,0,0,1,Change MFA,0,20.55,48.55,70,0,23.29,Low,0
DIA-04603,ASVspoof2021-PA,audio,Audio Manipulation,0,0,0,1,0,0,Create Privileged Account,26.58,93.04,48,95,24.24,50.63,Medium,0
DIA-04604,ASVspoof2021-DF,audio,Replay,1,0,1,1,0,0,Transfer Funds,58.04,64.94,59.21,100,77.27,69.45,Medium,1
DIA-04605,ASVspoof2021-DF,audio,TTS,1,1,1,0,1,0,Download Sensitive Data,81.44,17.77,45.45,75,89.87,65.41,Medium,1
DIA-04606,Celeb-DF,video,Video Manipulation,1,1,0,0,0,0,Read Information,74.99,51.69,20.37,20,69.15,51.15,Medium,1
DIA-04607,ASVspoof2021-LA,audio,Audio Manipulation,1,0,1,0,0,0,Download Sensitive Data,74.64,76.85,20.4,75,88.15,66.88,Medium,1
DIA-04608,DFDC,video,Face Reenactment,0,1,1,0,0,0,Access Internal Portal,8.61,9.3,9.89,35,15.89,14.38,Low,0
DIA-04609,DFDC,video,Face Reenactment,0,1,0,1,0,0,Approve Payment,25.9,43.62,40.66,80,16.41,37.73,Low,0
DIA-04610,ASVspoof2021-PA,audio,Replay,0,1,0,0,0,0,Download Sensitive Data,22.13,41.78,7.74,75,9.56,27.62,Low,0
DIA-04611,ASVspoof2021-LA,audio,Audio Manipulation,0,1,1,1,0,1,Change MFA,1.92,23.39,84.2,70,22.97,36.02,Low,0
DIA-04612,Celeb-DF,video,Face Reenactment,0,0,0,1,1,0,Change MFA,24.61,97.41,70.59,70,11.43,48.9,Low,0
DIA-04613,ASVspoof2021-DF,audio,TTS,1,1,1,0,0,0,Transfer Funds,72.75,17.11,7.33,100,93.38,59.53,Medium,1
DIA-04614,Celeb-DF++,video,Face Swap,0,0,1,0,0,0,Change MFA,2.45,60.55,1.91,70,22.04,25.11,Low,0
DIA-04615,Celeb-DF,video,Video Manipulation,1,1,1,0,0,1,Create Privileged Account,77.62,21.34,50,95,78.92,66.52,Medium,1
DIA-04616,Celeb-DF,video,Video Manipulation,0,0,1,0,1,0,Create Privileged Account,19.1,58.88,46.4,95,23.51,42.79,Low,0
DIA-04617,DFDC,video,Video Manipulation,0,1,1,0,0,0,Transfer Funds,33.19,15.72,26.67,100,16.43,35.94,Low,0
DIA-04618,ASVspoof2021-DF,audio,TTS,1,1,0,1,1,0,Transfer Funds,66.46,35.59,76.74,100,89.36,73.5,Medium,1
DIA-04619,Celeb-DF++,video,Face Swap,0,0,0,0,1,0,Download Sensitive Data,19.95,90.12,33.8,75,8.57,39.23,Low,0
DIA-04620,Celeb-DF++,video,Face Reenactment,0,0,1,0,0,1,Transfer Funds,26.75,74.66,44.74,100,17.65,46.7,Low,0
DIA-04621,DFDC,video,Face Swap,0,1,1,0,0,1,Approve Payment,0,14.97,54.53,80,12.69,27.69,Low,0
DIA-04622,ASVspoof2021-PA,audio,Voice Conversion,1,1,0,0,0,0,Read Information,62.1,20.85,19.41,20,82.26,45.09,Low,1
DIA-04623,ASVspoof2021-DF,audio,Replay,0,1,0,0,1,0,Read Information,18.95,38.42,33.32,20,20.17,25.15,Low,0
DIA-04624,ASVspoof2021-PA,audio,Voice Conversion,1,0,1,0,1,0,Approve Payment,40.08,66.89,43.42,80,69.74,56.69,Medium,1
DIA-04625,DFDC,video,Face Swap,1,1,1,0,1,0,Download Sensitive Data,73.42,25.06,36.13,75,80.38,60.34,Medium,1
DIA-04626,ASVspoof2021-DF,audio,Voice Conversion,1,0,1,0,1,1,Create Privileged Account,71.94,60.06,64.85,95,91.41,76.09,High,1
DIA-04627,ASVspoof2021-LA,audio,Replay,0,1,1,0,0,0,Download Sensitive Data,18.88,30.34,8.92,75,13.01,25.85,Low,0
DIA-04628,Celeb-DF,video,Talking Face,1,0,1,0,0,1,Access Internal Portal,78.93,76.85,56.92,35,82.26,68.29,Medium,1
DIA-04629,DFDC,video,Face Reenactment,0,1,1,1,0,1,Create Privileged Account,23.48,12.78,90.05,95,10.29,43.28,Low,0
DIA-04630,Celeb-DF,video,Face Reenactment,1,1,0,0,0,0,Change MFA,66.48,36.65,6.45,70,79.48,53.13,Medium,1
DIA-04631,Celeb-DF,video,Talking Face,1,0,0,1,0,0,Transfer Funds,80.52,89.89,56.56,100,77.89,79.53,High,1
DIA-04632,Celeb-DF++,video,Face Swap,0,1,1,0,0,0,Read Information,18.61,17.55,15,20,23.22,18.86,Low,0
DIA-04633,Celeb-DF,video,Video Manipulation,0,0,1,0,0,0,Read Information,0,63.7,7.83,20,7.96,15.71,Low,0
DIA-04634,Celeb-DF,video,Video Manipulation,1,1,1,0,0,0,Access Internal Portal,66.57,14.06,4.77,35,73.89,43.06,Low,1
DIA-04635,ASVspoof2021-DF,audio,TTS,1,1,1,0,0,0,Transfer Funds,66.7,6.31,2.22,100,81.85,52.77,Medium,1
DIA-04636,DFDC,video,Video Manipulation,1,0,1,1,0,0,Access Internal Portal,80.91,75.7,38.49,35,74.66,63.51,Medium,1
DIA-04637,Celeb-DF,video,Face Swap,0,1,0,0,0,0,Approve Payment,14.22,41.36,5.42,80,7.85,25.12,Low,0
DIA-04638,ASVspoof2021-DF,audio,Voice Conversion,1,1,1,0,0,1,Approve Payment,60.24,11.26,43.76,80,94.25,59.36,Medium,1
DIA-04639,DFDC,video,Talking Face,1,1,0,0,0,0,Transfer Funds,55.28,38.07,18.82,100,71.03,55.26,Medium,1
DIA-04640,DFDC,video,Face Reenactment,1,1,1,0,0,0,Download Sensitive Data,81.87,9.46,15.77,75,86.18,57.62,Medium,1
DIA-04641,DFDC,video,Face Swap,0,0,1,1,0,0,Read Information,26.18,72.51,51.38,20,38.4,39.69,Low,0
DIA-04642,DFDC,video,Face Swap,1,1,0,0,0,0,Read Information,81.31,29.96,0,20,89.57,49.8,Low,1
DIA-04643,Celeb-DF++,video,Talking Face,1,1,0,1,0,1,Read Information,92.9,47.22,87.07,20,85.63,72.49,Medium,1
DIA-04644,DFDC,video,Face Swap,0,1,1,0,0,0,Download Sensitive Data,9.82,16.39,0,75,0,16.65,Low,0
DIA-04645,Celeb-DF,video,Face Reenactment,0,1,0,1,0,0,Change MFA,13.98,36.41,56.11,70,17,34.78,Low,0
DIA-04646,ASVspoof2021-PA,audio,Voice Conversion,0,0,1,0,0,0,Read Information,16.6,74.7,16.31,20,9.24,24.3,Low,0
DIA-04647,ASVspoof2021-PA,audio,Audio Manipulation,0,0,0,1,1,1,Read Information,34.76,98.11,100,20,25.71,53.29,Medium,0
DIA-04648,DFDC,video,Video Manipulation,1,1,1,0,0,0,Access Internal Portal,50.58,6.63,15.72,35,73.56,39.27,Low,1
DIA-04649,Celeb-DF,video,Video Manipulation,0,1,1,1,0,1,Change MFA,33,25.46,92.1,70,22.75,47.19,Low,0
DIA-04650,Celeb-DF++,video,Talking Face,1,1,0,0,1,0,Transfer Funds,70.45,20.03,35.77,100,97.63,65.82,Medium,1
DIA-04651,ASVspoof2021-LA,audio,Replay,0,0,0,0,0,1,Create Privileged Account,10.62,100,43.99,95,20.7,45.37,Low,0
DIA-04652,ASVspoof2021-LA,audio,Voice Conversion,1,1,0,1,0,0,Change MFA,59.01,38.69,40.7,70,69.89,56.12,Medium,1
DIA-04653,DFDC,video,Face Swap,1,1,1,0,0,1,Reset Password,75.89,22.92,42.51,55,86.77,60.31,Medium,1
DIA-04654,DFDC,video,Video Manipulation,1,1,0,0,0,0,Create Privileged Account,88.8,51.52,3.02,95,97.87,68.8,Medium,1
DIA-04655,Celeb-DF++,video,Face Reenactment,1,0,1,0,0,0,Transfer Funds,62.76,66.58,2.95,100,69.01,58.21,Medium,1
DIA-04656,ASVspoof2021-LA,audio,Voice Conversion,0,1,1,1,0,0,Reset Password,26.63,11.96,44.87,55,33.84,33.78,Low,0
DIA-04657,ASVspoof2021-PA,audio,TTS,1,1,1,0,0,0,Change MFA,59.34,17.52,0,70,83.1,47.55,Low,1
DIA-04658,DFDC,video,Face Reenactment,1,0,1,0,0,0,Read Information,68.6,60.93,16.86,20,89.34,53.96,Medium,1
DIA-04659,ASVspoof2021-DF,audio,Replay,0,0,1,1,1,0,Access Internal Portal,16.12,67.35,76.53,35,12.94,38.08,Low,0
DIA-04660,DFDC,video,Face Reenactment,1,1,1,0,0,1,Transfer Funds,68.15,11.67,53.13,100,84.45,64.71,Medium,1
DIA-04661,ASVspoof2021-DF,audio,Replay,0,0,1,0,1,0,Access Internal Portal,44.94,60.51,40.61,35,15.19,38.97,Low,0
DIA-04662,ASVspoof2021-PA,audio,TTS,1,1,1,0,0,0,Access Internal Portal,67.18,11.25,13.49,35,97.72,49.33,Low,1
DIA-04663,Celeb-DF++,video,Face Swap,0,1,1,0,0,0,Reset Password,0.79,21.02,15.56,55,28.34,20.42,Low,0
DIA-04664,DFDC,video,Video Manipulation,1,1,1,0,0,0,Reset Password,73.07,20.45,11.06,55,100,55.45,Medium,1
DIA-04665,ASVspoof2021-DF,audio,Voice Conversion,0,0,1,0,0,0,Access Internal Portal,30.42,68.58,19.14,35,3.71,29.23,Low,0
DIA-04666,Celeb-DF++,video,Face Reenactment,0,0,1,0,0,0,Approve Payment,25.43,70.5,6.43,80,21.32,35.75,Low,0
DIA-04667,ASVspoof2021-LA,audio,Voice Conversion,0,1,1,0,0,0,Download Sensitive Data,16.06,12.57,9.86,75,19.9,23.91,Low,0
DIA-04668,Celeb-DF,video,Talking Face,1,1,0,1,0,1,Download Sensitive Data,65.91,25.91,83.05,75,77.13,66.95,Medium,1
DIA-04669,ASVspoof2021-LA,audio,Replay,0,0,0,0,0,0,Transfer Funds,8.18,86.87,24.12,100,17.4,38.79,Low,0
DIA-04670,Celeb-DF,video,Face Reenactment,1,1,1,0,0,0,Transfer Funds,63.91,22.67,5.58,100,70.05,52.7,Medium,1
DIA-04671,DFDC,video,Video Manipulation,1,1,0,0,0,0,Reset Password,61.96,49.58,19.01,55,95.74,57.22,Medium,1
DIA-04672,Celeb-DF,video,Video Manipulation,1,0,1,0,0,0,Transfer Funds,59.86,63.13,0.46,100,68.17,56.15,Medium,1
DIA-04673,DFDC,video,Face Swap,0,1,0,1,0,1,Approve Payment,41.37,48.95,85.7,80,24.6,53.81,Medium,0
DIA-04674,Celeb-DF,video,Talking Face,1,1,1,0,0,1,Access Internal Portal,81.13,5.39,43.73,35,94.39,58.02,Medium,1
DIA-04675,ASVspoof2021-DF,audio,Audio Manipulation,1,1,1,0,0,1,Reset Password,84.94,10.86,37.85,55,82.84,59.5,Medium,1
DIA-04676,DFDC,video,Face Reenactment,0,1,1,0,0,0,Access Internal Portal,9.33,14.05,5.35,35,26.69,16.56,Low,0
DIA-04677,DFDC,video,Face Swap,0,1,0,0,1,0,Create Privileged Account,7.87,37.81,38.52,95,0,29.99,Low,0
DIA-04678,DFDC,video,Face Swap,1,0,1,0,0,0,Approve Payment,66.85,64.46,7.64,80,83.44,59.94,Medium,1
DIA-04679,DFDC,video,Talking Face,0,0,1,0,0,0,Create Privileged Account,22.56,71.01,3.24,95,2.46,32.81,Low,0
DIA-04680,ASVspoof2021-LA,audio,Audio Manipulation,0,1,1,0,1,0,Access Internal Portal,18.79,21.21,41.28,35,9.74,24.27,Low,0
DIA-04681,ASVspoof2021-PA,audio,TTS,0,0,0,0,0,0,Download Sensitive Data,21.82,83.37,9.85,75,13.01,34.87,Low,0
DIA-04682,DFDC,video,Talking Face,1,1,1,0,0,0,Download Sensitive Data,83.44,16.01,12.32,75,82.87,57.72,Medium,1
DIA-04683,ASVspoof2021-LA,audio,Voice Conversion,1,0,0,0,0,0,Approve Payment,63.6,100,17.65,80,94.34,68.48,Medium,1
DIA-04684,ASVspoof2021-DF,audio,Voice Conversion,1,1,1,1,0,0,Reset Password,79.88,11.7,60.82,55,76.42,61.42,Medium,1
DIA-04685,ASVspoof2021-PA,audio,Replay,1,1,0,0,0,0,Read Information,71.7,35.62,0,20,70.94,44.04,Low,1
DIA-04686,Celeb-DF,video,Video Manipulation,0,1,1,1,1,0,Transfer Funds,24.05,8.19,74.25,100,14.13,41.12,Low,0
DIA-04687,Celeb-DF,video,Face Swap,0,1,1,0,0,0,Change MFA,26.37,31,0,70,19.61,26.98,Low,0
DIA-04688,Celeb-DF++,video,Face Swap,0,0,1,0,0,0,Transfer Funds,9.55,81.95,29.08,100,18.92,39.76,Low,0
DIA-04689,ASVspoof2021-LA,audio,Voice Conversion,0,1,1,0,0,0,Change MFA,7.34,12.64,11.06,70,24.22,21.65,Low,0
DIA-04690,ASVspoof2021-DF,audio,Voice Conversion,0,1,1,0,0,0,Reset Password,22.76,24.44,16.81,55,0,22.11,Low,0
DIA-04691,Celeb-DF++,video,Talking Face,1,1,1,0,1,1,Change MFA,52.98,10.79,65.61,70,95.44,60.22,Medium,1
DIA-04692,Celeb-DF,video,Talking Face,0,1,1,0,1,1,Read Information,28.63,13.76,67.51,20,11.79,29.51,Low,0
DIA-04693,ASVspoof2021-DF,audio,TTS,0,1,1,0,1,0,Download Sensitive Data,5.59,6.52,42.7,75,10.89,24.62,Low,0
DIA-04694,ASVspoof2021-LA,audio,Voice Conversion,0,1,1,0,0,0,Transfer Funds,34.7,0.26,13.61,100,20.88,32.35,Low,0
DIA-04695,Celeb-DF,video,Talking Face,0,1,1,0,1,1,Reset Password,18.64,10.36,81.74,55,0,31.74,Low,0
DIA-04696,ASVspoof2021-DF,audio,Voice Conversion,0,0,0,1,0,1,Access Internal Portal,43.99,91.6,79.16,35,19.1,51.84,Medium,0
DIA-04697,Celeb-DF++,video,Talking Face,0,1,1,0,0,0,Access Internal Portal,15.68,18.41,8.47,35,24.85,19.38,Low,0
DIA-04698,Celeb-DF++,video,Face Reenactment,0,1,1,0,0,1,Access Internal Portal,20.21,20.24,48.59,35,22.74,28.62,Low,0
DIA-04699,Celeb-DF++,video,Face Reenactment,1,1,1,1,0,1,Change MFA,85.53,14.02,89.66,70,83.88,72.97,Medium,1
DIA-04700,ASVspoof2021-LA,audio,TTS,1,0,0,0,0,1,Reset Password,74.22,87.07,47.93,55,87.47,70.66,Medium,1
DIA-04701,ASVspoof2021-PA,audio,TTS,1,0,0,0,0,0,Approve Payment,65.27,89.74,0.74,80,87.47,62.68,Medium,1
DIA-04702,Celeb-DF++,video,Face Swap,1,1,0,1,1,0,Reset Password,66.55,52.73,68.4,55,81.31,66.07,Medium,1
DIA-04703,Celeb-DF,video,Talking Face,1,1,1,0,0,0,Reset Password,61.66,20.03,12.39,55,86.85,49.6,Low,1
DIA-04704,Celeb-DF,video,Face Swap,1,1,1,0,0,0,Access Internal Portal,91.93,26.38,0,35,82.78,53.34,Medium,1
DIA-04705,DFDC,video,Talking Face,1,1,1,1,0,0,Download Sensitive Data,52.57,29.22,43.8,75,71.63,54.49,Medium,1
DIA-04706,Celeb-DF,video,Video Manipulation,1,0,0,0,0,0,Reset Password,52.77,89.74,10.26,55,77.52,55.1,Medium,1
DIA-04707,DFDC,video,Talking Face,0,0,1,0,0,1,Approve Payment,35.95,76.56,39.57,80,0,42.18,Low,0
DIA-04708,Celeb-DF++,video,Talking Face,0,1,1,0,0,0,Read Information,30.12,7.78,11.6,20,25.77,20.68,Low,0
DIA-04709,DFDC,video,Face Swap,0,0,1,1,0,0,Approve Payment,12.85,78.27,49.37,80,15.96,40.66,Low,0
DIA-04710,Celeb-DF,video,Face Reenactment,0,0,0,0,0,0,Create Privileged Account,0,100,4.48,95,10,32.15,Low,0
DIA-04711,ASVspoof2021-LA,audio,Audio Manipulation,1,0,1,0,1,1,Approve Payment,85,53.09,64.65,80,95.42,77.48,High,1
DIA-04712,Celeb-DF,video,Face Reenactment,0,0,0,0,1,1,Reset Password,11.49,98.22,78.95,55,18.36,45.89,Low,0
DIA-04713,ASVspoof2021-DF,audio,Audio Manipulation,1,1,1,0,0,0,Approve Payment,60.6,8.15,12.69,80,91.72,52.28,Medium,1
DIA-04714,ASVspoof2021-PA,audio,Replay,1,0,0,0,0,0,Create Privileged Account,67.06,92.28,11.73,95,97.98,70.15,Medium,1
DIA-04715,ASVspoof2021-DF,audio,Voice Conversion,0,1,1,1,0,0,Download Sensitive Data,11.2,9.72,50.38,75,17.78,29.7,Low,0
DIA-04716,DFDC,video,Face Swap,0,1,1,0,0,0,Approve Payment,28.17,22.26,3.65,80,12.56,27.03,Low,0
DIA-04717,Celeb-DF,video,Face Swap,0,1,0,0,1,1,Create Privileged Account,23.23,34.53,66.05,95,24.33,44.47,Low,0
DIA-04718,ASVspoof2021-DF,audio,Voice Conversion,0,0,1,0,0,1,Change MFA,13.3,59.77,28.19,70,8.88,30.87,Low,0
DIA-04719,Celeb-DF++,video,Face Reenactment,1,1,1,1,0,0,Access Internal Portal,62.27,8.54,45.54,35,75.71,49.46,Low,1
DIA-04720,DFDC,video,Talking Face,1,1,1,0,0,0,Transfer Funds,80.27,13.28,5.66,100,84.43,59.09,Medium,1
DIA-04721,Celeb-DF++,video,Talking Face,1,0,1,0,1,0,Reset Password,62.93,73.28,38.84,55,93.16,64.52,Medium,1
DIA-04722,ASVspoof2021-DF,audio,Voice Conversion,1,1,1,0,1,0,Change MFA,72.76,24.57,30.78,70,91.94,60.56,Medium,1
DIA-04723,Celeb-DF,video,Talking Face,1,1,1,0,0,0,Download Sensitive Data,65.89,19.11,15.5,75,91.45,55.27,Medium,1
DIA-04724,ASVspoof2021-DF,audio,Audio Manipulation,1,1,1,0,1,0,Access Internal Portal,46.7,19.67,33.18,35,79.78,44.8,Low,1
DIA-04725,DFDC,video,Talking Face,0,0,1,0,0,1,Reset Password,31.22,75.91,46.04,55,24.93,43.2,Low,0
DIA-04726,Celeb-DF,video,Video Manipulation,0,1,1,0,0,0,Download Sensitive Data,29.81,21.54,9.78,75,24.86,30.35,Low,0
DIA-04727,ASVspoof2021-LA,audio,Voice Conversion,0,1,1,0,0,0,Approve Payment,38.27,23.27,14.9,80,15.37,33.03,Low,0
DIA-04728,Celeb-DF,video,Video Manipulation,1,1,1,0,0,0,Access Internal Portal,45.09,35.04,18.44,35,83.57,44.44,Low,1
DIA-04729,ASVspoof2021-DF,audio,Voice Conversion,1,0,1,0,0,1,Create Privileged Account,36.26,76.41,38.09,95,76.03,59.41,Medium,1
DIA-04730,Celeb-DF++,video,Face Swap,1,0,0,0,0,1,Reset Password,78.03,97.29,57.32,55,82.86,74.29,Medium,1
DIA-04731,Celeb-DF,video,Face Swap,1,1,0,0,0,1,Transfer Funds,64.41,36.28,39,100,79.89,63.54,Medium,1
DIA-04732,ASVspoof2021-PA,audio,TTS,1,0,1,0,0,0,Transfer Funds,50.27,72.48,8.71,100,74.6,57.62,Medium,1
DIA-04733,Celeb-DF,video,Video Manipulation,0,0,0,1,0,0,Approve Payment,24.18,100,46.3,80,15.52,46.62,Low,0
DIA-04734,DFDC,video,Face Swap,0,0,1,0,0,0,Transfer Funds,13.06,60.25,20.55,100,15.19,35.1,Low,0
DIA-04735,ASVspoof2021-PA,audio,Audio Manipulation,1,1,1,0,0,1,Access Internal Portal,56.96,25.07,37.57,35,87.23,51.06,Medium,1
DIA-04736,ASVspoof2021-LA,audio,Audio Manipulation,1,1,1,0,0,0,Change MFA,65.09,11.59,15.02,70,96.86,54.14,Medium,1
DIA-04737,ASVspoof2021-DF,audio,Voice Conversion,1,0,1,0,0,0,Access Internal Portal,72.23,68.14,0,35,90.17,55.17,Medium,1
DIA-04738,DFDC,video,Video Manipulation,0,1,1,0,1,0,Change MFA,19.92,19.17,40.7,70,18.04,31.1,Low,0
DIA-04739,DFDC,video,Video Manipulation,1,1,1,0,0,0,Download Sensitive Data,68.01,10.79,8.66,75,66,48.2,Low,1
DIA-04740,ASVspoof2021-DF,audio,Audio Manipulation,1,1,1,0,0,0,Download Sensitive Data,70.88,18.67,7.38,75,100,56.79,Medium,1
DIA-04741,DFDC,video,Face Reenactment,1,1,1,0,0,0,Read Information,47.39,5.78,5.16,20,72.48,33.61,Low,1
DIA-04742,DFDC,video,Face Reenactment,0,1,1,0,0,0,Read Information,17.44,22.01,9.53,20,10.28,15.5,Low,0
DIA-04743,ASVspoof2021-LA,audio,TTS,1,1,1,0,0,0,Transfer Funds,68.64,16.57,7.52,100,95.54,58.69,Medium,1
DIA-04744,Celeb-DF,video,Video Manipulation,1,1,1,0,0,0,Reset Password,61.84,14.97,0,55,72.55,43.56,Low,1
DIA-04745,DFDC,video,Video Manipulation,1,0,0,0,0,0,Change MFA,56.88,97.2,4.51,70,84.57,59.96,Medium,1
DIA-04746,DFDC,video,Talking Face,1,1,1,0,1,0,Download Sensitive Data,57.79,14.84,40.59,75,77.28,54.39,Medium,1
DIA-04747,Celeb-DF++,video,Face Swap,1,1,1,0,0,0,Access Internal Portal,62.77,18.53,7.18,35,80.42,44.38,Low,1
DIA-04748,ASVspoof2021-DF,audio,Audio Manipulation,1,1,1,0,0,0,Reset Password,76.06,13.34,4.47,55,86.46,51.26,Medium,1
DIA-04749,ASVspoof2021-LA,audio,Voice Conversion,1,1,0,0,0,0,Download Sensitive Data,82.8,37.67,10.33,75,76.96,59.2,Medium,1
DIA-04750,DFDC,video,Talking Face,0,0,1,0,1,0,Access Internal Portal,32.56,55.86,38.42,35,19.03,34.89,Low,0
DIA-04751,DFDC,video,Talking Face,0,1,1,0,0,0,Create Privileged Account,0.83,25.92,14.55,95,21.44,25.58,Low,0
DIA-04752,Celeb-DF++,video,Face Swap,0,0,0,1,0,0,Approve Payment,12.67,85.7,52.37,80,14.5,42.03,Low,0
DIA-04753,Celeb-DF,video,Face Swap,1,0,1,0,0,0,Transfer Funds,73.23,82.92,18.46,100,100,73.1,Medium,1
DIA-04754,Celeb-DF++,video,Face Swap,0,1,0,1,0,0,Download Sensitive Data,37.31,38.06,50.34,75,22.15,42.65,Low,0
DIA-04755,ASVspoof2021-PA,audio,Audio Manipulation,0,1,1,0,0,1,Create Privileged Account,12.37,24.74,43.35,95,4.32,31.21,Low,0
DIA-04756,ASVspoof2021-DF,audio,Audio Manipulation,1,1,0,0,0,0,Reset Password,68.02,48.34,16.11,55,79.31,54.99,Medium,1
DIA-04757,Celeb-DF++,video,Face Reenactment,1,1,1,0,0,0,Approve Payment,53.55,22.7,5.04,80,62.98,45.07,Low,1
DIA-04758,ASVspoof2021-PA,audio,Voice Conversion,0,1,1,0,0,0,Transfer Funds,21.04,15.37,7.17,100,26.96,30.44,Low,0
DIA-04759,DFDC,video,Face Reenactment,0,1,1,0,0,1,Create Privileged Account,15.92,5.44,33.85,95,30.43,32.7,Low,0
DIA-04760,ASVspoof2021-PA,audio,Voice Conversion,1,1,1,1,1,0,Create Privileged Account,73.01,13.54,87.7,95,92.84,74.29,Medium,1
DIA-04761,Celeb-DF++,video,Talking Face,0,1,1,1,0,0,Change MFA,9.67,12.48,64.6,70,6.86,29.56,Low,0
DIA-04762,Celeb-DF++,video,Face Reenactment,0,1,0,0,1,0,Download Sensitive Data,0.03,39.18,33.77,75,4.15,24.72,Low,0
DIA-04763,ASVspoof2021-PA,audio,Replay,0,1,0,0,0,0,Download Sensitive Data,52.08,30.18,15.34,75,31.65,40.8,Low,0
DIA-04764,Celeb-DF++,video,Face Reenactment,0,1,0,0,0,0,Access Internal Portal,18.76,37.71,14.9,35,12,21.91,Low,0
DIA-04765,Celeb-DF++,video,Talking Face,1,0,1,0,0,0,Reset Password,89.48,46.62,11.33,55,81.62,60.68,Medium,1
DIA-04766,Celeb-DF,video,Video Manipulation,0,1,0,0,0,0,Approve Payment,34.6,37.6,18.51,80,11.9,34.1,Low,0
DIA-04767,ASVspoof2021-DF,audio,TTS,1,1,0,0,0,0,Approve Payment,48.01,41.01,1.15,80,95.82,51.95,Medium,1
DIA-04768,ASVspoof2021-DF,audio,TTS,0,1,1,0,0,0,Approve Payment,21.98,8.74,8.71,80,13.32,24.31,Low,0
DIA-04769,DFDC,video,Talking Face,0,0,1,1,0,1,Download Sensitive Data,13.76,67.84,70.39,75,22.93,44.22,Low,0
DIA-04770,ASVspoof2021-DF,audio,TTS,0,0,1,0,0,0,Download Sensitive Data,14.74,71.3,2.92,75,20.63,31.08,Low,0
DIA-04771,ASVspoof2021-DF,audio,TTS,1,1,1,0,1,0,Download Sensitive Data,45.27,23.1,23.62,75,70.68,47.16,Low,1
DIA-04772,Celeb-DF,video,Video Manipulation,0,1,1,0,0,0,Approve Payment,0.68,23.44,0,80,12.54,18.23,Low,0
DIA-04773,DFDC,video,Face Reenactment,0,1,1,0,1,0,Reset Password,8.6,17.44,31.53,55,5.14,20.78,Low,0
DIA-04774,Celeb-DF++,video,Talking Face,0,1,1,0,1,1,Access Internal Portal,17,14.76,72.55,35,29.28,32.93,Low,0
DIA-04775,DFDC,video,Video Manipulation,1,1,1,0,0,0,Approve Payment,66.43,17.84,5.34,80,75.41,50.76,Medium,1
DIA-04776,DFDC,video,Face Swap,0,1,0,0,0,0,Reset Password,6.6,54.4,6.18,55,16.94,23.01,Low,0
DIA-04777,Celeb-DF++,video,Face Reenactment,1,0,1,0,0,1,Create Privileged Account,72.64,74.01,39.86,95,80.71,71.26,Medium,1
DIA-04778,DFDC,video,Face Swap,1,1,0,0,0,1,Transfer Funds,83.49,42.09,45.98,100,79.55,71.47,Medium,1
DIA-04779,Celeb-DF,video,Face Reenactment,1,1,1,0,1,0,Change MFA,69.01,23.58,30.77,70,93.95,59.68,Medium,1
DIA-04780,ASVspoof2021-DF,audio,TTS,1,1,0,0,1,0,Access Internal Portal,65.26,40.38,27.95,35,78.62,52.2,Medium,1
DIA-04781,Celeb-DF,video,Video Manipulation,0,1,0,0,0,0,Read Information,21.76,33.17,16.53,20,0.97,18,Low,0
DIA-04782,ASVspoof2021-PA,audio,Voice Conversion,1,0,0,0,1,1,Download Sensitive Data,55.22,98.67,63.89,75,84.62,72.32,Medium,1
DIA-04783,ASVspoof2021-PA,audio,TTS,1,0,1,0,0,0,Transfer Funds,76.47,71.36,1.1,100,79.75,64.82,Medium,1
DIA-04784,ASVspoof2021-DF,audio,TTS,0,1,1,0,0,1,Transfer Funds,9.83,13.25,50.18,100,15.87,33.15,Low,0
DIA-04785,ASVspoof2021-PA,audio,TTS,1,0,1,0,0,0,Transfer Funds,83.07,74.35,0,100,95.47,70.17,Medium,1
DIA-04786,ASVspoof2021-LA,audio,TTS,0,1,1,0,0,1,Read Information,31.48,0.5,53.61,20,23.08,27.86,Low,0
DIA-04787,Celeb-DF,video,Face Swap,1,1,0,0,0,0,Read Information,72.12,35.67,2.82,20,93.03,49.16,Low,1
DIA-04788,ASVspoof2021-LA,audio,Replay,1,1,1,0,0,1,Transfer Funds,77.6,7.97,45.56,100,74.72,63.53,Medium,1
DIA-04789,DFDC,video,Video Manipulation,1,1,1,1,0,1,Approve Payment,75.98,8.8,78.04,80,96.78,71.08,Medium,1
DIA-04790,ASVspoof2021-DF,audio,Audio Manipulation,0,1,0,0,1,1,Transfer Funds,14.35,38.77,70.09,100,12.91,41.72,Low,0
DIA-04791,Celeb-DF++,video,Video Manipulation,1,1,1,0,0,1,Transfer Funds,60.64,7.72,41.35,100,69.32,56.48,Medium,1
DIA-04792,DFDC,video,Video Manipulation,1,1,0,0,0,1,Approve Payment,90.27,53.42,38.12,80,67.48,68.21,Medium,1
DIA-04793,Celeb-DF,video,Face Reenactment,0,0,1,0,0,0,Change MFA,19.14,73.61,0,70,14.01,30.09,Low,0
DIA-04794,ASVspoof2021-PA,audio,Voice Conversion,1,1,1,0,0,0,Approve Payment,53.74,8.65,6.21,80,73.36,45.33,Low,1
DIA-04795,Celeb-DF,video,Talking Face,1,1,1,0,0,1,Approve Payment,76.68,1.08,48.33,80,79.23,60.68,Medium,1
DIA-04796,DFDC,video,Face Reenactment,1,0,1,0,0,0,Create Privileged Account,69.77,65.33,14.72,95,87.45,65.41,Medium,1
DIA-04797,DFDC,video,Talking Face,1,1,0,0,0,0,Create Privileged Account,62.38,37.36,4.97,95,98.08,59.18,Medium,1
DIA-04798,Celeb-DF++,video,Video Manipulation,0,1,0,0,0,0,Access Internal Portal,8.12,34.92,4.99,35,5.92,15.11,Low,0
DIA-04799,ASVspoof2021-LA,audio,TTS,0,1,1,0,0,1,Transfer Funds,31.09,35.34,43.78,100,20.6,42.5,Low,0
DIA-04800,ASVspoof2021-LA,audio,Audio Manipulation,0,1,1,1,0,0,Approve Payment,33.41,1.77,50.01,80,15.24,35.34,Low,0
DIA-04801,Celeb-DF++,video,Video Manipulation,0,1,0,0,0,0,Approve Payment,21.55,40.41,9.98,80,8.5,28.22,Low,0
DIA-04802,DFDC,video,Talking Face,0,1,1,0,0,0,Reset Password,18.79,13.96,6.96,55,7.55,18.88,Low,0
DIA-04803,DFDC,video,Face Reenactment,1,1,1,0,0,1,Change MFA,62.39,13.01,42.44,70,97.38,59.13,Medium,1
DIA-04804,Celeb-DF++,video,Face Reenactment,0,1,1,0,1,0,Transfer Funds,23.28,0,32.99,100,17.94,32.17,Low,0
DIA-04805,ASVspoof2021-LA,audio,TTS,1,0,0,0,0,0,Access Internal Portal,59.02,94.66,0,35,80.04,53.16,Medium,1
DIA-04806,ASVspoof2021-DF,audio,Voice Conversion,0,0,1,0,0,0,Download Sensitive Data,4,71.44,7.16,75,6.83,25.96,Low,0
DIA-04807,Celeb-DF++,video,Talking Face,0,1,1,0,1,0,Transfer Funds,30.38,20.68,40.47,100,20.2,39.35,Low,0
DIA-04808,ASVspoof2021-DF,audio,Replay,1,0,0,0,0,1,Create Privileged Account,59.67,98.87,54.75,95,76.18,73.17,Medium,1
DIA-04809,Celeb-DF++,video,Face Swap,1,0,0,0,1,0,Access Internal Portal,45.13,100,43.24,35,95.65,61.57,Medium,1
DIA-04810,ASVspoof2021-DF,audio,Replay,0,0,1,0,0,0,Access Internal Portal,32.4,53.63,10.63,35,22.37,29.61,Low,0
DIA-04811,Celeb-DF++,video,Video Manipulation,1,0,1,0,0,0,Download Sensitive Data,46.81,68.12,1.68,75,79.96,51.84,Medium,1
DIA-04812,ASVspoof2021-DF,audio,TTS,0,1,0,0,1,0,Access Internal Portal,13.71,60.04,31.17,35,16.48,27.9,Low,0
DIA-04813,Celeb-DF++,video,Face Swap,0,1,1,1,0,1,Transfer Funds,15.95,23.48,79.67,100,27.76,44.79,Low,0
DIA-04814,ASVspoof2021-PA,audio,Audio Manipulation,0,0,0,1,0,0,Create Privileged Account,15.04,83.37,40.14,95,15.56,42.41,Low,0
DIA-04815,Celeb-DF++,video,Talking Face,1,1,1,1,0,0,Transfer Funds,95.46,15.71,43.41,100,86.58,71.99,Medium,1
DIA-04816,DFDC,video,Talking Face,0,0,1,0,0,0,Change MFA,16.88,61.62,4.9,70,17.67,29.32,Low,0
DIA-04817,DFDC,video,Video Manipulation,1,0,0,0,0,0,Reset Password,69.96,91.55,0.24,55,91.61,61.34,Medium,1
DIA-04818,Celeb-DF++,video,Talking Face,1,1,1,1,0,0,Download Sensitive Data,79.7,31,56.53,75,97.57,70.63,Medium,1
DIA-04819,ASVspoof2021-DF,audio,Replay,0,1,1,0,1,0,Read Information,10.88,22.67,39.26,20,16.66,20.85,Low,0
DIA-04820,ASVspoof2021-DF,audio,TTS,1,0,1,0,0,1,Approve Payment,82.83,57.84,44.66,80,89.77,72.41,Medium,1
DIA-04821,ASVspoof2021-DF,audio,Audio Manipulation,0,1,0,1,0,1,Create Privileged Account,32.14,33.88,87.67,95,28.97,52.3,Medium,0
DIA-04822,Celeb-DF,video,Video Manipulation,0,0,1,0,0,0,Access Internal Portal,26.29,70.01,12.14,35,0,26.07,Low,0
DIA-04823,ASVspoof2021-DF,audio,Voice Conversion,0,0,0,0,0,0,Access Internal Portal,10.03,92.89,4.87,35,15.3,26.23,Low,0
DIA-04824,ASVspoof2021-DF,audio,Replay,0,1,1,1,0,0,Reset Password,27.88,17.51,62.59,55,13.71,34.5,Low,0
DIA-04825,Celeb-DF++,video,Talking Face,0,1,1,1,0,1,Create Privileged Account,27.9,8.81,79.62,95,19.5,43.77,Low,0
DIA-04826,Celeb-DF++,video,Face Swap,0,1,0,0,1,0,Reset Password,30.43,37.07,23.32,55,22.81,32.17,Low,0
DIA-04827,DFDC,video,Face Swap,1,0,0,0,0,0,Approve Payment,60.06,88.71,11.13,80,93.22,64.19,Medium,1
DIA-04828,Celeb-DF++,video,Talking Face,0,1,0,0,0,0,Transfer Funds,40.35,37.06,13.95,100,9.63,37.38,Low,0
DIA-04829,ASVspoof2021-LA,audio,Replay,0,1,1,0,0,0,Change MFA,21.73,20.63,7.89,70,10.96,23.88,Low,0
DIA-04830,ASVspoof2021-PA,audio,Replay,1,1,1,0,0,0,Access Internal Portal,64.62,17.37,18.71,35,75.15,46.01,Low,1
DIA-04831,ASVspoof2021-DF,audio,Voice Conversion,0,1,1,0,0,1,Transfer Funds,20.34,9.39,46.26,100,11.62,34.09,Low,0
DIA-04832,Celeb-DF,video,Video Manipulation,1,1,1,0,0,0,Reset Password,65.92,24.06,4.26,55,71.15,46.72,Low,1
DIA-04833,ASVspoof2021-DF,audio,Voice Conversion,1,1,1,0,0,0,Download Sensitive Data,59.08,23.51,5.84,75,100,53.67,Medium,1
DIA-04834,ASVspoof2021-LA,audio,TTS,0,0,1,1,0,0,Transfer Funds,30.33,69.99,51.04,100,27.42,50.29,Medium,0
DIA-04835,Celeb-DF,video,Face Swap,0,1,1,1,1,0,Transfer Funds,22.87,12.94,75.56,100,10.74,41.06,Low,0
DIA-04836,ASVspoof2021-LA,audio,Audio Manipulation,0,0,1,0,1,0,Create Privileged Account,39.38,84.1,43.49,95,21.98,51.77,Medium,0
DIA-04837,DFDC,video,Talking Face,0,0,1,0,0,0,Reset Password,13.23,82.86,15.84,55,11.4,30.1,Low,0
DIA-04838,DFDC,video,Face Reenactment,1,1,1,0,0,0,Approve Payment,64.67,2.88,0,80,84.57,48.75,Low,1
DIA-04839,DFDC,video,Face Swap,1,1,1,0,1,0,Reset Password,61.22,24.55,33.82,55,75.4,52.14,Medium,1
DIA-04840,DFDC,video,Face Swap,1,1,1,0,0,0,Download Sensitive Data,86.56,28.79,1.3,75,74.93,56.78,Medium,1
DIA-04841,ASVspoof2021-LA,audio,TTS,0,1,1,0,0,0,Reset Password,2.1,20.25,20.21,55,7.37,17.43,Low,0
DIA-04842,Celeb-DF++,video,Face Swap,1,1,0,0,0,1,Create Privileged Account,72.03,36.26,38.19,95,97.44,68.42,Medium,1
DIA-04843,Celeb-DF,video,Talking Face,0,1,1,0,0,1,Create Privileged Account,26.44,12.23,46.41,95,5.25,34.35,Low,0
DIA-04844,Celeb-DF++,video,Face Swap,1,1,0,1,1,0,Transfer Funds,58.59,53.68,70.12,100,91.52,72.96,Medium,1
DIA-04845,Celeb-DF,video,Face Swap,1,1,1,1,0,0,Reset Password,100,21.68,36.15,55,97.04,68.14,Medium,1
DIA-04846,Celeb-DF,video,Face Reenactment,0,1,0,1,0,0,Transfer Funds,12.76,44.38,41.21,100,11.59,36.04,Low,0
DIA-04847,DFDC,video,Talking Face,0,1,0,1,0,0,Access Internal Portal,23.37,58.66,48.25,35,24.59,35.63,Low,0
DIA-04848,ASVspoof2021-DF,audio,Voice Conversion,0,1,0,0,0,1,Approve Payment,41.52,31.94,48.98,80,24.26,43.9,Low,0
DIA-04849,DFDC,video,Face Swap,1,1,0,1,1,0,Access Internal Portal,66.87,39.27,78.72,35,64.48,59.84,Medium,1
DIA-04850,ASVspoof2021-LA,audio,Replay,0,1,1,1,0,0,Approve Payment,24.58,16.52,40.68,80,14.5,32.89,Low,0
DIA-04851,DFDC,video,Face Reenactment,1,1,1,0,1,0,Create Privileged Account,62.21,13.31,37.19,95,79.17,58.18,Medium,1
DIA-04852,ASVspoof2021-DF,audio,TTS,1,1,1,0,0,1,Create Privileged Account,70.41,0.28,51.65,95,97.61,65.27,Medium,1
DIA-04853,ASVspoof2021-LA,audio,Replay,0,1,1,0,1,0,Reset Password,29.9,23.03,38.59,55,15.87,31.57,Low,0
DIA-04854,DFDC,video,Video Manipulation,1,1,0,0,1,0,Create Privileged Account,61.36,33.99,32.47,95,80.44,60.34,Medium,1
DIA-04855,DFDC,video,Talking Face,0,1,0,0,0,0,Access Internal Portal,0,33.85,10.34,35,1.55,12.71,Low,0
DIA-04856,ASVspoof2021-PA,audio,TTS,0,0,1,0,1,0,Approve Payment,17.64,67.13,36.07,80,15.84,37.74,Low,0
DIA-04857,Celeb-DF++,video,Face Reenactment,1,1,1,1,0,0,Change MFA,71.69,13.16,59.78,70,74.22,60.78,Medium,1
DIA-04858,ASVspoof2021-DF,audio,Replay,0,1,1,1,0,0,Access Internal Portal,25.15,14.03,61.91,35,28.06,32.89,Low,0
DIA-04859,DFDC,video,Video Manipulation,1,1,1,0,0,0,Transfer Funds,63.98,22.71,14.51,100,79.21,56.34,Medium,1
DIA-04860,Celeb-DF,video,Video Manipulation,1,0,1,0,0,0,Create Privileged Account,56.51,79.35,10.37,95,70.41,59.26,Medium,1
DIA-04861,Celeb-DF++,video,Video Manipulation,0,0,1,0,1,0,Access Internal Portal,15.3,67.93,34.78,35,26.86,32.36,Low,0
DIA-04862,ASVspoof2021-PA,audio,Audio Manipulation,1,1,0,0,0,1,Change MFA,90.42,35.21,45.51,70,77.85,67.58,Medium,1
DIA-04863,Celeb-DF,video,Talking Face,0,1,1,1,0,0,Approve Payment,22.54,13.97,51.44,80,19.93,35.13,Low,0
DIA-04864,ASVspoof2021-LA,audio,Replay,1,1,0,1,1,0,Access Internal Portal,78.18,32.85,71.39,35,73.16,62.54,Medium,1
DIA-04865,ASVspoof2021-DF,audio,Replay,1,0,1,0,0,1,Change MFA,59.63,69.77,58.78,70,84.54,67.52,Medium,1
DIA-04866,DFDC,video,Talking Face,1,1,1,0,0,0,Read Information,62.79,7.43,4.46,20,92.31,42.31,Low,1
DIA-04867,Celeb-DF,video,Talking Face,1,0,1,1,1,0,Read Information,59.99,87.02,84.07,20,76.16,66.1,Medium,1
DIA-04868,DFDC,video,Face Swap,0,1,1,1,0,0,Access Internal Portal,37.23,16.02,34.61,35,10.69,27.88,Low,0
DIA-04869,Celeb-DF++,video,Video Manipulation,1,1,1,0,1,0,Approve Payment,48.89,10.7,33.07,80,68.88,48.66,Low,1
DIA-04870,ASVspoof2021-DF,audio,TTS,0,1,0,1,0,0,Download Sensitive Data,27.1,45.65,47.63,75,18.28,39.41,Low,0
DIA-04871,Celeb-DF++,video,Face Reenactment,1,1,1,0,0,0,Reset Password,69.75,5.14,11.6,55,100,52.27,Medium,1
DIA-04872,Celeb-DF,video,Face Reenactment,0,1,1,0,0,0,Access Internal Portal,21.04,9.31,7.45,35,26.87,19.82,Low,0
DIA-04873,ASVspoof2021-DF,audio,Audio Manipulation,0,0,1,0,0,0,Create Privileged Account,0,73.39,19.7,95,22.53,33.7,Low,0
DIA-04874,ASVspoof2021-DF,audio,TTS,0,1,1,1,0,1,Approve Payment,5.75,16.08,83.3,80,3.81,33.56,Low,0
DIA-04875,Celeb-DF++,video,Face Reenactment,0,1,1,1,0,1,Create Privileged Account,29.29,23.39,77.79,95,29.19,47.94,Low,0
DIA-04876,ASVspoof2021-DF,audio,Voice Conversion,0,0,1,0,0,0,Transfer Funds,7.85,48.16,3.24,100,22.85,29.8,Low,0
DIA-04877,DFDC,video,Face Swap,0,0,1,0,1,0,Approve Payment,10.93,76.55,31.69,80,17.48,36.6,Low,0
DIA-04878,ASVspoof2021-DF,audio,TTS,1,0,0,0,0,0,Read Information,61.33,90.65,15.07,20,76.65,53.34,Medium,1
DIA-04879,Celeb-DF,video,Face Reenactment,1,0,1,1,0,1,Transfer Funds,64.42,60.64,91.34,100,91.85,80.06,High,1
DIA-04880,Celeb-DF,video,Video Manipulation,0,1,1,0,0,0,Access Internal Portal,4.52,1.21,1.58,35,7.03,8.51,Low,0
DIA-04881,DFDC,video,Face Reenactment,1,0,1,0,0,1,Approve Payment,71,65.55,39.4,80,90.66,69.14,Medium,1
DIA-04882,ASVspoof2021-DF,audio,Audio Manipulation,0,1,1,1,0,1,Access Internal Portal,7.03,27.72,77.54,35,10.33,29.09,Low,0
DIA-04883,ASVspoof2021-DF,audio,Replay,1,0,1,0,0,0,Create Privileged Account,60.44,77.75,8,95,73.24,60.29,Medium,1
DIA-04884,Celeb-DF,video,Video Manipulation,0,0,0,1,0,1,Create Privileged Account,20.66,100,91.73,95,13.52,56.5,Medium,0
DIA-04885,ASVspoof2021-LA,audio,Audio Manipulation,1,1,0,1,1,0,Create Privileged Account,70.74,39.09,76.2,95,100,76.58,High,1
DIA-04886,ASVspoof2021-LA,audio,Replay,0,1,1,0,0,0,Reset Password,44.26,15.85,13.85,55,12.57,29.19,Low,0
DIA-04887,DFDC,video,Talking Face,0,0,1,1,0,1,Approve Payment,17.2,57.37,90.23,80,25.22,48.86,Low,0
DIA-04888,ASVspoof2021-DF,audio,TTS,1,1,1,0,0,0,Access Internal Portal,70.47,2.36,5.89,35,92.18,46.36,Low,1
DIA-04889,Celeb-DF,video,Talking Face,1,1,1,1,0,0,Transfer Funds,73.43,13.83,41.03,100,83.7,64.05,Medium,1
DIA-04890,ASVspoof2021-PA,audio,TTS,1,0,0,0,0,0,Access Internal Portal,72.16,83.99,5.89,35,80.07,56.69,Medium,1
DIA-04891,DFDC,video,Talking Face,0,1,1,1,0,0,Create Privileged Account,20.65,8.14,55.75,95,5.93,34,Low,0
DIA-04892,Celeb-DF,video,Talking Face,1,1,0,0,0,0,Access Internal Portal,81.86,40.35,14.22,35,99.06,58.52,Medium,1
DIA-04893,Celeb-DF++,video,Video Manipulation,1,1,1,0,1,0,Reset Password,73.54,25.18,35.55,55,74.68,56.14,Medium,1
DIA-04894,Celeb-DF,video,Talking Face,0,1,1,1,0,0,Approve Payment,30.71,15.08,56.64,80,0,34.8,Low,0
DIA-04895,ASVspoof2021-DF,audio,Voice Conversion,0,1,0,0,1,0,Transfer Funds,2.44,29.12,36.02,100,15.38,30.38,Low,0
DIA-04896,Celeb-DF++,video,Face Reenactment,0,0,1,0,0,0,Approve Payment,19.06,55.43,7.68,80,4.61,28.49,Low,0
DIA-04897,DFDC,video,Talking Face,0,1,0,1,0,0,Reset Password,17.39,40.96,39.02,55,15.36,30.49,Low,0
DIA-04898,Celeb-DF++,video,Face Reenactment,0,0,0,0,0,0,Reset Password,8.52,89.97,18.9,55,2.04,28.49,Low,0
DIA-04899,ASVspoof2021-PA,audio,Voice Conversion,0,0,1,0,1,1,Approve Payment,16.11,70.93,69.33,80,10.8,43.5,Low,0
DIA-04900,ASVspoof2021-LA,audio,Voice Conversion,1,1,1,1,0,0,Change MFA,70.38,13.37,46.84,70,85.22,60.03,Medium,1
DIA-04901,Celeb-DF++,video,Talking Face,1,0,1,0,0,0,Access Internal Portal,71.02,69.44,9.28,35,87.2,56.27,Medium,1
DIA-04902,Celeb-DF,video,Face Swap,1,0,1,0,0,1,Approve Payment,81.8,79.61,55.49,80,99.5,79.48,High,1
DIA-04903,DFDC,video,Talking Face,1,1,1,0,1,0,Change MFA,76.28,23.43,41.95,70,86.08,62.5,Medium,1
DIA-04904,ASVspoof2021-LA,audio,Voice Conversion,0,1,1,0,0,0,Transfer Funds,21.22,17.95,7.48,100,18.27,29.21,Low,0
DIA-04905,ASVspoof2021-DF,audio,Voice Conversion,1,1,1,0,0,0,Read Information,66.61,7.84,13.29,20,81.49,43.11,Low,1
DIA-04906,ASVspoof2021-DF,audio,Voice Conversion,1,1,0,0,1,0,Approve Payment,62.43,35.59,43.59,80,90.92,62.97,Medium,1
DIA-04907,ASVspoof2021-LA,audio,TTS,1,1,0,0,1,0,Create Privileged Account,63.28,46.11,37.43,95,72.64,62.16,Medium,1
DIA-04908,DFDC,video,Talking Face,0,1,1,0,0,1,Create Privileged Account,14.42,25.41,45.85,95,11.67,33.89,Low,0
DIA-04909,ASVspoof2021-DF,audio,Replay,1,0,1,0,0,0,Approve Payment,61.29,59.81,0,80,82.31,55.82,Medium,1
DIA-04910,DFDC,video,Video Manipulation,1,0,1,1,0,1,Transfer Funds,79.89,82.22,93.72,100,78.82,85.81,High,1
DIA-04911,DFDC,video,Face Reenactment,1,0,1,0,1,1,Reset Password,87.94,63.76,62.8,55,100,76.76,High,1
DIA-04912,Celeb-DF++,video,Talking Face,1,0,0,0,0,0,Change MFA,64.35,100,0,70,85.95,61.99,Medium,1
DIA-04913,Celeb-DF,video,Talking Face,1,1,0,1,0,1,Transfer Funds,67.12,62.41,72.37,100,72.75,73.52,Medium,1
DIA-04914,ASVspoof2021-PA,audio,Replay,1,1,0,0,0,0,Read Information,76.66,27.28,4.01,20,89.84,48.86,Low,1
DIA-04915,Celeb-DF,video,Talking Face,1,1,1,1,1,1,Create Privileged Account,53.97,19.04,100,95,92.28,71.75,Medium,1
DIA-04916,ASVspoof2021-LA,audio,Audio Manipulation,1,1,0,1,0,0,Approve Payment,82.47,37.49,58.12,80,81.14,70.22,Medium,1
DIA-04917,ASVspoof2021-LA,audio,Audio Manipulation,1,1,0,0,0,0,Download Sensitive Data,50.24,43.58,12.39,75,91.81,53.7,Medium,1
DIA-04918,ASVspoof2021-DF,audio,TTS,0,0,1,0,1,0,Read Information,25.23,65.05,47.15,20,20.62,33.88,Low,0
DIA-04919,ASVspoof2021-PA,audio,Voice Conversion,1,1,1,0,1,0,Download Sensitive Data,60.76,0,32.18,75,84.01,52.72,Medium,1
DIA-04920,Celeb-DF++,video,Talking Face,0,1,1,0,1,0,Change MFA,21.53,8.97,33.38,70,28.17,30.61,Low,0
DIA-04921,Celeb-DF,video,Talking Face,0,1,1,0,0,0,Read Information,40.91,17.78,0,20,24.06,22.75,Low,0
DIA-04922,DFDC,video,Face Reenactment,0,1,1,0,0,1,Approve Payment,13.78,25.79,40.97,80,18.96,31.99,Low,0
DIA-04923,Celeb-DF,video,Face Swap,0,1,1,0,0,0,Create Privileged Account,6.99,18.24,0,95,14.58,22,Low,0
DIA-04924,ASVspoof2021-LA,audio,Replay,0,1,1,1,0,1,Download Sensitive Data,28.86,26.78,75.61,75,3.43,39.73,Low,0
DIA-04925,Celeb-DF++,video,Talking Face,0,0,0,0,0,0,Access Internal Portal,34.78,91.05,14.41,35,24.4,37.1,Low,0
DIA-04926,Celeb-DF,video,Face Swap,0,0,0,0,0,0,Reset Password,19.97,90.4,0,55,19.26,31.65,Low,0
DIA-04927,DFDC,video,Talking Face,1,1,0,0,0,0,Download Sensitive Data,66.49,42.74,0,75,80.2,53.65,Medium,1
DIA-04928,Celeb-DF++,video,Video Manipulation,1,1,0,0,0,1,Download Sensitive Data,72.86,37,32.7,75,62.27,57.65,Medium,1
DIA-04929,ASVspoof2021-DF,audio,Replay,1,1,1,1,0,1,Download Sensitive Data,64.95,23.98,90.43,75,88.84,70.19,Medium,1
DIA-04930,Celeb-DF,video,Video Manipulation,0,1,0,0,1,0,Access Internal Portal,19.97,28.76,46.47,35,9.25,26.7,Low,0
DIA-04931,ASVspoof2021-LA,audio,Voice Conversion,0,1,1,0,0,1,Create Privileged Account,18.68,21.9,44.48,95,6.53,33.34,Low,0
DIA-04932,ASVspoof2021-DF,audio,TTS,1,1,0,0,0,0,Read Information,80.55,49.66,16.6,20,76.14,53.16,Medium,1
DIA-04933,ASVspoof2021-LA,audio,Replay,0,1,0,0,0,0,Transfer Funds,26.78,42.92,1.85,100,1.06,30.05,Low,0
DIA-04934,Celeb-DF,video,Face Swap,1,1,1,1,0,0,Change MFA,56.44,22.3,58.61,70,85.27,59.55,Medium,1
DIA-04935,ASVspoof2021-DF,audio,TTS,1,1,1,0,0,0,Create Privileged Account,62.89,9.81,4.99,95,100,55.59,Medium,1
DIA-04936,DFDC,video,Face Swap,1,0,1,0,1,0,Read Information,71.81,63.35,39.67,20,79.73,57.93,Medium,1
DIA-04937,Celeb-DF,video,Video Manipulation,0,1,1,0,0,0,Approve Payment,7.2,17.82,9.81,80,21.19,23.03,Low,0
DIA-04938,ASVspoof2021-DF,audio,Audio Manipulation,0,1,1,0,1,0,Transfer Funds,6.13,9.22,21.57,100,12.69,25.07,Low,0
DIA-04939,ASVspoof2021-DF,audio,Voice Conversion,1,1,1,0,0,0,Transfer Funds,60.92,17.4,3.8,100,84.71,53.59,Medium,1
DIA-04940,DFDC,video,Talking Face,0,0,1,0,0,0,Change MFA,21.79,72.41,11.2,70,16.85,33.51,Low,0
DIA-04941,ASVspoof2021-LA,audio,Voice Conversion,1,1,1,0,1,0,Reset Password,77.41,14.46,22.05,55,93.39,56.73,Medium,1
DIA-04942,DFDC,video,Face Swap,1,1,0,0,0,0,Transfer Funds,68.55,42.26,12.08,100,73.26,58.97,Medium,1
DIA-04943,ASVspoof2021-DF,audio,Audio Manipulation,0,1,1,0,0,0,Approve Payment,45.09,20.08,0.09,80,24.17,33.39,Low,0
DIA-04944,ASVspoof2021-PA,audio,Audio Manipulation,0,0,0,1,0,0,Transfer Funds,15.56,94.2,53.78,100,26.1,49.77,Low,0
DIA-04945,Celeb-DF++,video,Face Reenactment,0,0,1,0,0,0,Access Internal Portal,26.14,66.19,0.48,35,24.85,28.09,Low,0
DIA-04946,ASVspoof2021-LA,audio,Voice Conversion,0,1,1,1,0,1,Change MFA,15.8,21.58,88.1,70,18.89,39.88,Low,0
DIA-04947,ASVspoof2021-DF,audio,Audio Manipulation,1,1,1,0,0,0,Reset Password,83.72,17.19,15.72,55,88.81,56.85,Medium,1
DIA-04948,ASVspoof2021-LA,audio,Voice Conversion,1,1,0,0,0,0,Change MFA,80.95,43.61,8.82,70,83.99,59.89,Medium,1
DIA-04949,ASVspoof2021-DF,audio,Voice Conversion,1,1,1,0,0,1,Create Privileged Account,78.83,19.66,44.44,95,83.53,66.44,Medium,1
DIA-04950,ASVspoof2021-DF,audio,Voice Conversion,0,1,1,0,0,1,Transfer Funds,3.9,16.19,55.4,100,0,29.68,Low,0
DIA-04951,DFDC,video,Face Reenactment,0,1,1,1,0,0,Download Sensitive Data,30.72,12.25,44.52,75,24.21,36.05,Low,0
DIA-04952,ASVspoof2021-LA,audio,Replay,1,1,1,0,0,1,Read Information,61.99,10.07,41.26,20,94.78,50.32,Medium,1
DIA-04953,DFDC,video,Face Swap,1,0,1,0,0,0,Change MFA,70.99,69.29,14.48,70,87.39,62.56,Medium,1
DIA-04954,ASVspoof2021-PA,audio,Voice Conversion,1,1,1,0,0,0,Change MFA,50,18.85,12.96,70,79.65,46.85,Low,1
DIA-04955,DFDC,video,Face Reenactment,1,1,1,1,0,0,Approve Payment,73.97,19.23,48.3,80,90.88,64.91,Medium,1
DIA-04956,DFDC,video,Face Reenactment,1,0,0,1,0,0,Reset Password,67.11,96.15,41.49,55,64.71,64.05,Medium,1
DIA-04957,ASVspoof2021-LA,audio,Voice Conversion,0,0,1,0,0,1,Download Sensitive Data,14.44,72.82,51.82,75,11.05,39.08,Low,0
DIA-04958,Celeb-DF,video,Face Reenactment,0,1,1,1,0,0,Create Privileged Account,29.52,6.16,41.33,95,18.72,36.04,Low,0
DIA-04959,Celeb-DF,video,Face Reenactment,1,1,1,0,0,0,Download Sensitive Data,65.44,11.28,25.95,75,68,51.36,Medium,1
DIA-04960,ASVspoof2021-DF,audio,Audio Manipulation,0,1,0,0,0,0,Create Privileged Account,15.75,45.37,1.63,95,17.38,29.58,Low,0
DIA-04961,DFDC,video,Talking Face,1,0,1,0,1,0,Reset Password,74.11,63.33,27.26,55,68.87,59.21,Medium,1
DIA-04962,DFDC,video,Talking Face,0,1,1,0,1,0,Download Sensitive Data,38.94,16.13,37.39,75,27.96,38.42,Low,0
DIA-04963,Celeb-DF++,video,Face Reenactment,0,0,1,0,0,0,Change MFA,21.03,70.41,13.84,70,19.29,34,Low,0
DIA-04964,Celeb-DF,video,Video Manipulation,0,1,0,0,0,1,Change MFA,3.13,39.09,38.18,70,11.07,27.15,Low,0
DIA-04965,DFDC,video,Face Swap,1,1,1,1,1,0,Change MFA,53.86,20.43,86.85,70,87.32,64.56,Medium,1
DIA-04966,DFDC,video,Talking Face,1,1,0,0,0,0,Download Sensitive Data,66.76,41.82,12.31,75,85.01,57.02,Medium,1
DIA-04967,Celeb-DF,video,Face Swap,0,1,0,0,0,0,Download Sensitive Data,29.29,30.42,8.26,75,23.6,30.97,Low,0
DIA-04968,Celeb-DF,video,Video Manipulation,0,1,1,0,0,0,Download Sensitive Data,19.48,19.13,12.7,75,19.42,26.39,Low,0
DIA-04969,DFDC,video,Face Reenactment,0,0,1,0,0,0,Transfer Funds,23.63,65.94,18.47,100,10.17,37.71,Low,0
DIA-04970,ASVspoof2021-DF,audio,Voice Conversion,0,1,1,0,0,0,Approve Payment,17.35,4.09,21.26,80,30.45,28.16,Low,0
DIA-04971,ASVspoof2021-DF,audio,TTS,1,0,1,0,1,0,Download Sensitive Data,76.58,75.94,36.35,75,97.36,72.36,Medium,1
DIA-04972,DFDC,video,Video Manipulation,0,1,1,0,0,0,Transfer Funds,24.78,5.51,1.08,100,22.05,27.89,Low,0
DIA-04973,Celeb-DF,video,Face Reenactment,0,1,1,0,1,1,Access Internal Portal,11.78,12.16,61.19,35,16.3,26.11,Low,0
DIA-04974,ASVspoof2021-LA,audio,Voice Conversion,0,1,1,0,0,0,Access Internal Portal,22.93,17.35,0.1,35,24.48,19.65,Low,0
DIA-04975,ASVspoof2021-DF,audio,Audio Manipulation,1,1,1,0,1,0,Read Information,49.03,14.41,30.5,20,90.6,44.09,Low,1
DIA-04976,Celeb-DF++,video,Face Swap,1,1,1,0,1,0,Access Internal Portal,70.93,10.01,35.26,35,100,55.08,Medium,1
DIA-04977,Celeb-DF++,video,Face Reenactment,1,0,1,0,0,1,Read Information,67.89,62.05,46.5,20,79.1,57.79,Medium,1
DIA-04978,DFDC,video,Face Swap,1,1,1,0,0,1,Access Internal Portal,72.77,8.92,52.89,35,94.6,57.92,Medium,1
DIA-04979,ASVspoof2021-LA,audio,TTS,1,1,1,0,0,0,Approve Payment,69.56,6.38,0,80,83.61,50.55,Medium,1
DIA-04980,ASVspoof2021-PA,audio,TTS,0,1,1,0,0,0,Approve Payment,21.1,13.99,9.92,80,2.79,22.97,Low,0
DIA-04981,ASVspoof2021-PA,audio,TTS,1,1,0,1,0,0,Approve Payment,86.59,35.64,53.23,80,96.19,73.21,Medium,1
DIA-04982,DFDC,video,Video Manipulation,1,1,1,0,0,0,Transfer Funds,66.37,3.97,0,100,96.8,54.87,Medium,1
DIA-04983,Celeb-DF,video,Face Reenactment,0,1,1,0,1,0,Create Privileged Account,20.08,12.69,38.17,95,25.78,34.97,Low,0
DIA-04984,DFDC,video,Video Manipulation,1,1,0,0,0,0,Reset Password,80.63,34.85,29.11,55,85.64,60.62,Medium,1
DIA-04985,Celeb-DF,video,Face Reenactment,1,0,1,0,0,0,Access Internal Portal,86.86,72.14,15.41,35,92.2,63.65,Medium,1
DIA-04986,Celeb-DF,video,Video Manipulation,1,1,1,1,0,0,Change MFA,70.81,17.9,52.16,70,90.99,63.06,Medium,1
DIA-04987,ASVspoof2021-DF,audio,TTS,0,1,1,0,0,0,Transfer Funds,12.37,25.74,8.08,100,20.25,28.24,Low,0
DIA-04988,DFDC,video,Face Swap,0,1,1,0,1,1,Transfer Funds,17.91,20.18,71.63,100,27.55,43.24,Low,0
DIA-04989,ASVspoof2021-PA,audio,TTS,1,1,0,0,0,1,Access Internal Portal,75.96,31.29,55.76,35,94.48,62.78,Medium,1
DIA-04990,DFDC,video,Video Manipulation,0,0,0,1,0,0,Access Internal Portal,20.76,77.62,47.57,35,11.98,35.03,Low,0
DIA-04991,DFDC,video,Talking Face,0,0,1,1,1,0,Approve Payment,3.76,57.85,83.36,80,13.18,41.11,Low,0
DIA-04992,ASVspoof2021-LA,audio,Replay,0,0,1,0,0,0,Transfer Funds,30.35,65.98,13.25,100,15.05,39.66,Low,0
DIA-04993,ASVspoof2021-DF,audio,Audio Manipulation,0,0,0,0,1,0,Transfer Funds,26.97,82.14,46.39,100,20.19,48.73,Low,0
DIA-04994,Celeb-DF,video,Face Reenactment,1,1,1,0,0,0,Transfer Funds,78.61,10.07,17.62,100,69.83,57.58,Medium,1
DIA-04995,ASVspoof2021-DF,audio,Replay,1,1,0,0,0,0,Reset Password,80.79,40.26,11.33,55,100,60.79,Medium,1
DIA-04996,DFDC,video,Talking Face,1,1,0,0,0,1,Create Privileged Account,73.1,35.49,45.88,95,78.26,66.33,Medium,1
DIA-04997,DFDC,video,Talking Face,0,0,1,0,0,0,Approve Payment,20.87,72.23,7.81,80,12.6,33.18,Low,0
DIA-04998,Celeb-DF++,video,Talking Face,0,0,1,0,0,0,Reset Password,29.07,65.13,16.84,55,20.01,34.11,Low,0
DIA-04999,Celeb-DF,video,Face Reenactment,0,1,1,0,1,0,Read Information,4.63,8.9,30.87,20,0.76,12.05,Low,0
DIA-05000,ASVspoof2021-DF,audio,TTS,0,1,1,0,1,1,Approve Payment,19.12,28.66,70.8,80,13.76,38.95,Low,0
